from_node_id,to_node_id,dist_km
1,1,0
2,1,48
3,1,201
4,1,227
5,1,242
6,1,259
7,1,293
8,1,287
9,1,322
10,1,248
11,1,258
12,1,322
13,1,340
14,1,359
15,1,362
16,1,378
17,1,404
18,1,365
19,1,333
20,1,355
21,1,445
22,1,739
23,1,383
24,1,445
25,1,534
26,1,714
27,1,838
28,1,869
29,1,882
31,1,919
32,1,907
33,1,947
34,1,885
35,1,880
36,1,890
37,1,949
38,1,847
39,1,1074
40,1,300
41,1,390
42,1,456
43,1,501
44,1,556
45,1,579
46,1,596
47,1,645
48,1,679
49,1,311
50,1,365
51,1,421
52,1,479
53,1,491
54,1,520
55,1,544
56,1,555
57,1,564
58,1,579
59,1,594
60,1,615
61,1,630
62,1,639
63,1,648
64,1,656
65,1,689
66,1,730
67,1,763
68,1,810
69,1,963
70,1,1010
71,1,121
72,1,96
73,1,81
74,1,78
75,1,26
76,1,9
1,2,48
2,2,0
3,2,153
4,2,179
5,2,194
6,2,211
7,2,245
8,2,239
9,2,274
10,2,200
11,2,210
12,2,274
13,2,292
14,2,311
15,2,314
16,2,330
17,2,356
18,2,317
19,2,285
20,2,307
21,2,397
22,2,691
23,2,335
24,2,397
25,2,486
26,2,666
27,2,790
28,2,821
29,2,834
31,2,871
32,2,859
33,2,899
34,2,837
35,2,832
36,2,842
37,2,901
38,2,799
39,2,1026
40,2,252
41,2,342
42,2,408
43,2,453
44,2,508
45,2,531
46,2,548
47,2,597
48,2,631
49,2,263
50,2,317
51,2,373
52,2,431
53,2,443
54,2,472
55,2,496
56,2,507
57,2,516
58,2,531
59,2,546
60,2,567
61,2,582
62,2,591
63,2,600
64,2,608
65,2,641
66,2,682
67,2,715
68,2,762
69,2,915
70,2,962
71,2,73
72,2,48
73,2,33
74,2,30
75,2,22
76,2,39
1,3,201
2,3,153
3,3,0
4,3,26
5,3,41
6,3,58
7,3,92
8,3,86
9,3,121
10,3,47
11,3,57
12,3,121
13,3,139
14,3,158
15,3,161
16,3,177
17,3,203
18,3,164
19,3,132
20,3,154
21,3,244
22,3,538
23,3,182
24,3,244
25,3,333
26,3,513
27,3,637
28,3,668
29,3,681
31,3,718
32,3,706
33,3,746
34,3,684
35,3,679
36,3,689
37,3,748
38,3,646
39,3,873
40,3,99
41,3,189
42,3,255
43,3,300
44,3,355
45,3,378
46,3,395
47,3,444
48,3,478
49,3,110
50,3,164
51,3,220
52,3,278
53,3,290
54,3,319
55,3,343
56,3,354
57,3,363
58,3,378
59,3,393
60,3,414
61,3,429
62,3,438
63,3,447
64,3,455
65,3,488
66,3,529
67,3,562
68,3,609
69,3,762
70,3,809
71,3,80
72,3,105
73,3,120
74,3,123
75,3,175
76,3,192
1,4,227
2,4,179
3,4,26
4,4,0
5,4,15
6,4,32
7,4,66
8,4,60
9,4,95
10,4,21
11,4,44
12,4,108
13,4,126
14,4,145
15,4,148
16,4,164
17,4,190
18,4,151
19,4,106
20,4,128
21,4,218
22,4,512
23,4,156
24,4,218
25,4,307
26,4,487
27,4,611
28,4,642
29,4,655
31,4,692
32,4,680
33,4,720
34,4,658
35,4,653
36,4,663
37,4,722
38,4,620
39,4,847
40,4,86
41,4,176
42,4,242
43,4,274
44,4,329
45,4,352
46,4,369
47,4,418
48,4,452
49,4,84
50,4,138
51,4,194
52,4,252
53,4,264
54,4,293
55,4,317
56,4,328
57,4,337
58,4,352
59,4,367
60,4,388
61,4,403
62,4,412
63,4,421
64,4,429
65,4,462
66,4,503
67,4,536
68,4,583
69,4,736
70,4,783
71,4,106
72,4,131
73,4,146
74,4,149
75,4,201
76,4,218
1,5,242
2,5,194
3,5,41
4,5,15
5,5,0
6,5,17
7,5,51
8,5,45
9,5,80
10,5,36
11,5,59
12,5,123
13,5,141
14,5,160
15,5,163
16,5,179
17,5,205
18,5,166
19,5,91
20,5,113
21,5,203
22,5,497
23,5,141
24,5,203
25,5,292
26,5,472
27,5,596
28,5,627
29,5,640
31,5,677
32,5,665
33,5,705
34,5,643
35,5,638
36,5,648
37,5,707
38,5,605
39,5,832
40,5,101
41,5,191
42,5,257
43,5,259
44,5,314
45,5,337
46,5,354
47,5,403
48,5,437
49,5,69
50,5,123
51,5,179
52,5,237
53,5,249
54,5,278
55,5,302
56,5,313
57,5,322
58,5,337
59,5,352
60,5,373
61,5,388
62,5,397
63,5,406
64,5,414
65,5,447
66,5,488
67,5,521
68,5,568
69,5,721
70,5,768
71,5,121
72,5,146
73,5,161
74,5,164
75,5,216
76,5,233
1,6,259
2,6,211
3,6,58
4,6,32
5,6,17
6,6,0
7,6,34
8,6,28
9,6,63
10,6,31
11,6,54
12,6,118
13,6,136
14,6,155
15,6,158
16,6,174
17,6,200
18,6,161
19,6,74
20,6,96
21,6,186
22,6,480
23,6,124
24,6,186
25,6,275
26,6,455
27,6,579
28,6,610
29,6,623
31,6,660
32,6,648
33,6,688
34,6,626
35,6,621
36,6,631
37,6,690
38,6,588
39,6,815
40,6,96
41,6,186
42,6,252
43,6,242
44,6,297
45,6,320
46,6,337
47,6,386
48,6,420
49,6,52
50,6,106
51,6,162
52,6,220
53,6,232
54,6,261
55,6,285
56,6,296
57,6,305
58,6,320
59,6,335
60,6,356
61,6,371
62,6,380
63,6,389
64,6,397
65,6,430
66,6,471
67,6,504
68,6,551
69,6,704
70,6,751
71,6,138
72,6,163
73,6,178
74,6,181
75,6,233
76,6,250
1,7,293
2,7,245
3,7,92
4,7,66
5,7,51
6,7,34
7,7,0
8,7,62
9,7,97
10,7,65
11,7,88
12,7,152
13,7,170
14,7,189
15,7,192
16,7,208
17,7,234
18,7,195
19,7,108
20,7,130
21,7,220
22,7,514
23,7,158
24,7,220
25,7,309
26,7,489
27,7,613
28,7,644
29,7,657
31,7,694
32,7,682
33,7,722
34,7,660
35,7,655
36,7,665
37,7,724
38,7,622
39,7,849
40,7,130
41,7,220
42,7,286
43,7,276
44,7,331
45,7,354
46,7,371
47,7,420
48,7,454
49,7,86
50,7,140
51,7,196
52,7,254
53,7,266
54,7,295
55,7,319
56,7,330
57,7,339
58,7,354
59,7,369
60,7,390
61,7,405
62,7,414
63,7,423
64,7,431
65,7,464
66,7,505
67,7,538
68,7,585
69,7,738
70,7,785
71,7,172
72,7,197
73,7,212
74,7,215
75,7,267
76,7,284
1,8,287
2,8,239
3,8,86
4,8,60
5,8,45
6,8,28
7,8,62
8,8,0
9,8,35
10,8,59
11,8,82
12,8,146
13,8,164
14,8,183
15,8,186
16,8,199
17,8,201
18,8,162
19,8,58
20,8,80
21,8,170
22,8,464
23,8,108
24,8,170
25,8,259
26,8,439
27,8,563
28,8,594
29,8,607
31,8,644
32,8,632
33,8,672
34,8,610
35,8,605
36,8,615
37,8,674
38,8,572
39,8,799
40,8,124
41,8,187
42,8,236
43,8,226
44,8,281
45,8,304
46,8,321
47,8,370
48,8,404
49,8,80
50,8,90
51,8,146
52,8,204
53,8,216
54,8,245
55,8,269
56,8,280
57,8,289
58,8,304
59,8,319
60,8,340
61,8,355
62,8,364
63,8,373
64,8,381
65,8,414
66,8,455
67,8,488
68,8,535
69,8,688
70,8,735
71,8,166
72,8,191
73,8,206
74,8,209
75,8,261
76,8,278
1,9,322
2,9,274
3,9,121
4,9,95
5,9,80
6,9,63
7,9,97
8,9,35
9,9,0
10,9,94
11,9,117
12,9,170
13,9,152
14,9,171
15,9,174
16,9,164
17,9,166
18,9,127
19,9,23
20,9,45
21,9,135
22,9,429
23,9,73
24,9,135
25,9,224
26,9,404
27,9,528
28,9,559
29,9,572
31,9,609
32,9,597
33,9,637
34,9,575
35,9,570
36,9,580
37,9,639
38,9,537
39,9,764
40,9,159
41,9,152
42,9,201
43,9,191
44,9,246
45,9,269
46,9,286
47,9,335
48,9,369
49,9,45
50,9,55
51,9,111
52,9,169
53,9,181
54,9,210
55,9,234
56,9,245
57,9,254
58,9,269
59,9,284
60,9,305
61,9,320
62,9,329
63,9,338
64,9,346
65,9,379
66,9,420
67,9,453
68,9,500
69,9,653
70,9,700
71,9,201
72,9,226
73,9,241
74,9,244
75,9,296
76,9,313
1,10,248
2,10,200
3,10,47
4,10,21
5,10,36
6,10,31
7,10,65
8,10,59
9,10,94
10,10,0
11,10,23
12,10,87
13,10,105
14,10,124
15,10,127
16,10,143
17,10,169
18,10,130
19,10,105
20,10,127
21,10,217
22,10,511
23,10,155
24,10,217
25,10,306
26,10,486
27,10,610
28,10,641
29,10,654
31,10,691
32,10,679
33,10,719
34,10,657
35,10,652
36,10,662
37,10,721
38,10,619
39,10,846
40,10,65
41,10,155
42,10,221
43,10,273
44,10,328
45,10,351
46,10,368
47,10,417
48,10,451
49,10,83
50,10,137
51,10,193
52,10,251
53,10,263
54,10,292
55,10,316
56,10,327
57,10,336
58,10,351
59,10,366
60,10,387
61,10,402
62,10,411
63,10,420
64,10,428
65,10,461
66,10,502
67,10,535
68,10,582
69,10,735
70,10,782
71,10,127
72,10,152
73,10,167
74,10,170
75,10,222
76,10,239
1,11,258
2,11,210
3,11,57
4,11,44
5,11,59
6,11,54
7,11,88
8,11,82
9,11,117
10,11,23
11,11,0
12,11,64
13,11,82
14,11,101
15,11,104
16,11,120
17,11,146
18,11,107
19,11,128
20,11,150
21,11,240
22,11,534
23,11,178
24,11,240
25,11,329
26,11,509
27,11,633
28,11,664
29,11,677
31,11,714
32,11,702
33,11,742
34,11,680
35,11,675
36,11,685
37,11,744
38,11,642
39,11,869
40,11,42
41,11,132
42,11,198
43,11,296
44,11,351
45,11,374
46,11,391
47,11,440
48,11,474
49,11,106
50,11,160
51,11,216
52,11,274
53,11,286
54,11,315
55,11,339
56,11,350
57,11,359
58,11,374
59,11,389
60,11,410
61,11,425
62,11,434
63,11,443
64,11,451
65,11,484
66,11,525
67,11,558
68,11,605
69,11,758
70,11,805
71,11,137
72,11,162
73,11,177
74,11,180
75,11,232
76,11,249
1,12,322
2,12,274
3,12,121
4,12,108
5,12,123
6,12,118
7,12,152
8,12,146
9,12,170
10,12,87
11,12,64
12,12,0
13,12,18
14,12,37
15,12,40
16,12,56
17,12,82
18,12,43
19,12,147
20,12,125
21,12,200
22,12,494
23,12,197
24,12,259
25,12,348
26,12,528
27,12,593
28,12,624
29,12,637
31,12,674
32,12,662
33,12,702
34,12,640
35,12,635
36,12,645
37,12,704
38,12,602
39,12,829
40,12,22
41,12,68
42,12,134
43,12,256
44,12,311
45,12,334
46,12,351
47,12,400
48,12,434
49,12,169
50,12,179
51,12,235
52,12,293
53,12,305
54,12,334
55,12,358
56,12,369
57,12,378
58,12,393
59,12,408
60,12,429
61,12,444
62,12,453
63,12,462
64,12,470
65,12,503
66,12,517
67,12,518
68,12,565
69,12,718
70,12,765
71,12,201
72,12,226
73,12,241
74,12,244
75,12,296
76,12,313
1,13,340
2,13,292
3,13,139
4,13,126
5,13,141
6,13,136
7,13,170
8,13,164
9,13,152
10,13,105
11,13,82
12,13,18
13,13,0
14,13,19
15,13,22
16,13,38
17,13,64
18,13,25
19,13,129
20,13,107
21,13,182
22,13,476
23,13,179
24,13,241
25,13,330
26,13,510
27,13,575
28,13,606
29,13,619
31,13,656
32,13,644
33,13,684
34,13,622
35,13,617
36,13,627
37,13,686
38,13,584
39,13,811
40,13,40
41,13,50
42,13,116
43,13,238
44,13,293
45,13,316
46,13,333
47,13,382
48,13,416
49,13,151
50,13,161
51,13,217
52,13,275
53,13,287
54,13,316
55,13,340
56,13,351
57,13,360
58,13,375
59,13,390
60,13,411
61,13,426
62,13,435
63,13,444
64,13,452
65,13,485
66,13,499
67,13,500
68,13,547
69,13,700
70,13,747
71,13,219
72,13,244
73,13,259
74,13,262
75,13,314
76,13,331
1,14,359
2,14,311
3,14,158
4,14,145
5,14,160
6,14,155
7,14,189
8,14,183
9,14,171
10,14,124
11,14,101
12,14,37
13,14,19
14,14,0
15,14,3
16,14,19
17,14,73
18,14,44
19,14,148
20,14,126
21,14,191
22,14,485
23,14,198
24,14,260
25,14,349
26,14,524
27,14,584
28,14,615
29,14,628
31,14,665
32,14,653
33,14,693
34,14,631
35,14,626
36,14,636
37,14,695
38,14,593
39,14,820
40,14,59
41,14,31
42,14,125
43,14,247
44,14,302
45,14,325
46,14,342
47,14,391
48,14,425
49,14,170
50,14,180
51,14,236
52,14,294
53,14,306
54,14,335
55,14,359
56,14,370
57,14,379
58,14,394
59,14,409
60,14,430
61,14,445
62,14,454
63,14,463
64,14,471
65,14,504
66,14,508
67,14,509
68,14,556
69,14,709
70,14,756
71,14,238
72,14,263
73,14,278
74,14,281
75,14,333
76,14,350
1,15,362
2,15,314
3,15,161
4,15,148
5,15,163
6,15,158
7,15,192
8,15,186
9,15,174
10,15,127
11,15,104
12,15,40
13,15,22
14,15,3
15,15,0
16,15,16
17,15,70
18,15,47
19,15,151
20,15,129
21,15,188
22,15,482
23,15,201
24,15,263
25,15,352
26,15,521
27,15,581
28,15,612
29,15,625
31,15,662
32,15,650
33,15,690
34,15,628
35,15,623
36,15,633
37,15,692
38,15,590
39,15,817
40,15,62
41,15,28
42,15,122
43,15,244
44,15,299
45,15,322
46,15,339
47,15,388
48,15,422
49,15,173
50,15,183
51,15,239
52,15,297
53,15,309
54,15,338
55,15,362
56,15,373
57,15,382
58,15,397
59,15,412
60,15,433
61,15,448
62,15,457
63,15,466
64,15,474
65,15,507
66,15,505
67,15,506
68,15,553
69,15,706
70,15,753
71,15,241
72,15,266
73,15,281
74,15,284
75,15,336
76,15,353
1,16,378
2,16,330
3,16,177
4,16,164
5,16,179
6,16,174
7,16,208
8,16,199
9,16,164
10,16,143
11,16,120
12,16,56
13,16,38
14,16,19
15,16,16
16,16,0
17,16,54
18,16,37
19,16,141
20,16,119
21,16,172
22,16,466
23,16,191
24,16,253
25,16,342
26,16,505
27,16,565
28,16,596
29,16,609
31,16,646
32,16,634
33,16,674
34,16,612
35,16,607
36,16,617
37,16,676
38,16,574
39,16,801
40,16,78
41,16,12
42,16,106
43,16,228
44,16,283
45,16,306
46,16,323
47,16,372
48,16,406
49,16,163
50,16,173
51,16,229
52,16,287
53,16,299
54,16,328
55,16,352
56,16,363
57,16,372
58,16,387
59,16,402
60,16,423
61,16,438
62,16,447
63,16,456
64,16,464
65,16,497
66,16,489
67,16,490
68,16,537
69,16,690
70,16,737
71,16,257
72,16,282
73,16,297
74,16,300
75,16,352
76,16,369
1,17,404
2,17,356
3,17,203
4,17,190
5,17,205
6,17,200
7,17,234
8,17,201
9,17,166
10,17,169
11,17,146
12,17,82
13,17,64
14,17,73
15,17,70
16,17,54
17,17,0
18,17,39
19,17,143
20,17,121
21,17,118
22,17,412
23,17,193
24,17,255
25,17,344
26,17,451
27,17,511
28,17,542
29,17,555
31,17,592
32,17,580
33,17,620
34,17,558
35,17,553
36,17,563
37,17,622
38,17,520
39,17,747
40,17,104
41,17,42
42,17,52
43,17,174
44,17,229
45,17,252
46,17,269
47,17,318
48,17,352
49,17,165
50,17,175
51,17,231
52,17,289
53,17,301
54,17,330
55,17,354
56,17,365
57,17,374
58,17,389
59,17,404
60,17,425
61,17,440
62,17,449
63,17,458
64,17,466
65,17,476
66,17,435
67,17,436
68,17,483
69,17,636
70,17,683
71,17,283
72,17,308
73,17,323
74,17,326
75,17,378
76,17,395
1,18,365
2,18,317
3,18,164
4,18,151
5,18,166
6,18,161
7,18,195
8,18,162
9,18,127
10,18,130
11,18,107
12,18,43
13,18,25
14,18,44
15,18,47
16,18,37
17,18,39
18,18,0
19,18,104
20,18,82
21,18,157
22,18,451
23,18,154
24,18,216
25,18,305
26,18,485
27,18,550
28,18,581
29,18,594
31,18,631
32,18,619
33,18,659
34,18,597
35,18,592
36,18,602
37,18,661
38,18,559
39,18,786
40,18,65
41,18,25
42,18,91
43,18,213
44,18,268
45,18,291
46,18,308
47,18,357
48,18,391
49,18,126
50,18,136
51,18,192
52,18,250
53,18,262
54,18,291
55,18,315
56,18,326
57,18,335
58,18,350
59,18,365
60,18,386
61,18,401
62,18,410
63,18,419
64,18,427
65,18,460
66,18,474
67,18,475
68,18,522
69,18,675
70,18,722
71,18,244
72,18,269
73,18,284
74,18,287
75,18,339
76,18,356
1,19,333
2,19,285
3,19,132
4,19,106
5,19,91
6,19,74
7,19,108
8,19,58
9,19,23
10,19,105
11,19,128
12,19,147
13,19,129
14,19,148
15,19,151
16,19,141
17,19,143
18,19,104
19,19,0
20,19,22
21,19,112
22,19,406
23,19,50
24,19,112
25,19,201
26,19,381
27,19,505
28,19,536
29,19,549
31,19,586
32,19,574
33,19,614
34,19,552
35,19,547
36,19,557
37,19,616
38,19,514
39,19,741
40,19,169
41,19,129
42,19,178
43,19,168
44,19,223
45,19,246
46,19,263
47,19,312
48,19,346
49,19,22
50,19,32
51,19,88
52,19,146
53,19,158
54,19,187
55,19,211
56,19,222
57,19,231
58,19,246
59,19,261
60,19,282
61,19,297
62,19,306
63,19,315
64,19,323
65,19,356
66,19,397
67,19,430
68,19,477
69,19,630
70,19,677
71,19,212
72,19,237
73,19,252
74,19,255
75,19,307
76,19,324
1,20,355
2,20,307
3,20,154
4,20,128
5,20,113
6,20,96
7,20,130
8,20,80
9,20,45
10,20,127
11,20,150
12,20,125
13,20,107
14,20,126
15,20,129
16,20,119
17,20,121
18,20,82
19,20,22
20,20,0
21,20,90
22,20,384
23,20,72
24,20,134
25,20,223
26,20,403
27,20,483
28,20,514
29,20,527
31,20,564
32,20,552
33,20,592
34,20,530
35,20,525
36,20,535
37,20,594
38,20,492
39,20,719
40,20,147
41,20,107
42,20,156
43,20,146
44,20,201
45,20,224
46,20,241
47,20,290
48,20,324
49,20,44
50,20,54
51,20,110
52,20,168
53,20,180
54,20,209
55,20,233
56,20,244
57,20,253
58,20,268
59,20,283
60,20,304
61,20,319
62,20,328
63,20,337
64,20,345
65,20,378
66,20,407
67,20,408
68,20,455
69,20,608
70,20,655
71,20,234
72,20,259
73,20,274
74,20,277
75,20,329
76,20,346
1,21,445
2,21,397
3,21,244
4,21,218
5,21,203
6,21,186
7,21,220
8,21,170
9,21,135
10,21,217
11,21,240
12,21,200
13,21,182
14,21,191
15,21,188
16,21,172
17,21,118
18,21,157
19,21,112
20,21,90
21,21,0
22,21,294
23,21,162
24,21,224
25,21,313
26,21,333
27,21,393
28,21,424
29,21,437
31,21,474
32,21,462
33,21,502
34,21,440
35,21,435
36,21,445
37,21,504
38,21,402
39,21,629
40,21,222
41,21,160
42,21,66
43,21,56
44,21,111
45,21,134
46,21,151
47,21,200
48,21,234
49,21,134
50,21,144
51,21,200
52,21,258
53,21,270
54,21,299
55,21,323
56,21,334
57,21,343
58,21,358
59,21,373
60,21,394
61,21,409
62,21,408
63,21,399
64,21,391
65,21,358
66,21,317
67,21,318
68,21,365
69,21,518
70,21,565
71,21,324
72,21,349
73,21,364
74,21,367
75,21,419
76,21,436
1,22,739
2,22,691
3,22,538
4,22,512
5,22,497
6,22,480
7,22,514
8,22,464
9,22,429
10,22,511
11,22,534
12,22,494
13,22,476
14,22,485
15,22,482
16,22,466
17,22,412
18,22,451
19,22,406
20,22,384
21,22,294
22,22,0
23,22,370
24,22,308
25,22,219
26,22,39
27,22,99
28,22,130
29,22,143
31,22,180
32,22,168
33,22,208
34,22,146
35,22,141
36,22,151
37,22,210
38,22,108
39,22,335
40,22,516
41,22,454
42,22,360
43,22,238
44,22,183
45,22,160
46,22,143
47,22,94
48,22,60
49,22,428
50,22,388
51,22,332
52,22,274
53,22,262
54,22,233
55,22,209
56,22,198
57,22,189
58,22,174
59,22,159
60,22,138
61,22,123
62,22,114
63,22,105
64,22,97
65,22,64
66,22,23
67,22,24
68,22,71
69,22,224
70,22,271
71,22,618
72,22,643
73,22,658
74,22,661
75,22,713
76,22,730
1,23,383
2,23,335
3,23,182
4,23,156
5,23,141
6,23,124
7,23,158
8,23,108
9,23,73
10,23,155
11,23,178
12,23,197
13,23,179
14,23,198
15,23,201
16,23,191
17,23,193
18,23,154
19,23,50
20,23,72
21,23,162
22,23,370
23,23,0
24,23,62
25,23,151
26,23,331
27,23,469
28,23,500
29,23,513
31,23,550
32,23,538
33,23,578
34,23,516
35,23,511
36,23,521
37,23,580
38,23,478
39,23,705
40,23,219
41,23,179
42,23,228
43,23,218
44,23,273
45,23,296
46,23,313
47,23,362
48,23,396
49,23,72
50,23,18
51,23,38
52,23,96
53,23,108
54,23,137
55,23,161
56,23,172
57,23,181
58,23,196
59,23,211
60,23,232
61,23,247
62,23,256
63,23,265
64,23,273
65,23,306
66,23,347
67,23,394
68,23,441
69,23,594
70,23,641
71,23,262
72,23,287
73,23,302
74,23,305
75,23,357
76,23,374
1,24,445
2,24,397
3,24,244
4,24,218
5,24,203
6,24,186
7,24,220
8,24,170
9,24,135
10,24,217
11,24,240
12,24,259
13,24,241
14,24,260
15,24,263
16,24,253
17,24,255
18,24,216
19,24,112
20,24,134
21,24,224
22,24,308
23,24,62
24,24,0
25,24,89
26,24,269
27,24,407
28,24,438
29,24,451
31,24,488
32,24,476
33,24,516
34,24,454
35,24,449
36,24,459
37,24,518
38,24,416
39,24,643
40,24,281
41,24,241
42,24,290
43,24,280
44,24,335
45,24,358
46,24,375
47,24,402
48,24,368
49,24,134
50,24,80
51,24,24
52,24,34
53,24,46
54,24,75
55,24,99
56,24,110
57,24,119
58,24,134
59,24,149
60,24,170
61,24,185
62,24,194
63,24,203
64,24,211
65,24,244
66,24,285
67,24,332
68,24,379
69,24,532
70,24,579
71,24,324
72,24,349
73,24,364
74,24,367
75,24,419
76,24,436
1,25,534
2,25,486
3,25,333
4,25,307
5,25,292
6,25,275
7,25,309
8,25,259
9,25,224
10,25,306
11,25,329
12,25,348
13,25,330
14,25,349
15,25,352
16,25,342
17,25,344
18,25,305
19,25,201
20,25,223
21,25,313
22,25,219
23,25,151
24,25,89
25,25,0
26,25,180
27,25,318
28,25,349
29,25,362
31,25,399
32,25,387
33,25,427
34,25,365
35,25,360
36,25,370
37,25,429
38,25,327
39,25,554
40,25,370
41,25,330
42,25,379
43,25,369
44,25,402
45,25,379
46,25,362
47,25,313
48,25,279
49,25,223
50,25,169
51,25,113
52,25,55
53,25,43
54,25,14
55,25,10
56,25,21
57,25,30
58,25,45
59,25,60
60,25,81
61,25,96
62,25,105
63,25,114
64,25,122
65,25,155
66,25,196
67,25,243
68,25,290
69,25,443
70,25,490
71,25,413
72,25,438
73,25,453
74,25,456
75,25,508
76,25,525
1,26,714
2,26,666
3,26,513
4,26,487
5,26,472
6,26,455
7,26,489
8,26,439
9,26,404
10,26,486
11,26,509
12,26,528
13,26,510
14,26,524
15,26,521
16,26,505
17,26,451
18,26,485
19,26,381
20,26,403
21,26,333
22,26,39
23,26,331
24,26,269
25,26,180
26,26,0
27,26,138
28,26,169
29,26,182
31,26,219
32,26,207
33,26,247
34,26,185
35,26,180
36,26,190
37,26,249
38,26,147
39,26,374
40,26,550
41,26,493
42,26,399
43,26,277
44,26,222
45,26,199
46,26,182
47,26,133
48,26,99
49,26,403
50,26,349
51,26,293
52,26,235
53,26,223
54,26,194
55,26,170
56,26,159
57,26,150
58,26,135
59,26,120
60,26,99
61,26,84
62,26,75
63,26,66
64,26,58
65,26,25
66,26,16
67,26,63
68,26,110
69,26,263
70,26,310
71,26,593
72,26,618
73,26,633
74,26,636
75,26,688
76,26,705
1,27,838
2,27,790
3,27,637
4,27,611
5,27,596
6,27,579
7,27,613
8,27,563
9,27,528
10,27,610
11,27,633
12,27,593
13,27,575
14,27,584
15,27,581
16,27,565
17,27,511
18,27,550
19,27,505
20,27,483
21,27,393
22,27,99
23,27,469
24,27,407
25,27,318
26,27,138
27,27,0
28,27,31
29,27,44
31,27,81
32,27,69
33,27,109
34,27,47
35,27,42
36,27,52
37,27,111
38,27,9
39,27,236
40,27,615
41,27,553
42,27,459
43,27,337
44,27,282
45,27,259
46,27,242
47,27,193
48,27,159
49,27,527
50,27,487
51,27,431
52,27,373
53,27,361
54,27,332
55,27,308
56,27,297
57,27,288
58,27,273
59,27,258
60,27,237
61,27,222
62,27,213
63,27,204
64,27,196
65,27,163
66,27,122
67,27,75
68,27,28
69,27,125
70,27,172
71,27,717
72,27,742
73,27,757
74,27,760
75,27,812
76,27,829
1,28,869
2,28,821
3,28,668
4,28,642
5,28,627
6,28,610
7,28,644
8,28,594
9,28,559
10,28,641
11,28,664
12,28,624
13,28,606
14,28,615
15,28,612
16,28,596
17,28,542
18,28,581
19,28,536
20,28,514
21,28,424
22,28,130
23,28,500
24,28,438
25,28,349
26,28,169
27,28,31
28,28,0
29,28,13
31,28,52
32,28,40
33,28,94
34,28,32
35,28,27
36,28,37
37,28,96
38,28,40
39,28,221
40,28,646
41,28,584
42,28,490
43,28,368
44,28,313
45,28,290
46,28,273
47,28,224
48,28,190
49,28,558
50,28,518
51,28,462
52,28,404
53,28,392
54,28,363
55,28,339
56,28,328
57,28,319
58,28,304
59,28,289
60,28,268
61,28,253
62,28,244
63,28,235
64,28,227
65,28,194
66,28,153
67,28,106
68,28,59
69,28,110
70,28,157
71,28,748
72,28,773
73,28,788
74,28,791
75,28,843
76,28,860
1,29,882
2,29,834
3,29,681
4,29,655
5,29,640
6,29,623
7,29,657
8,29,607
9,29,572
10,29,654
11,29,677
12,29,637
13,29,619
14,29,628
15,29,625
16,29,609
17,29,555
18,29,594
19,29,549
20,29,527
21,29,437
22,29,143
23,29,513
24,29,451
25,29,362
26,29,182
27,29,44
28,29,13
29,29,0
31,29,39
32,29,27
33,29,84
34,29,45
35,29,40
36,29,50
37,29,109
38,29,53
39,29,211
40,29,659
41,29,597
42,29,503
43,29,381
44,29,326
45,29,303
46,29,286
47,29,237
48,29,203
49,29,571
50,29,531
51,29,475
52,29,417
53,29,405
54,29,376
55,29,352
56,29,341
57,29,332
58,29,317
59,29,302
60,29,281
61,29,266
62,29,257
63,29,248
64,29,240
65,29,207
66,29,166
67,29,119
68,29,72
69,29,123
70,29,147
71,29,761
72,29,786
73,29,801
74,29,804
75,29,856
76,29,873
1,31,919
2,31,871
3,31,718
4,31,692
5,31,677
6,31,660
7,31,694
8,31,644
9,31,609
10,31,691
11,31,714
12,31,674
13,31,656
14,31,665
15,31,662
16,31,646
17,31,592
18,31,631
19,31,586
20,31,564
21,31,474
22,31,180
23,31,550
24,31,488
25,31,399
26,31,219
27,31,81
28,31,52
29,31,39
31,31,0
32,31,12
33,31,69
34,31,34
35,31,39
36,31,39
37,31,98
38,31,72
39,31,196
40,31,696
41,31,634
42,31,540
43,31,418
44,31,363
45,31,340
46,31,323
47,31,274
48,31,240
49,31,608
50,31,568
51,31,512
52,31,454
53,31,442
54,31,413
55,31,389
56,31,378
57,31,369
58,31,354
59,31,339
60,31,318
61,31,303
62,31,294
63,31,285
64,31,277
65,31,244
66,31,203
67,31,156
68,31,109
69,31,112
70,31,132
71,31,798
72,31,823
73,31,838
74,31,841
75,31,893
76,31,910
1,32,907
2,32,859
3,32,706
4,32,680
5,32,665
6,32,648
7,32,682
8,32,632
9,32,597
10,32,679
11,32,702
12,32,662
13,32,644
14,32,653
15,32,650
16,32,634
17,32,580
18,32,619
19,32,574
20,32,552
21,32,462
22,32,168
23,32,538
24,32,476
25,32,387
26,32,207
27,32,69
28,32,40
29,32,27
31,32,12
32,32,0
33,32,57
34,32,22
35,32,27
36,32,27
37,32,86
38,32,60
39,32,184
40,32,684
41,32,622
42,32,528
43,32,406
44,32,351
45,32,328
46,32,311
47,32,262
48,32,228
49,32,596
50,32,556
51,32,500
52,32,442
53,32,430
54,32,401
55,32,377
56,32,366
57,32,357
58,32,342
59,32,327
60,32,306
61,32,291
62,32,282
63,32,273
64,32,265
65,32,232
66,32,191
67,32,144
68,32,97
69,32,100
70,32,120
71,32,786
72,32,811
73,32,826
74,32,829
75,32,881
76,32,898
1,33,947
2,33,899
3,33,746
4,33,720
5,33,705
6,33,688
7,33,722
8,33,672
9,33,637
10,33,719
11,33,742
12,33,702
13,33,684
14,33,693
15,33,690
16,33,674
17,33,620
18,33,659
19,33,614
20,33,592
21,33,502
22,33,208
23,33,578
24,33,516
25,33,427
26,33,247
27,33,109
28,33,94
29,33,84
31,33,69
32,33,57
33,33,0
34,33,62
35,33,67
36,33,67
37,33,126
38,33,100
39,33,127
40,33,724
41,33,662
42,33,568
43,33,446
44,33,391
45,33,368
46,33,351
47,33,302
48,33,268
49,33,636
50,33,596
51,33,540
52,33,482
53,33,470
54,33,441
55,33,417
56,33,406
57,33,397
58,33,382
59,33,367
60,33,346
61,33,331
62,33,322
63,33,313
64,33,305
65,33,272
66,33,231
67,33,184
68,33,137
69,33,140
70,33,63
71,33,826
72,33,851
73,33,866
74,33,869
75,33,921
76,33,938
1,34,885
2,34,837
3,34,684
4,34,658
5,34,643
6,34,626
7,34,660
8,34,610
9,34,575
10,34,657
11,34,680
12,34,640
13,34,622
14,34,631
15,34,628
16,34,612
17,34,558
18,34,597
19,34,552
20,34,530
21,34,440
22,34,146
23,34,516
24,34,454
25,34,365
26,34,185
27,34,47
28,34,32
29,34,45
31,34,34
32,34,22
33,34,62
34,34,0
35,34,5
36,34,5
37,34,64
38,34,38
39,34,189
40,34,662
41,34,600
42,34,506
43,34,384
44,34,329
45,34,306
46,34,289
47,34,240
48,34,206
49,34,574
50,34,534
51,34,478
52,34,420
53,34,408
54,34,379
55,34,355
56,34,344
57,34,335
58,34,320
59,34,305
60,34,284
61,34,269
62,34,260
63,34,251
64,34,243
65,34,210
66,34,169
67,34,122
68,34,75
69,34,78
70,34,125
71,34,764
72,34,789
73,34,804
74,34,807
75,34,859
76,34,876
1,35,880
2,35,832
3,35,679
4,35,653
5,35,638
6,35,621
7,35,655
8,35,605
9,35,570
10,35,652
11,35,675
12,35,635
13,35,617
14,35,626
15,35,623
16,35,607
17,35,553
18,35,592
19,35,547
20,35,525
21,35,435
22,35,141
23,35,511
24,35,449
25,35,360
26,35,180
27,35,42
28,35,27
29,35,40
31,35,39
32,35,27
33,35,67
34,35,5
35,35,0
36,35,10
37,35,69
38,35,33
39,35,194
40,35,657
41,35,595
42,35,501
43,35,379
44,35,324
45,35,301
46,35,284
47,35,235
48,35,201
49,35,569
50,35,529
51,35,473
52,35,415
53,35,403
54,35,374
55,35,350
56,35,339
57,35,330
58,35,315
59,35,300
60,35,279
61,35,264
62,35,255
63,35,246
64,35,238
65,35,205
66,35,164
67,35,117
68,35,70
69,35,83
70,35,130
71,35,759
72,35,784
73,35,799
74,35,802
75,35,854
76,35,871
1,36,890
2,36,842
3,36,689
4,36,663
5,36,648
6,36,631
7,36,665
8,36,615
9,36,580
10,36,662
11,36,685
12,36,645
13,36,627
14,36,636
15,36,633
16,36,617
17,36,563
18,36,602
19,36,557
20,36,535
21,36,445
22,36,151
23,36,521
24,36,459
25,36,370
26,36,190
27,36,52
28,36,37
29,36,50
31,36,39
32,36,27
33,36,67
34,36,5
35,36,10
36,36,0
37,36,59
38,36,43
39,36,194
40,36,667
41,36,605
42,36,511
43,36,389
44,36,334
45,36,311
46,36,294
47,36,245
48,36,211
49,36,579
50,36,539
51,36,483
52,36,425
53,36,413
54,36,384
55,36,360
56,36,349
57,36,340
58,36,325
59,36,310
60,36,289
61,36,274
62,36,265
63,36,256
64,36,248
65,36,215
66,36,174
67,36,127
68,36,80
69,36,73
70,36,130
71,36,769
72,36,794
73,36,809
74,36,812
75,36,864
76,36,881
1,37,949
2,37,901
3,37,748
4,37,722
5,37,707
6,37,690
7,37,724
8,37,674
9,37,639
10,37,721
11,37,744
12,37,704
13,37,686
14,37,695
15,37,692
16,37,676
17,37,622
18,37,661
19,37,616
20,37,594
21,37,504
22,37,210
23,37,580
24,37,518
25,37,429
26,37,249
27,37,111
28,37,96
29,37,109
31,37,98
32,37,86
33,37,126
34,37,64
35,37,69
36,37,59
37,37,0
38,37,102
39,37,253
40,37,726
41,37,664
42,37,570
43,37,448
44,37,393
45,37,370
46,37,353
47,37,304
48,37,270
49,37,638
50,37,598
51,37,542
52,37,484
53,37,472
54,37,443
55,37,419
56,37,408
57,37,399
58,37,384
59,37,369
60,37,348
61,37,333
62,37,324
63,37,315
64,37,307
65,37,274
66,37,233
67,37,186
68,37,139
69,37,14
70,37,189
71,37,828
72,37,853
73,37,868
74,37,871
75,37,923
76,37,940
1,38,847
2,38,799
3,38,646
4,38,620
5,38,605
6,38,588
7,38,622
8,38,572
9,38,537
10,38,619
11,38,642
12,38,602
13,38,584
14,38,593
15,38,590
16,38,574
17,38,520
18,38,559
19,38,514
20,38,492
21,38,402
22,38,108
23,38,478
24,38,416
25,38,327
26,38,147
27,38,9
28,38,40
29,38,53
31,38,72
32,38,60
33,38,100
34,38,38
35,38,33
36,38,43
37,38,102
38,38,0
39,38,227
40,38,624
41,38,562
42,38,468
43,38,346
44,38,291
45,38,268
46,38,251
47,38,202
48,38,168
49,38,536
50,38,496
51,38,440
52,38,382
53,38,370
54,38,341
55,38,317
56,38,306
57,38,297
58,38,282
59,38,267
60,38,246
61,38,231
62,38,222
63,38,213
64,38,205
65,38,172
66,38,131
67,38,84
68,38,37
69,38,116
70,38,163
71,38,726
72,38,751
73,38,766
74,38,769
75,38,821
76,38,838
1,39,1074
2,39,1026
3,39,873
4,39,847
5,39,832
6,39,815
7,39,849
8,39,799
9,39,764
10,39,846
11,39,869
12,39,829
13,39,811
14,39,820
15,39,817
16,39,801
17,39,747
18,39,786
19,39,741
20,39,719
21,39,629
22,39,335
23,39,705
24,39,643
25,39,554
26,39,374
27,39,236
28,39,221
29,39,211
31,39,196
32,39,184
33,39,127
34,39,189
35,39,194
36,39,194
37,39,253
38,39,227
39,39,0
40,39,851
41,39,789
42,39,695
43,39,573
44,39,518
45,39,495
46,39,478
47,39,429
48,39,395
49,39,763
50,39,723
51,39,667
52,39,609
53,39,597
54,39,568
55,39,544
56,39,533
57,39,524
58,39,509
59,39,494
60,39,473
61,39,458
62,39,449
63,39,440
64,39,432
65,39,399
66,39,358
67,39,311
68,39,264
69,39,267
70,39,64
71,39,953
72,39,978
73,39,993
74,39,996
75,39,1048
76,39,1065
1,40,300
2,40,252
3,40,99
4,40,86
5,40,101
6,40,96
7,40,130
8,40,124
9,40,159
10,40,65
11,40,42
12,40,22
13,40,40
14,40,59
15,40,62
16,40,78
17,40,104
18,40,65
19,40,169
20,40,147
21,40,222
22,40,516
23,40,219
24,40,281
25,40,370
26,40,550
27,40,615
28,40,646
29,40,659
31,40,696
32,40,684
33,40,724
34,40,662
35,40,657
36,40,667
37,40,726
38,40,624
39,40,851
40,40,0
41,40,90
42,40,156
43,40,278
44,40,333
45,40,356
46,40,373
47,40,422
48,40,456
49,40,148
50,40,201
51,40,257
52,40,315
53,40,327
54,40,356
55,40,380
56,40,391
57,40,400
58,40,415
59,40,430
60,40,451
61,40,466
62,40,475
63,40,484
64,40,492
65,40,525
66,40,539
67,40,540
68,40,587
69,40,740
70,40,787
71,40,179
72,40,204
73,40,219
74,40,222
75,40,274
76,40,291
1,41,390
2,41,342
3,41,189
4,41,176
5,41,191
6,41,186
7,41,220
8,41,187
9,41,152
10,41,155
11,41,132
12,41,68
13,41,50
14,41,31
15,41,28
16,41,12
17,41,42
18,41,25
19,41,129
20,41,107
21,41,160
22,41,454
23,41,179
24,41,241
25,41,330
26,41,493
27,41,553
28,41,584
29,41,597
31,41,634
32,41,622
33,41,662
34,41,600
35,41,595
36,41,605
37,41,664
38,41,562
39,41,789
40,41,90
41,41,0
42,41,94
43,41,216
44,41,271
45,41,294
46,41,311
47,41,360
48,41,394
49,41,151
50,41,161
51,41,217
52,41,275
53,41,287
54,41,316
55,41,340
56,41,351
57,41,360
58,41,375
59,41,390
60,41,411
61,41,426
62,41,435
63,41,444
64,41,452
65,41,485
66,41,477
67,41,478
68,41,525
69,41,678
70,41,725
71,41,269
72,41,294
73,41,309
74,41,312
75,41,364
76,41,381
1,42,456
2,42,408
3,42,255
4,42,242
5,42,257
6,42,252
7,42,286
8,42,236
9,42,201
10,42,221
11,42,198
12,42,134
13,42,116
14,42,125
15,42,122
16,42,106
17,42,52
18,42,91
19,42,178
20,42,156
21,42,66
22,42,360
23,42,228
24,42,290
25,42,379
26,42,399
27,42,459
28,42,490
29,42,503
31,42,540
32,42,528
33,42,568
34,42,506
35,42,501
36,42,511
37,42,570
38,42,468
39,42,695
40,42,156
41,42,94
42,42,0
43,42,122
44,42,177
45,42,200
46,42,217
47,42,266
48,42,300
49,42,200
50,42,210
51,42,266
52,42,324
53,42,336
54,42,365
55,42,389
56,42,400
57,42,409
58,42,424
59,42,439
60,42,460
61,42,475
62,42,474
63,42,465
64,42,457
65,42,424
66,42,383
67,42,384
68,42,431
69,42,584
70,42,631
71,42,335
72,42,360
73,42,375
74,42,378
75,42,430
76,42,447
1,43,501
2,43,453
3,43,300
4,43,274
5,43,259
6,43,242
7,43,276
8,43,226
9,43,191
10,43,273
11,43,296
12,43,256
13,43,238
14,43,247
15,43,244
16,43,228
17,43,174
18,43,213
19,43,168
20,43,146
21,43,56
22,43,238
23,43,218
24,43,280
25,43,369
26,43,277
27,43,337
28,43,368
29,43,381
31,43,418
32,43,406
33,43,446
34,43,384
35,43,379
36,43,389
37,43,448
38,43,346
39,43,573
40,43,278
41,43,216
42,43,122
43,43,0
44,43,55
45,43,78
46,43,95
47,43,144
48,43,178
49,43,190
50,43,200
51,43,256
52,43,314
53,43,326
54,43,355
55,43,379
56,43,390
57,43,399
58,43,412
59,43,397
60,43,376
61,43,361
62,43,352
63,43,343
64,43,335
65,43,302
66,43,261
67,43,262
68,43,309
69,43,462
70,43,509
71,43,380
72,43,405
73,43,420
74,43,423
75,43,475
76,43,492
1,44,556
2,44,508
3,44,355
4,44,329
5,44,314
6,44,297
7,44,331
8,44,281
9,44,246
10,44,328
11,44,351
12,44,311
13,44,293
14,44,302
15,44,299
16,44,283
17,44,229
18,44,268
19,44,223
20,44,201
21,44,111
22,44,183
23,44,273
24,44,335
25,44,402
26,44,222
27,44,282
28,44,313
29,44,326
31,44,363
32,44,351
33,44,391
34,44,329
35,44,324
36,44,334
37,44,393
38,44,291
39,44,518
40,44,333
41,44,271
42,44,177
43,44,55
44,44,0
45,44,23
46,44,40
47,44,89
48,44,123
49,44,245
50,44,255
51,44,311
52,44,369
53,44,381
54,44,410
55,44,392
56,44,381
57,44,372
58,44,357
59,44,342
60,44,321
61,44,306
62,44,297
63,44,288
64,44,280
65,44,247
66,44,206
67,44,207
68,44,254
69,44,407
70,44,454
71,44,435
72,44,460
73,44,475
74,44,478
75,44,530
76,44,547
1,45,579
2,45,531
3,45,378
4,45,352
5,45,337
6,45,320
7,45,354
8,45,304
9,45,269
10,45,351
11,45,374
12,45,334
13,45,316
14,45,325
15,45,322
16,45,306
17,45,252
18,45,291
19,45,246
20,45,224
21,45,134
22,45,160
23,45,296
24,45,358
25,45,379
26,45,199
27,45,259
28,45,290
29,45,303
31,45,340
32,45,328
33,45,368
34,45,306
35,45,301
36,45,311
37,45,370
38,45,268
39,45,495
40,45,356
41,45,294
42,45,200
43,45,78
44,45,23
45,45,0
46,45,17
47,45,66
48,45,100
49,45,268
50,45,278
51,45,334
52,45,392
53,45,404
54,45,393
55,45,369
56,45,358
57,45,349
58,45,334
59,45,319
60,45,298
61,45,283
62,45,274
63,45,265
64,45,257
65,45,224
66,45,183
67,45,184
68,45,231
69,45,384
70,45,431
71,45,458
72,45,483
73,45,498
74,45,501
75,45,553
76,45,570
1,46,596
2,46,548
3,46,395
4,46,369
5,46,354
6,46,337
7,46,371
8,46,321
9,46,286
10,46,368
11,46,391
12,46,351
13,46,333
14,46,342
15,46,339
16,46,323
17,46,269
18,46,308
19,46,263
20,46,241
21,46,151
22,46,143
23,46,313
24,46,375
25,46,362
26,46,182
27,46,242
28,46,273
29,46,286
31,46,323
32,46,311
33,46,351
34,46,289
35,46,284
36,46,294
37,46,353
38,46,251
39,46,478
40,46,373
41,46,311
42,46,217
43,46,95
44,46,40
45,46,17
46,46,0
47,46,49
48,46,83
49,46,285
50,46,295
51,46,351
52,46,409
53,46,405
54,46,376
55,46,352
56,46,341
57,46,332
58,46,317
59,46,302
60,46,281
61,46,266
62,46,257
63,46,248
64,46,240
65,46,207
66,46,166
67,46,167
68,46,214
69,46,367
70,46,414
71,46,475
72,46,500
73,46,515
74,46,518
75,46,570
76,46,587
1,47,645
2,47,597
3,47,444
4,47,418
5,47,403
6,47,386
7,47,420
8,47,370
9,47,335
10,47,417
11,47,440
12,47,400
13,47,382
14,47,391
15,47,388
16,47,372
17,47,318
18,47,357
19,47,312
20,47,290
21,47,200
22,47,94
23,47,362
24,47,402
25,47,313
26,47,133
27,47,193
28,47,224
29,47,237
31,47,274
32,47,262
33,47,302
34,47,240
35,47,235
36,47,245
37,47,304
38,47,202
39,47,429
40,47,422
41,47,360
42,47,266
43,47,144
44,47,89
45,47,66
46,47,49
47,47,0
48,47,34
49,47,334
50,47,344
51,47,400
52,47,368
53,47,356
54,47,327
55,47,303
56,47,292
57,47,283
58,47,268
59,47,253
60,47,232
61,47,217
62,47,208
63,47,199
64,47,191
65,47,158
66,47,117
67,47,118
68,47,165
69,47,318
70,47,365
71,47,524
72,47,549
73,47,564
74,47,567
75,47,619
76,47,636
1,48,679
2,48,631
3,48,478
4,48,452
5,48,437
6,48,420
7,48,454
8,48,404
9,48,369
10,48,451
11,48,474
12,48,434
13,48,416
14,48,425
15,48,422
16,48,406
17,48,352
18,48,391
19,48,346
20,48,324
21,48,234
22,48,60
23,48,396
24,48,368
25,48,279
26,48,99
27,48,159
28,48,190
29,48,203
31,48,240
32,48,228
33,48,268
34,48,206
35,48,201
36,48,211
37,48,270
38,48,168
39,48,395
40,48,456
41,48,394
42,48,300
43,48,178
44,48,123
45,48,100
46,48,83
47,48,34
48,48,0
49,48,368
50,48,378
51,48,392
52,48,334
53,48,322
54,48,293
55,48,269
56,48,258
57,48,249
58,48,234
59,48,219
60,48,198
61,48,183
62,48,174
63,48,165
64,48,157
65,48,124
66,48,83
67,48,84
68,48,131
69,48,284
70,48,331
71,48,558
72,48,583
73,48,598
74,48,601
75,48,653
76,48,670
1,49,311
2,49,263
3,49,110
4,49,84
5,49,69
6,49,52
7,49,86
8,49,80
9,49,45
10,49,83
11,49,106
12,49,169
13,49,151
14,49,170
15,49,173
16,49,163
17,49,165
18,49,126
19,49,22
20,49,44
21,49,134
22,49,428
23,49,72
24,49,134
25,49,223
26,49,403
27,49,527
28,49,558
29,49,571
31,49,608
32,49,596
33,49,636
34,49,574
35,49,569
36,49,579
37,49,638
38,49,536
39,49,763
40,49,148
41,49,151
42,49,200
43,49,190
44,49,245
45,49,268
46,49,285
47,49,334
48,49,368
49,49,0
50,49,54
51,49,110
52,49,168
53,49,180
54,49,209
55,49,233
56,49,244
57,49,253
58,49,268
59,49,283
60,49,304
61,49,319
62,49,328
63,49,337
64,49,345
65,49,378
66,49,419
67,49,452
68,49,499
69,49,652
70,49,699
71,49,190
72,49,215
73,49,230
74,49,233
75,49,285
76,49,302
1,50,365
2,50,317
3,50,164
4,50,138
5,50,123
6,50,106
7,50,140
8,50,90
9,50,55
10,50,137
11,50,160
12,50,179
13,50,161
14,50,180
15,50,183
16,50,173
17,50,175
18,50,136
19,50,32
20,50,54
21,50,144
22,50,388
23,50,18
24,50,80
25,50,169
26,50,349
27,50,487
28,50,518
29,50,531
31,50,568
32,50,556
33,50,596
34,50,534
35,50,529
36,50,539
37,50,598
38,50,496
39,50,723
40,50,201
41,50,161
42,50,210
43,50,200
44,50,255
45,50,278
46,50,295
47,50,344
48,50,378
49,50,54
50,50,0
51,50,56
52,50,114
53,50,126
54,50,155
55,50,179
56,50,190
57,50,199
58,50,214
59,50,229
60,50,250
61,50,265
62,50,274
63,50,283
64,50,291
65,50,324
66,50,365
67,50,412
68,50,459
69,50,612
70,50,659
71,50,244
72,50,269
73,50,284
74,50,287
75,50,339
76,50,356
1,51,421
2,51,373
3,51,220
4,51,194
5,51,179
6,51,162
7,51,196
8,51,146
9,51,111
10,51,193
11,51,216
12,51,235
13,51,217
14,51,236
15,51,239
16,51,229
17,51,231
18,51,192
19,51,88
20,51,110
21,51,200
22,51,332
23,51,38
24,51,24
25,51,113
26,51,293
27,51,431
28,51,462
29,51,475
31,51,512
32,51,500
33,51,540
34,51,478
35,51,473
36,51,483
37,51,542
38,51,440
39,51,667
40,51,257
41,51,217
42,51,266
43,51,256
44,51,311
45,51,334
46,51,351
47,51,400
48,51,392
49,51,110
50,51,56
51,51,0
52,51,58
53,51,70
54,51,99
55,51,123
56,51,134
57,51,143
58,51,158
59,51,173
60,51,194
61,51,209
62,51,218
63,51,227
64,51,235
65,51,268
66,51,309
67,51,356
68,51,403
69,51,556
70,51,603
71,51,300
72,51,325
73,51,340
74,51,343
75,51,395
76,51,412
1,52,479
2,52,431
3,52,278
4,52,252
5,52,237
6,52,220
7,52,254
8,52,204
9,52,169
10,52,251
11,52,274
12,52,293
13,52,275
14,52,294
15,52,297
16,52,287
17,52,289
18,52,250
19,52,146
20,52,168
21,52,258
22,52,274
23,52,96
24,52,34
25,52,55
26,52,235
27,52,373
28,52,404
29,52,417
31,52,454
32,52,442
33,52,482
34,52,420
35,52,415
36,52,425
37,52,484
38,52,382
39,52,609
40,52,315
41,52,275
42,52,324
43,52,314
44,52,369
45,52,392
46,52,409
47,52,368
48,52,334
49,52,168
50,52,114
51,52,58
52,52,0
53,52,12
54,52,41
55,52,65
56,52,76
57,52,85
58,52,100
59,52,115
60,52,136
61,52,151
62,52,160
63,52,169
64,52,177
65,52,210
66,52,251
67,52,298
68,52,345
69,52,498
70,52,545
71,52,358
72,52,383
73,52,398
74,52,401
75,52,453
76,52,470
1,53,491
2,53,443
3,53,290
4,53,264
5,53,249
6,53,232
7,53,266
8,53,216
9,53,181
10,53,263
11,53,286
12,53,305
13,53,287
14,53,306
15,53,309
16,53,299
17,53,301
18,53,262
19,53,158
20,53,180
21,53,270
22,53,262
23,53,108
24,53,46
25,53,43
26,53,223
27,53,361
28,53,392
29,53,405
31,53,442
32,53,430
33,53,470
34,53,408
35,53,403
36,53,413
37,53,472
38,53,370
39,53,597
40,53,327
41,53,287
42,53,336
43,53,326
44,53,381
45,53,404
46,53,405
47,53,356
48,53,322
49,53,180
50,53,126
51,53,70
52,53,12
53,53,0
54,53,29
55,53,53
56,53,64
57,53,73
58,53,88
59,53,103
60,53,124
61,53,139
62,53,148
63,53,157
64,53,165
65,53,198
66,53,239
67,53,286
68,53,333
69,53,486
70,53,533
71,53,370
72,53,395
73,53,410
74,53,413
75,53,465
76,53,482
1,54,520
2,54,472
3,54,319
4,54,293
5,54,278
6,54,261
7,54,295
8,54,245
9,54,210
10,54,292
11,54,315
12,54,334
13,54,316
14,54,335
15,54,338
16,54,328
17,54,330
18,54,291
19,54,187
20,54,209
21,54,299
22,54,233
23,54,137
24,54,75
25,54,14
26,54,194
27,54,332
28,54,363
29,54,376
31,54,413
32,54,401
33,54,441
34,54,379
35,54,374
36,54,384
37,54,443
38,54,341
39,54,568
40,54,356
41,54,316
42,54,365
43,54,355
44,54,410
45,54,393
46,54,376
47,54,327
48,54,293
49,54,209
50,54,155
51,54,99
52,54,41
53,54,29
54,54,0
55,54,24
56,54,35
57,54,44
58,54,59
59,54,74
60,54,95
61,54,110
62,54,119
63,54,128
64,54,136
65,54,169
66,54,210
67,54,257
68,54,304
69,54,457
70,54,504
71,54,399
72,54,424
73,54,439
74,54,442
75,54,494
76,54,511
1,55,544
2,55,496
3,55,343
4,55,317
5,55,302
6,55,285
7,55,319
8,55,269
9,55,234
10,55,316
11,55,339
12,55,358
13,55,340
14,55,359
15,55,362
16,55,352
17,55,354
18,55,315
19,55,211
20,55,233
21,55,323
22,55,209
23,55,161
24,55,99
25,55,10
26,55,170
27,55,308
28,55,339
29,55,352
31,55,389
32,55,377
33,55,417
34,55,355
35,55,350
36,55,360
37,55,419
38,55,317
39,55,544
40,55,380
41,55,340
42,55,389
43,55,379
44,55,392
45,55,369
46,55,352
47,55,303
48,55,269
49,55,233
50,55,179
51,55,123
52,55,65
53,55,53
54,55,24
55,55,0
56,55,11
57,55,20
58,55,35
59,55,50
60,55,71
61,55,86
62,55,95
63,55,104
64,55,112
65,55,145
66,55,186
67,55,233
68,55,280
69,55,433
70,55,480
71,55,423
72,55,448
73,55,463
74,55,466
75,55,518
76,55,535
1,56,555
2,56,507
3,56,354
4,56,328
5,56,313
6,56,296
7,56,330
8,56,280
9,56,245
10,56,327
11,56,350
12,56,369
13,56,351
14,56,370
15,56,373
16,56,363
17,56,365
18,56,326
19,56,222
20,56,244
21,56,334
22,56,198
23,56,172
24,56,110
25,56,21
26,56,159
27,56,297
28,56,328
29,56,341
31,56,378
32,56,366
33,56,406
34,56,344
35,56,339
36,56,349
37,56,408
38,56,306
39,56,533
40,56,391
41,56,351
42,56,400
43,56,390
44,56,381
45,56,358
46,56,341
47,56,292
48,56,258
49,56,244
50,56,190
51,56,134
52,56,76
53,56,64
54,56,35
55,56,11
56,56,0
57,56,9
58,56,24
59,56,39
60,56,60
61,56,75
62,56,84
63,56,93
64,56,101
65,56,134
66,56,175
67,56,222
68,56,269
69,56,422
70,56,469
71,56,434
72,56,459
73,56,474
74,56,477
75,56,529
76,56,546
1,57,564
2,57,516
3,57,363
4,57,337
5,57,322
6,57,305
7,57,339
8,57,289
9,57,254
10,57,336
11,57,359
12,57,378
13,57,360
14,57,379
15,57,382
16,57,372
17,57,374
18,57,335
19,57,231
20,57,253
21,57,343
22,57,189
23,57,181
24,57,119
25,57,30
26,57,150
27,57,288
28,57,319
29,57,332
31,57,369
32,57,357
33,57,397
34,57,335
35,57,330
36,57,340
37,57,399
38,57,297
39,57,524
40,57,400
41,57,360
42,57,409
43,57,399
44,57,372
45,57,349
46,57,332
47,57,283
48,57,249
49,57,253
50,57,199
51,57,143
52,57,85
53,57,73
54,57,44
55,57,20
56,57,9
57,57,0
58,57,15
59,57,30
60,57,51
61,57,66
62,57,75
63,57,84
64,57,92
65,57,125
66,57,166
67,57,213
68,57,260
69,57,413
70,57,460
71,57,443
72,57,468
73,57,483
74,57,486
75,57,538
76,57,555
1,58,579
2,58,531
3,58,378
4,58,352
5,58,337
6,58,320
7,58,354
8,58,304
9,58,269
10,58,351
11,58,374
12,58,393
13,58,375
14,58,394
15,58,397
16,58,387
17,58,389
18,58,350
19,58,246
20,58,268
21,58,358
22,58,174
23,58,196
24,58,134
25,58,45
26,58,135
27,58,273
28,58,304
29,58,317
31,58,354
32,58,342
33,58,382
34,58,320
35,58,315
36,58,325
37,58,384
38,58,282
39,58,509
40,58,415
41,58,375
42,58,424
43,58,412
44,58,357
45,58,334
46,58,317
47,58,268
48,58,234
49,58,268
50,58,214
51,58,158
52,58,100
53,58,88
54,58,59
55,58,35
56,58,24
57,58,15
58,58,0
59,58,15
60,58,36
61,58,51
62,58,60
63,58,69
64,58,77
65,58,110
66,58,151
67,58,198
68,58,245
69,58,398
70,58,445
71,58,458
72,58,483
73,58,498
74,58,501
75,58,553
76,58,570
1,59,594
2,59,546
3,59,393
4,59,367
5,59,352
6,59,335
7,59,369
8,59,319
9,59,284
10,59,366
11,59,389
12,59,408
13,59,390
14,59,409
15,59,412
16,59,402
17,59,404
18,59,365
19,59,261
20,59,283
21,59,373
22,59,159
23,59,211
24,59,149
25,59,60
26,59,120
27,59,258
28,59,289
29,59,302
31,59,339
32,59,327
33,59,367
34,59,305
35,59,300
36,59,310
37,59,369
38,59,267
39,59,494
40,59,430
41,59,390
42,59,439
43,59,397
44,59,342
45,59,319
46,59,302
47,59,253
48,59,219
49,59,283
50,59,229
51,59,173
52,59,115
53,59,103
54,59,74
55,59,50
56,59,39
57,59,30
58,59,15
59,59,0
60,59,21
61,59,36
62,59,45
63,59,54
64,59,62
65,59,95
66,59,136
67,59,183
68,59,230
69,59,383
70,59,430
71,59,473
72,59,498
73,59,513
74,59,516
75,59,568
76,59,585
1,60,615
2,60,567
3,60,414
4,60,388
5,60,373
6,60,356
7,60,390
8,60,340
9,60,305
10,60,387
11,60,410
12,60,429
13,60,411
14,60,430
15,60,433
16,60,423
17,60,425
18,60,386
19,60,282
20,60,304
21,60,394
22,60,138
23,60,232
24,60,170
25,60,81
26,60,99
27,60,237
28,60,268
29,60,281
31,60,318
32,60,306
33,60,346
34,60,284
35,60,279
36,60,289
37,60,348
38,60,246
39,60,473
40,60,451
41,60,411
42,60,460
43,60,376
44,60,321
45,60,298
46,60,281
47,60,232
48,60,198
49,60,304
50,60,250
51,60,194
52,60,136
53,60,124
54,60,95
55,60,71
56,60,60
57,60,51
58,60,36
59,60,21
60,60,0
61,60,15
62,60,24
63,60,33
64,60,41
65,60,74
66,60,115
67,60,162
68,60,209
69,60,362
70,60,409
71,60,494
72,60,519
73,60,534
74,60,537
75,60,589
76,60,606
1,61,630
2,61,582
3,61,429
4,61,403
5,61,388
6,61,371
7,61,405
8,61,355
9,61,320
10,61,402
11,61,425
12,61,444
13,61,426
14,61,445
15,61,448
16,61,438
17,61,440
18,61,401
19,61,297
20,61,319
21,61,409
22,61,123
23,61,247
24,61,185
25,61,96
26,61,84
27,61,222
28,61,253
29,61,266
31,61,303
32,61,291
33,61,331
34,61,269
35,61,264
36,61,274
37,61,333
38,61,231
39,61,458
40,61,466
41,61,426
42,61,475
43,61,361
44,61,306
45,61,283
46,61,266
47,61,217
48,61,183
49,61,319
50,61,265
51,61,209
52,61,151
53,61,139
54,61,110
55,61,86
56,61,75
57,61,66
58,61,51
59,61,36
60,61,15
61,61,0
62,61,9
63,61,18
64,61,26
65,61,59
66,61,100
67,61,147
68,61,194
69,61,347
70,61,394
71,61,509
72,61,534
73,61,549
74,61,552
75,61,604
76,61,621
1,62,639
2,62,591
3,62,438
4,62,412
5,62,397
6,62,380
7,62,414
8,62,364
9,62,329
10,62,411
11,62,434
12,62,453
13,62,435
14,62,454
15,62,457
16,62,447
17,62,449
18,62,410
19,62,306
20,62,328
21,62,408
22,62,114
23,62,256
24,62,194
25,62,105
26,62,75
27,62,213
28,62,244
29,62,257
31,62,294
32,62,282
33,62,322
34,62,260
35,62,255
36,62,265
37,62,324
38,62,222
39,62,449
40,62,475
41,62,435
42,62,474
43,62,352
44,62,297
45,62,274
46,62,257
47,62,208
48,62,174
49,62,328
50,62,274
51,62,218
52,62,160
53,62,148
54,62,119
55,62,95
56,62,84
57,62,75
58,62,60
59,62,45
60,62,24
61,62,9
62,62,0
63,62,9
64,62,17
65,62,50
66,62,91
67,62,138
68,62,185
69,62,338
70,62,385
71,62,518
72,62,543
73,62,558
74,62,561
75,62,613
76,62,630
1,63,648
2,63,600
3,63,447
4,63,421
5,63,406
6,63,389
7,63,423
8,63,373
9,63,338
10,63,420
11,63,443
12,63,462
13,63,444
14,63,463
15,63,466
16,63,456
17,63,458
18,63,419
19,63,315
20,63,337
21,63,399
22,63,105
23,63,265
24,63,203
25,63,114
26,63,66
27,63,204
28,63,235
29,63,248
31,63,285
32,63,273
33,63,313
34,63,251
35,63,246
36,63,256
37,63,315
38,63,213
39,63,440
40,63,484
41,63,444
42,63,465
43,63,343
44,63,288
45,63,265
46,63,248
47,63,199
48,63,165
49,63,337
50,63,283
51,63,227
52,63,169
53,63,157
54,63,128
55,63,104
56,63,93
57,63,84
58,63,69
59,63,54
60,63,33
61,63,18
62,63,9
63,63,0
64,63,8
65,63,41
66,63,82
67,63,129
68,63,176
69,63,329
70,63,376
71,63,527
72,63,552
73,63,567
74,63,570
75,63,622
76,63,639
1,64,656
2,64,608
3,64,455
4,64,429
5,64,414
6,64,397
7,64,431
8,64,381
9,64,346
10,64,428
11,64,451
12,64,470
13,64,452
14,64,471
15,64,474
16,64,464
17,64,466
18,64,427
19,64,323
20,64,345
21,64,391
22,64,97
23,64,273
24,64,211
25,64,122
26,64,58
27,64,196
28,64,227
29,64,240
31,64,277
32,64,265
33,64,305
34,64,243
35,64,238
36,64,248
37,64,307
38,64,205
39,64,432
40,64,492
41,64,452
42,64,457
43,64,335
44,64,280
45,64,257
46,64,240
47,64,191
48,64,157
49,64,345
50,64,291
51,64,235
52,64,177
53,64,165
54,64,136
55,64,112
56,64,101
57,64,92
58,64,77
59,64,62
60,64,41
61,64,26
62,64,17
63,64,8
64,64,0
65,64,33
66,64,74
67,64,121
68,64,168
69,64,321
70,64,368
71,64,535
72,64,560
73,64,575
74,64,578
75,64,630
76,64,647
1,65,689
2,65,641
3,65,488
4,65,462
5,65,447
6,65,430
7,65,464
8,65,414
9,65,379
10,65,461
11,65,484
12,65,503
13,65,485
14,65,504
15,65,507
16,65,497
17,65,476
18,65,460
19,65,356
20,65,378
21,65,358
22,65,64
23,65,306
24,65,244
25,65,155
26,65,25
27,65,163
28,65,194
29,65,207
31,65,244
32,65,232
33,65,272
34,65,210
35,65,205
36,65,215
37,65,274
38,65,172
39,65,399
40,65,525
41,65,485
42,65,424
43,65,302
44,65,247
45,65,224
46,65,207
47,65,158
48,65,124
49,65,378
50,65,324
51,65,268
52,65,210
53,65,198
54,65,169
55,65,145
56,65,134
57,65,125
58,65,110
59,65,95
60,65,74
61,65,59
62,65,50
63,65,41
64,65,33
65,65,0
66,65,41
67,65,88
68,65,135
69,65,288
70,65,335
71,65,568
72,65,593
73,65,608
74,65,611
75,65,663
76,65,680
1,66,730
2,66,682
3,66,529
4,66,503
5,66,488
6,66,471
7,66,505
8,66,455
9,66,420
10,66,502
11,66,525
12,66,517
13,66,499
14,66,508
15,66,505
16,66,489
17,66,435
18,66,474
19,66,397
20,66,407
21,66,317
22,66,23
23,66,347
24,66,285
25,66,196
26,66,16
27,66,122
28,66,153
29,66,166
31,66,203
32,66,191
33,66,231
34,66,169
35,66,164
36,66,174
37,66,233
38,66,131
39,66,358
40,66,539
41,66,477
42,66,383
43,66,261
44,66,206
45,66,183
46,66,166
47,66,117
48,66,83
49,66,419
50,66,365
51,66,309
52,66,251
53,66,239
54,66,210
55,66,186
56,66,175
57,66,166
58,66,151
59,66,136
60,66,115
61,66,100
62,66,91
63,66,82
64,66,74
65,66,41
66,66,0
67,66,47
68,66,94
69,66,247
70,66,294
71,66,609
72,66,634
73,66,649
74,66,652
75,66,704
76,66,721
1,67,763
2,67,715
3,67,562
4,67,536
5,67,521
6,67,504
7,67,538
8,67,488
9,67,453
10,67,535
11,67,558
12,67,518
13,67,500
14,67,509
15,67,506
16,67,490
17,67,436
18,67,475
19,67,430
20,67,408
21,67,318
22,67,24
23,67,394
24,67,332
25,67,243
26,67,63
27,67,75
28,67,106
29,67,119
31,67,156
32,67,144
33,67,184
34,67,122
35,67,117
36,67,127
37,67,186
38,67,84
39,67,311
40,67,540
41,67,478
42,67,384
43,67,262
44,67,207
45,67,184
46,67,167
47,67,118
48,67,84
49,67,452
50,67,412
51,67,356
52,67,298
53,67,286
54,67,257
55,67,233
56,67,222
57,67,213
58,67,198
59,67,183
60,67,162
61,67,147
62,67,138
63,67,129
64,67,121
65,67,88
66,67,47
67,67,0
68,67,47
69,67,200
70,67,247
71,67,642
72,67,667
73,67,682
74,67,685
75,67,737
76,67,754
1,68,810
2,68,762
3,68,609
4,68,583
5,68,568
6,68,551
7,68,585
8,68,535
9,68,500
10,68,582
11,68,605
12,68,565
13,68,547
14,68,556
15,68,553
16,68,537
17,68,483
18,68,522
19,68,477
20,68,455
21,68,365
22,68,71
23,68,441
24,68,379
25,68,290
26,68,110
27,68,28
28,68,59
29,68,72
31,68,109
32,68,97
33,68,137
34,68,75
35,68,70
36,68,80
37,68,139
38,68,37
39,68,264
40,68,587
41,68,525
42,68,431
43,68,309
44,68,254
45,68,231
46,68,214
47,68,165
48,68,131
49,68,499
50,68,459
51,68,403
52,68,345
53,68,333
54,68,304
55,68,280
56,68,269
57,68,260
58,68,245
59,68,230
60,68,209
61,68,194
62,68,185
63,68,176
64,68,168
65,68,135
66,68,94
67,68,47
68,68,0
69,68,153
70,68,200
71,68,689
72,68,714
73,68,729
74,68,732
75,68,784
76,68,801
1,69,963
2,69,915
3,69,762
4,69,736
5,69,721
6,69,704
7,69,738
8,69,688
9,69,653
10,69,735
11,69,758
12,69,718
13,69,700
14,69,709
15,69,706
16,69,690
17,69,636
18,69,675
19,69,630
20,69,608
21,69,518
22,69,224
23,69,594
24,69,532
25,69,443
26,69,263
27,69,125
28,69,110
29,69,123
31,69,112
32,69,100
33,69,140
34,69,78
35,69,83
36,69,73
37,69,14
38,69,116
39,69,267
40,69,740
41,69,678
42,69,584
43,69,462
44,69,407
45,69,384
46,69,367
47,69,318
48,69,284
49,69,652
50,69,612
51,69,556
52,69,498
53,69,486
54,69,457
55,69,433
56,69,422
57,69,413
58,69,398
59,69,383
60,69,362
61,69,347
62,69,338
63,69,329
64,69,321
65,69,288
66,69,247
67,69,200
68,69,153
69,69,0
70,69,203
71,69,842
72,69,867
73,69,882
74,69,885
75,69,937
76,69,954
1,70,1010
2,70,962
3,70,809
4,70,783
5,70,768
6,70,751
7,70,785
8,70,735
9,70,700
10,70,782
11,70,805
12,70,765
13,70,747
14,70,756
15,70,753
16,70,737
17,70,683
18,70,722
19,70,677
20,70,655
21,70,565
22,70,271
23,70,641
24,70,579
25,70,490
26,70,310
27,70,172
28,70,157
29,70,147
31,70,132
32,70,120
33,70,63
34,70,125
35,70,130
36,70,130
37,70,189
38,70,163
39,70,64
40,70,787
41,70,725
42,70,631
43,70,509
44,70,454
45,70,431
46,70,414
47,70,365
48,70,331
49,70,699
50,70,659
51,70,603
52,70,545
53,70,533
54,70,504
55,70,480
56,70,469
57,70,460
58,70,445
59,70,430
60,70,409
61,70,394
62,70,385
63,70,376
64,70,368
65,70,335
66,70,294
67,70,247
68,70,200
69,70,203
70,70,0
71,70,889
72,70,914
73,70,929
74,70,932
75,70,984
76,70,1001
1,71,121
2,71,73
3,71,80
4,71,106
5,71,121
6,71,138
7,71,172
8,71,166
9,71,201
10,71,127
11,71,137
12,71,201
13,71,219
14,71,238
15,71,241
16,71,257
17,71,283
18,71,244
19,71,212
20,71,234
21,71,324
22,71,618
23,71,262
24,71,324
25,71,413
26,71,593
27,71,717
28,71,748
29,71,761
31,71,798
32,71,786
33,71,826
34,71,764
35,71,759
36,71,769
37,71,828
38,71,726
39,71,953
40,71,179
41,71,269
42,71,335
43,71,380
44,71,435
45,71,458
46,71,475
47,71,524
48,71,558
49,71,190
50,71,244
51,71,300
52,71,358
53,71,370
54,71,399
55,71,423
56,71,434
57,71,443
58,71,458
59,71,473
60,71,494
61,71,509
62,71,518
63,71,527
64,71,535
65,71,568
66,71,609
67,71,642
68,71,689
69,71,842
70,71,889
71,71,0
72,71,25
73,71,40
74,71,43
75,71,95
76,71,112
1,72,96
2,72,48
3,72,105
4,72,131
5,72,146
6,72,163
7,72,197
8,72,191
9,72,226
10,72,152
11,72,162
12,72,226
13,72,244
14,72,263
15,72,266
16,72,282
17,72,308
18,72,269
19,72,237
20,72,259
21,72,349
22,72,643
23,72,287
24,72,349
25,72,438
26,72,618
27,72,742
28,72,773
29,72,786
31,72,823
32,72,811
33,72,851
34,72,789
35,72,784
36,72,794
37,72,853
38,72,751
39,72,978
40,72,204
41,72,294
42,72,360
43,72,405
44,72,460
45,72,483
46,72,500
47,72,549
48,72,583
49,72,215
50,72,269
51,72,325
52,72,383
53,72,395
54,72,424
55,72,448
56,72,459
57,72,468
58,72,483
59,72,498
60,72,519
61,72,534
62,72,543
63,72,552
64,72,560
65,72,593
66,72,634
67,72,667
68,72,714
69,72,867
70,72,914
71,72,25
72,72,0
73,72,15
74,72,18
75,72,70
76,72,87
1,73,81
2,73,33
3,73,120
4,73,146
5,73,161
6,73,178
7,73,212
8,73,206
9,73,241
10,73,167
11,73,177
12,73,241
13,73,259
14,73,278
15,73,281
16,73,297
17,73,323
18,73,284
19,73,252
20,73,274
21,73,364
22,73,658
23,73,302
24,73,364
25,73,453
26,73,633
27,73,757
28,73,788
29,73,801
31,73,838
32,73,826
33,73,866
34,73,804
35,73,799
36,73,809
37,73,868
38,73,766
39,73,993
40,73,219
41,73,309
42,73,375
43,73,420
44,73,475
45,73,498
46,73,515
47,73,564
48,73,598
49,73,230
50,73,284
51,73,340
52,73,398
53,73,410
54,73,439
55,73,463
56,73,474
57,73,483
58,73,498
59,73,513
60,73,534
61,73,549
62,73,558
63,73,567
64,73,575
65,73,608
66,73,649
67,73,682
68,73,729
69,73,882
70,73,929
71,73,40
72,73,15
73,73,0
74,73,3
75,73,55
76,73,72
1,74,78
2,74,30
3,74,123
4,74,149
5,74,164
6,74,181
7,74,215
8,74,209
9,74,244
10,74,170
11,74,180
12,74,244
13,74,262
14,74,281
15,74,284
16,74,300
17,74,326
18,74,287
19,74,255
20,74,277
21,74,367
22,74,661
23,74,305
24,74,367
25,74,456
26,74,636
27,74,760
28,74,791
29,74,804
31,74,841
32,74,829
33,74,869
34,74,807
35,74,802
36,74,812
37,74,871
38,74,769
39,74,996
40,74,222
41,74,312
42,74,378
43,74,423
44,74,478
45,74,501
46,74,518
47,74,567
48,74,601
49,74,233
50,74,287
51,74,343
52,74,401
53,74,413
54,74,442
55,74,466
56,74,477
57,74,486
58,74,501
59,74,516
60,74,537
61,74,552
62,74,561
63,74,570
64,74,578
65,74,611
66,74,652
67,74,685
68,74,732
69,74,885
70,74,932
71,74,43
72,74,18
73,74,3
74,74,0
75,74,52
76,74,69
1,75,26
2,75,22
3,75,175
4,75,201
5,75,216
6,75,233
7,75,267
8,75,261
9,75,296
10,75,222
11,75,232
12,75,296
13,75,314
14,75,333
15,75,336
16,75,352
17,75,378
18,75,339
19,75,307
20,75,329
21,75,419
22,75,713
23,75,357
24,75,419
25,75,508
26,75,688
27,75,812
28,75,843
29,75,856
31,75,893
32,75,881
33,75,921
34,75,859
35,75,854
36,75,864
37,75,923
38,75,821
39,75,1048
40,75,274
41,75,364
42,75,430
43,75,475
44,75,530
45,75,553
46,75,570
47,75,619
48,75,653
49,75,285
50,75,339
51,75,395
52,75,453
53,75,465
54,75,494
55,75,518
56,75,529
57,75,538
58,75,553
59,75,568
60,75,589
61,75,604
62,75,613
63,75,622
64,75,630
65,75,663
66,75,704
67,75,737
68,75,784
69,75,937
70,75,984
71,75,95
72,75,70
73,75,55
74,75,52
75,75,0
76,75,17
1,76,9
2,76,39
3,76,192
4,76,218
5,76,233
6,76,250
7,76,284
8,76,278
9,76,313
10,76,239
11,76,249
12,76,313
13,76,331
14,76,350
15,76,353
16,76,369
17,76,395
18,76,356
19,76,324
20,76,346
21,76,436
22,76,730
23,76,374
24,76,436
25,76,525
26,76,705
27,76,829
28,76,860
29,76,873
31,76,910
32,76,898
33,76,938
34,76,876
35,76,871
36,76,881
37,76,940
38,76,838
39,76,1065
40,76,291
41,76,381
42,76,447
43,76,492
44,76,547
45,76,570
46,76,587
47,76,636
48,76,670
49,76,302
50,76,356
51,76,412
52,76,470
53,76,482
54,76,511
55,76,535
56,76,546
57,76,555
58,76,570
59,76,585
60,76,606
61,76,621
62,76,630
63,76,639
64,76,647
65,76,680
66,76,721
67,76,754
68,76,801
69,76,954
70,76,1001
71,76,112
72,76,87
73,76,72
74,76,69
75,76,17
76,76,0
