trip_id,node_id,node_seq
1,1,1
1,76,2
1,75,3
1,2,4
1,74,5
1,73,6
1,72,7
1,71,8
1,3,9
1,11,10
1,40,11
1,12,12
2,1,1
2,76,2
2,75,3
2,2,4
2,74,5
2,73,6
2,72,7
2,71,8
2,3,9
2,11,10
2,40,11
2,12,12
2,13,13
3,1,1
3,76,2
3,75,3
3,2,4
3,74,5
3,73,6
3,72,7
3,71,8
3,3,9
3,11,10
3,40,11
3,12,12
3,13,13
3,14,14
4,1,1
4,76,2
4,75,3
4,2,4
4,74,5
4,73,6
4,72,7
4,71,8
4,3,9
4,11,10
4,40,11
4,12,12
4,13,13
4,14,14
4,15,15
5,1,1
5,76,2
5,75,3
5,2,4
5,74,5
5,73,6
5,72,7
5,71,8
5,3,9
5,11,10
5,40,11
5,12,12
5,13,13
5,14,14
5,15,15
5,16,16
6,1,1
6,76,2
6,75,3
6,2,4
6,74,5
6,73,6
6,72,7
6,71,8
6,3,9
6,11,10
6,40,11
6,12,12
6,13,13
6,18,14
6,17,15
7,1,1
7,76,2
7,75,3
7,2,4
7,74,5
7,73,6
7,72,7
7,71,8
7,3,9
7,11,10
7,40,11
7,12,12
7,13,13
7,18,14
8,1,1
8,76,2
8,75,3
8,2,4
8,74,5
8,73,6
8,72,7
8,71,8
8,3,9
8,4,10
8,5,11
8,6,12
8,49,13
8,19,14
9,1,1
9,76,2
9,75,3
9,2,4
10,1,1
10,76,2
10,75,3
10,2,4
10,74,5
10,73,6
10,72,7
10,71,8
10,3,9
10,4,10
10,5,11
10,6,12
10,49,13
10,19,14
10,50,15
10,23,16
10,51,17
10,24,18
10,52,19
10,53,20
10,54,21
10,25,22
11,1,1
11,76,2
11,75,3
11,2,4
11,74,5
11,73,6
11,72,7
11,71,8
11,3,9
11,4,10
11,5,11
11,6,12
11,49,13
11,19,14
11,20,15
11,21,16
11,43,17
11,44,18
11,45,19
11,46,20
11,47,21
11,48,22
11,22,23
11,67,24
11,68,25
11,27,26
11,28,27
11,29,28
12,1,1
12,76,2
12,75,3
12,2,4
12,74,5
12,73,6
12,72,7
12,71,8
12,3,9
12,4,10
12,5,11
12,6,12
12,49,13
12,19,14
12,20,15
12,21,16
12,43,17
12,44,18
12,45,19
12,46,20
12,47,21
12,48,22
12,22,23
12,67,24
12,68,25
12,27,26
12,38,27
12,35,28
12,34,29
12,32,30
12,31,31
13,1,1
13,76,2
13,75,3
13,2,4
13,74,5
13,73,6
13,72,7
13,71,8
13,3,9
13,4,10
13,5,11
13,6,12
13,49,13
13,19,14
13,20,15
13,21,16
13,43,17
13,44,18
13,45,19
13,46,20
13,47,21
13,48,22
13,22,23
13,67,24
13,68,25
13,27,26
13,38,27
13,35,28
13,34,29
13,33,30
14,1,1
14,76,2
14,75,3
14,2,4
14,74,5
14,73,6
14,72,7
14,71,8
14,3,9
14,4,10
14,5,11
14,6,12
14,49,13
14,19,14
14,20,15
14,21,16
14,43,17
14,44,18
14,45,19
14,46,20
14,47,21
14,48,22
14,22,23
14,67,24
14,68,25
14,27,26
14,38,27
14,35,28
15,1,1
15,76,2
15,75,3
15,2,4
15,74,5
15,73,6
15,72,7
15,71,8
15,3,9
15,4,10
15,5,11
15,6,12
15,49,13
15,19,14
15,20,15
15,21,16
15,43,17
15,44,18
15,45,19
15,46,20
15,47,21
15,48,22
15,22,23
15,67,24
15,68,25
15,27,26
15,38,27
15,35,28
15,34,29
15,36,30
15,37,31
16,1,1
16,76,2
16,75,3
16,2,4
16,74,5
16,73,6
16,72,7
16,71,8
16,3,9
16,4,10
16,5,11
16,6,12
16,49,13
16,19,14
16,20,15
16,21,16
16,43,17
16,44,18
16,45,19
16,46,20
16,47,21
16,48,22
16,22,23
16,67,24
16,68,25
16,27,26
16,38,27
16,35,28
16,34,29
16,33,30
16,70,31
16,39,32
17,1,1
17,76,2
17,75,3
17,2,4
17,74,5
17,73,6
17,72,7
17,71,8
17,3,9
17,4,10
17,5,11
18,1,1
18,76,2
18,75,3
18,2,4
18,74,5
18,73,6
18,72,7
18,71,8
18,3,9
18,4,10
18,5,11
18,6,12
19,1,1
19,76,2
19,75,3
19,2,4
19,74,5
19,73,6
19,72,7
19,71,8
19,3,9
19,4,10
19,5,11
19,6,12
19,7,13
20,12,1
20,40,2
20,11,3
20,3,4
20,71,5
20,72,6
20,73,7
20,74,8
20,2,9
20,75,10
20,76,11
20,1,12
21,12,1
21,13,2
22,12,1
22,13,2
22,14,3
23,12,1
23,13,2
23,14,3
23,15,4
24,12,1
24,13,2
24,14,3
24,15,4
24,16,5
25,12,1
25,13,2
25,18,3
25,17,4
26,12,1
26,13,2
26,18,3
27,12,1
27,13,2
27,18,3
27,20,4
27,19,5
28,12,1
28,40,2
28,11,3
28,3,4
28,71,5
28,72,6
28,73,7
28,74,8
28,2,9
29,12,1
29,13,2
29,18,3
29,20,4
29,19,5
29,50,6
29,23,7
29,51,8
29,24,9
29,52,10
29,53,11
29,54,12
29,25,13
30,12,1
30,13,2
30,18,3
30,17,4
30,42,5
30,21,6
30,43,7
30,44,8
30,45,9
30,46,10
30,47,11
30,48,12
30,22,13
30,67,14
30,68,15
30,27,16
30,28,17
30,29,18
31,12,1
31,13,2
31,18,3
31,17,4
31,42,5
31,21,6
31,43,7
31,44,8
31,45,9
31,46,10
31,47,11
31,48,12
31,22,13
31,67,14
31,68,15
31,27,16
31,38,17
31,35,18
31,34,19
31,32,20
31,31,21
32,12,1
32,13,2
32,18,3
32,17,4
32,42,5
32,21,6
32,43,7
32,44,8
32,45,9
32,46,10
32,47,11
32,48,12
32,22,13
32,67,14
32,68,15
32,27,16
32,38,17
32,35,18
32,34,19
32,33,20
33,12,1
33,13,2
33,18,3
33,17,4
33,42,5
33,21,6
33,43,7
33,44,8
33,45,9
33,46,10
33,47,11
33,48,12
33,22,13
33,67,14
33,68,15
33,27,16
33,38,17
33,35,18
34,12,1
34,13,2
34,18,3
34,17,4
34,42,5
34,21,6
34,43,7
34,44,8
34,45,9
34,46,10
34,47,11
34,48,12
34,22,13
34,67,14
34,68,15
34,27,16
34,38,17
34,35,18
34,34,19
34,36,20
34,37,21
35,12,1
35,13,2
35,18,3
35,17,4
35,42,5
35,21,6
35,43,7
35,44,8
35,45,9
35,46,10
35,47,11
35,48,12
35,22,13
35,67,14
35,68,15
35,27,16
35,38,17
35,35,18
35,34,19
35,33,20
35,70,21
35,39,22
36,12,1
36,40,2
36,11,3
36,10,4
36,4,5
36,5,6
37,12,1
37,40,2
37,11,3
37,10,4
37,6,5
38,12,1
38,40,2
38,11,3
38,10,4
38,6,5
38,7,6
39,13,1
39,12,2
39,40,3
39,11,4
39,3,5
39,71,6
39,72,7
39,73,8
39,74,9
39,2,10
39,75,11
39,76,12
39,1,13
40,13,1
40,12,2
41,13,1
41,14,2
42,13,1
42,14,2
42,15,3
43,13,1
43,14,2
43,15,3
43,16,4
44,13,1
44,18,2
44,17,3
45,13,1
45,18,2
46,13,1
46,18,2
46,20,3
46,19,4
47,13,1
47,12,2
47,40,3
47,11,4
47,3,5
47,71,6
47,72,7
47,73,8
47,74,9
47,2,10
48,13,1
48,18,2
48,20,3
48,19,4
48,50,5
48,23,6
48,51,7
48,24,8
48,52,9
48,53,10
48,54,11
48,25,12
49,13,1
49,18,2
49,17,3
49,42,4
49,21,5
49,43,6
49,44,7
49,45,8
49,46,9
49,47,10
49,48,11
49,22,12
49,67,13
49,68,14
49,27,15
49,28,16
49,29,17
50,13,1
50,18,2
50,17,3
50,42,4
50,21,5
50,43,6
50,44,7
50,45,8
50,46,9
50,47,10
50,48,11
50,22,12
50,67,13
50,68,14
50,27,15
50,38,16
50,35,17
50,34,18
50,32,19
50,31,20
51,13,1
51,18,2
51,17,3
51,42,4
51,21,5
51,43,6
51,44,7
51,45,8
51,46,9
51,47,10
51,48,11
51,22,12
51,67,13
51,68,14
51,27,15
51,38,16
51,35,17
51,34,18
51,33,19
52,13,1
52,18,2
52,17,3
52,42,4
52,21,5
52,43,6
52,44,7
52,45,8
52,46,9
52,47,10
52,48,11
52,22,12
52,67,13
52,68,14
52,27,15
52,38,16
52,35,17
53,13,1
53,18,2
53,17,3
53,42,4
53,21,5
53,43,6
53,44,7
53,45,8
53,46,9
53,47,10
53,48,11
53,22,12
53,67,13
53,68,14
53,27,15
53,38,16
53,35,17
53,34,18
53,36,19
53,37,20
54,13,1
54,18,2
54,17,3
54,42,4
54,21,5
54,43,6
54,44,7
54,45,8
54,46,9
54,47,10
54,48,11
54,22,12
54,67,13
54,68,14
54,27,15
54,38,16
54,35,17
54,34,18
54,33,19
54,70,20
54,39,21
55,13,1
55,12,2
55,40,3
55,11,4
55,10,5
55,4,6
55,5,7
56,13,1
56,12,2
56,40,3
56,11,4
56,10,5
56,6,6
57,13,1
57,12,2
57,40,3
57,11,4
57,10,5
57,6,6
57,7,7
58,14,1
58,13,2
58,12,3
58,40,4
58,11,5
58,3,6
58,71,7
58,72,8
58,73,9
58,74,10
58,2,11
58,75,12
58,76,13
58,1,14
59,14,1
59,13,2
59,12,3
60,14,1
60,13,2
61,14,1
61,15,2
62,14,1
62,15,2
62,16,3
63,14,1
63,15,2
63,16,3
63,41,4
63,17,5
64,14,1
64,13,2
64,18,3
65,14,1
65,13,2
65,18,3
65,20,4
65,19,5
66,14,1
66,13,2
66,12,3
66,40,4
66,11,5
66,3,6
66,71,7
66,72,8
66,73,9
66,74,10
66,2,11
67,14,1
67,13,2
67,18,3
67,20,4
67,19,5
67,50,6
67,23,7
67,51,8
67,24,9
67,52,10
67,53,11
67,54,12
67,25,13
68,14,1
68,15,2
68,16,3
68,41,4
68,17,5
68,42,6
68,21,7
68,43,8
68,44,9
68,45,10
68,46,11
68,47,12
68,48,13
68,22,14
68,67,15
68,68,16
68,27,17
68,28,18
68,29,19
69,14,1
69,15,2
69,16,3
69,41,4
69,17,5
69,42,6
69,21,7
69,43,8
69,44,9
69,45,10
69,46,11
69,47,12
69,48,13
69,22,14
69,67,15
69,68,16
69,27,17
69,38,18
69,35,19
69,34,20
69,32,21
69,31,22
70,14,1
70,15,2
70,16,3
70,41,4
70,17,5
70,42,6
70,21,7
70,43,8
70,44,9
70,45,10
70,46,11
70,47,12
70,48,13
70,22,14
70,67,15
70,68,16
70,27,17
70,38,18
70,35,19
70,34,20
70,33,21
71,14,1
71,15,2
71,16,3
71,41,4
71,17,5
71,42,6
71,21,7
71,43,8
71,44,9
71,45,10
71,46,11
71,47,12
71,48,13
71,22,14
71,67,15
71,68,16
71,27,17
71,38,18
71,35,19
72,14,1
72,15,2
72,16,3
72,41,4
72,17,5
72,42,6
72,21,7
72,43,8
72,44,9
72,45,10
72,46,11
72,47,12
72,48,13
72,22,14
72,67,15
72,68,16
72,27,17
72,38,18
72,35,19
72,34,20
72,36,21
72,37,22
73,14,1
73,15,2
73,16,3
73,41,4
73,17,5
73,42,6
73,21,7
73,43,8
73,44,9
73,45,10
73,46,11
73,47,12
73,48,13
73,22,14
73,67,15
73,68,16
73,27,17
73,38,18
73,35,19
73,34,20
73,33,21
73,70,22
73,39,23
74,14,1
74,13,2
74,12,3
74,40,4
74,11,5
74,10,6
74,4,7
74,5,8
75,14,1
75,13,2
75,12,3
75,40,4
75,11,5
75,10,6
75,6,7
76,14,1
76,13,2
76,12,3
76,40,4
76,11,5
76,10,6
76,6,7
76,7,8
77,15,1
77,14,2
77,13,3
77,12,4
77,40,5
77,11,6
77,3,7
77,71,8
77,72,9
77,73,10
77,74,11
77,2,12
77,75,13
77,76,14
77,1,15
78,15,1
78,14,2
78,13,3
78,12,4
79,15,1
79,14,2
79,13,3
80,15,1
80,14,2
81,15,1
81,16,2
82,15,1
82,16,2
82,41,3
82,17,4
83,15,1
83,14,2
83,13,3
83,18,4
84,15,1
84,14,2
84,13,3
84,18,4
84,20,5
84,19,6
85,15,1
85,14,2
85,13,3
85,12,4
85,40,5
85,11,6
85,3,7
85,71,8
85,72,9
85,73,10
85,74,11
85,2,12
86,15,1
86,14,2
86,13,3
86,18,4
86,20,5
86,19,6
86,50,7
86,23,8
86,51,9
86,24,10
86,52,11
86,53,12
86,54,13
86,25,14
87,15,1
87,16,2
87,41,3
87,17,4
87,42,5
87,21,6
87,43,7
87,44,8
87,45,9
87,46,10
87,47,11
87,48,12
87,22,13
87,67,14
87,68,15
87,27,16
87,28,17
87,29,18
88,15,1
88,16,2
88,41,3
88,17,4
88,42,5
88,21,6
88,43,7
88,44,8
88,45,9
88,46,10
88,47,11
88,48,12
88,22,13
88,67,14
88,68,15
88,27,16
88,38,17
88,35,18
88,34,19
88,32,20
88,31,21
89,15,1
89,16,2
89,41,3
89,17,4
89,42,5
89,21,6
89,43,7
89,44,8
89,45,9
89,46,10
89,47,11
89,48,12
89,22,13
89,67,14
89,68,15
89,27,16
89,38,17
89,35,18
89,34,19
89,33,20
90,15,1
90,16,2
90,41,3
90,17,4
90,42,5
90,21,6
90,43,7
90,44,8
90,45,9
90,46,10
90,47,11
90,48,12
90,22,13
90,67,14
90,68,15
90,27,16
90,38,17
90,35,18
91,15,1
91,16,2
91,41,3
91,17,4
91,42,5
91,21,6
91,43,7
91,44,8
91,45,9
91,46,10
91,47,11
91,48,12
91,22,13
91,67,14
91,68,15
91,27,16
91,38,17
91,35,18
91,34,19
91,36,20
91,37,21
92,15,1
92,16,2
92,41,3
92,17,4
92,42,5
92,21,6
92,43,7
92,44,8
92,45,9
92,46,10
92,47,11
92,48,12
92,22,13
92,67,14
92,68,15
92,27,16
92,38,17
92,35,18
92,34,19
92,33,20
92,70,21
92,39,22
93,15,1
93,14,2
93,13,3
93,12,4
93,40,5
93,11,6
93,10,7
93,4,8
93,5,9
94,15,1
94,14,2
94,13,3
94,12,4
94,40,5
94,11,6
94,10,7
94,6,8
95,15,1
95,14,2
95,13,3
95,12,4
95,40,5
95,11,6
95,10,7
95,6,8
95,7,9
96,16,1
96,15,2
96,14,3
96,13,4
96,12,5
96,40,6
96,11,7
96,3,8
96,71,9
96,72,10
96,73,11
96,74,12
96,2,13
96,75,14
96,76,15
96,1,16
97,16,1
97,15,2
97,14,3
97,13,4
97,12,5
98,16,1
98,15,2
98,14,3
98,13,4
99,16,1
99,15,2
99,14,3
100,16,1
100,15,2
101,16,1
101,41,2
101,17,3
102,16,1
102,41,2
102,18,3
103,16,1
103,41,2
103,18,3
103,20,4
103,19,5
104,16,1
104,15,2
104,14,3
104,13,4
104,12,5
104,40,6
104,11,7
104,3,8
104,71,9
104,72,10
104,73,11
104,74,12
104,2,13
105,16,1
105,41,2
105,18,3
105,20,4
105,19,5
105,50,6
105,23,7
105,51,8
105,24,9
105,52,10
105,53,11
105,54,12
105,25,13
106,16,1
106,41,2
106,17,3
106,42,4
106,21,5
106,43,6
106,44,7
106,45,8
106,46,9
106,47,10
106,48,11
106,22,12
106,67,13
106,68,14
106,27,15
106,28,16
106,29,17
107,16,1
107,41,2
107,17,3
107,42,4
107,21,5
107,43,6
107,44,7
107,45,8
107,46,9
107,47,10
107,48,11
107,22,12
107,67,13
107,68,14
107,27,15
107,38,16
107,35,17
107,34,18
107,32,19
107,31,20
108,16,1
108,41,2
108,17,3
108,42,4
108,21,5
108,43,6
108,44,7
108,45,8
108,46,9
108,47,10
108,48,11
108,22,12
108,67,13
108,68,14
108,27,15
108,38,16
108,35,17
108,34,18
108,33,19
109,16,1
109,41,2
109,17,3
109,42,4
109,21,5
109,43,6
109,44,7
109,45,8
109,46,9
109,47,10
109,48,11
109,22,12
109,67,13
109,68,14
109,27,15
109,38,16
109,35,17
110,16,1
110,41,2
110,17,3
110,42,4
110,21,5
110,43,6
110,44,7
110,45,8
110,46,9
110,47,10
110,48,11
110,22,12
110,67,13
110,68,14
110,27,15
110,38,16
110,35,17
110,34,18
110,36,19
110,37,20
111,16,1
111,41,2
111,17,3
111,42,4
111,21,5
111,43,6
111,44,7
111,45,8
111,46,9
111,47,10
111,48,11
111,22,12
111,67,13
111,68,14
111,27,15
111,38,16
111,35,17
111,34,18
111,33,19
111,70,20
111,39,21
112,16,1
112,15,2
112,14,3
112,13,4
112,12,5
112,40,6
112,11,7
112,10,8
112,4,9
112,5,10
113,16,1
113,15,2
113,14,3
113,13,4
113,12,5
113,40,6
113,11,7
113,10,8
113,6,9
114,16,1
114,15,2
114,14,3
114,13,4
114,12,5
114,40,6
114,11,7
114,10,8
114,6,9
114,7,10
115,17,1
115,18,2
115,13,3
115,12,4
115,40,5
115,11,6
115,3,7
115,71,8
115,72,9
115,73,10
115,74,11
115,2,12
115,75,13
115,76,14
115,1,15
116,17,1
116,18,2
116,13,3
116,12,4
117,17,1
117,18,2
117,13,3
118,17,1
118,41,2
118,16,3
118,15,4
118,14,5
119,17,1
119,41,2
119,16,3
119,15,4
120,17,1
120,41,2
120,16,3
121,17,1
121,18,2
122,17,1
122,18,2
122,20,3
122,19,4
123,17,1
123,18,2
123,13,3
123,12,4
123,40,5
123,11,6
123,3,7
123,71,8
123,72,9
123,73,10
123,74,11
123,2,12
124,17,1
124,18,2
124,20,3
124,19,4
124,50,5
124,23,6
124,51,7
124,24,8
124,52,9
124,53,10
124,54,11
124,25,12
125,17,1
125,42,2
125,21,3
125,43,4
125,44,5
125,45,6
125,46,7
125,47,8
125,48,9
125,22,10
125,67,11
125,68,12
125,27,13
125,28,14
125,29,15
126,17,1
126,42,2
126,21,3
126,43,4
126,44,5
126,45,6
126,46,7
126,47,8
126,48,9
126,22,10
126,67,11
126,68,12
126,27,13
126,38,14
126,35,15
126,34,16
126,32,17
126,31,18
127,17,1
127,42,2
127,21,3
127,43,4
127,44,5
127,45,6
127,46,7
127,47,8
127,48,9
127,22,10
127,67,11
127,68,12
127,27,13
127,38,14
127,35,15
127,34,16
127,33,17
128,17,1
128,42,2
128,21,3
128,43,4
128,44,5
128,45,6
128,46,7
128,47,8
128,48,9
128,22,10
128,67,11
128,68,12
128,27,13
128,38,14
128,35,15
129,17,1
129,42,2
129,21,3
129,43,4
129,44,5
129,45,6
129,46,7
129,47,8
129,48,9
129,22,10
129,67,11
129,68,12
129,27,13
129,38,14
129,35,15
129,34,16
129,36,17
129,37,18
130,17,1
130,42,2
130,21,3
130,43,4
130,44,5
130,45,6
130,46,7
130,47,8
130,48,9
130,22,10
130,67,11
130,68,12
130,27,13
130,38,14
130,35,15
130,34,16
130,33,17
130,70,18
130,39,19
131,17,1
131,18,2
131,13,3
131,12,4
131,40,5
131,11,6
131,10,7
131,4,8
131,5,9
132,17,1
132,18,2
132,13,3
132,12,4
132,40,5
132,11,6
132,10,7
132,6,8
133,17,1
133,18,2
133,13,3
133,12,4
133,40,5
133,11,6
133,10,7
133,6,8
133,7,9
134,18,1
134,13,2
134,12,3
134,40,4
134,11,5
134,3,6
134,71,7
134,72,8
134,73,9
134,74,10
134,2,11
134,75,12
134,76,13
134,1,14
135,18,1
135,13,2
135,12,3
136,18,1
136,13,2
137,18,1
137,13,2
137,14,3
138,18,1
138,13,2
138,14,3
138,15,4
139,18,1
139,41,2
139,16,3
140,18,1
140,17,2
141,18,1
141,20,2
141,19,3
142,18,1
142,13,2
142,12,3
142,40,4
142,11,5
142,3,6
142,71,7
142,72,8
142,73,9
142,74,10
142,2,11
143,18,1
143,20,2
143,19,3
143,50,4
143,23,5
143,51,6
143,24,7
143,52,8
143,53,9
143,54,10
143,25,11
144,18,1
144,17,2
144,42,3
144,21,4
144,43,5
144,44,6
144,45,7
144,46,8
144,47,9
144,48,10
144,22,11
144,67,12
144,68,13
144,27,14
144,28,15
144,29,16
145,18,1
145,17,2
145,42,3
145,21,4
145,43,5
145,44,6
145,45,7
145,46,8
145,47,9
145,48,10
145,22,11
145,67,12
145,68,13
145,27,14
145,38,15
145,35,16
145,34,17
145,32,18
145,31,19
146,18,1
146,17,2
146,42,3
146,21,4
146,43,5
146,44,6
146,45,7
146,46,8
146,47,9
146,48,10
146,22,11
146,67,12
146,68,13
146,27,14
146,38,15
146,35,16
146,34,17
146,33,18
147,18,1
147,17,2
147,42,3
147,21,4
147,43,5
147,44,6
147,45,7
147,46,8
147,47,9
147,48,10
147,22,11
147,67,12
147,68,13
147,27,14
147,38,15
147,35,16
148,18,1
148,17,2
148,42,3
148,21,4
148,43,5
148,44,6
148,45,7
148,46,8
148,47,9
148,48,10
148,22,11
148,67,12
148,68,13
148,27,14
148,38,15
148,35,16
148,34,17
148,36,18
148,37,19
149,18,1
149,17,2
149,42,3
149,21,4
149,43,5
149,44,6
149,45,7
149,46,8
149,47,9
149,48,10
149,22,11
149,67,12
149,68,13
149,27,14
149,38,15
149,35,16
149,34,17
149,33,18
149,70,19
149,39,20
150,18,1
150,13,2
150,12,3
150,40,4
150,11,5
150,10,6
150,4,7
150,5,8
151,18,1
151,13,2
151,12,3
151,40,4
151,11,5
151,10,6
151,6,7
152,18,1
152,13,2
152,12,3
152,40,4
152,11,5
152,10,6
152,6,7
152,7,8
153,19,1
153,49,2
153,6,3
153,5,4
153,4,5
153,3,6
153,71,7
153,72,8
153,73,9
153,74,10
153,2,11
153,75,12
153,76,13
153,1,14
154,19,1
154,20,2
154,18,3
154,13,4
154,12,5
155,19,1
155,20,2
155,18,3
155,13,4
156,19,1
156,20,2
156,18,3
156,13,4
156,14,5
157,19,1
157,20,2
157,18,3
157,13,4
157,14,5
157,15,6
158,19,1
158,20,2
158,18,3
158,41,4
158,16,5
159,19,1
159,20,2
159,18,3
159,17,4
160,19,1
160,20,2
160,18,3
161,19,1
161,49,2
161,6,3
161,5,4
161,4,5
161,3,6
161,71,7
161,72,8
161,73,9
161,74,10
161,2,11
162,19,1
162,50,2
162,23,3
162,51,4
162,24,5
162,52,6
162,53,7
162,54,8
162,25,9
163,19,1
163,20,2
163,21,3
163,43,4
163,44,5
163,45,6
163,46,7
163,47,8
163,48,9
163,22,10
163,67,11
163,68,12
163,27,13
163,28,14
163,29,15
164,19,1
164,20,2
164,21,3
164,43,4
164,44,5
164,45,6
164,46,7
164,47,8
164,48,9
164,22,10
164,67,11
164,68,12
164,27,13
164,38,14
164,35,15
164,34,16
164,32,17
164,31,18
165,19,1
165,20,2
165,21,3
165,43,4
165,44,5
165,45,6
165,46,7
165,47,8
165,48,9
165,22,10
165,67,11
165,68,12
165,27,13
165,38,14
165,35,15
165,34,16
165,33,17
166,19,1
166,20,2
166,21,3
166,43,4
166,44,5
166,45,6
166,46,7
166,47,8
166,48,9
166,22,10
166,67,11
166,68,12
166,27,13
166,38,14
166,35,15
167,19,1
167,20,2
167,21,3
167,43,4
167,44,5
167,45,6
167,46,7
167,47,8
167,48,9
167,22,10
167,67,11
167,68,12
167,27,13
167,38,14
167,35,15
167,34,16
167,36,17
167,37,18
168,19,1
168,20,2
168,21,3
168,43,4
168,44,5
168,45,6
168,46,7
168,47,8
168,48,9
168,22,10
168,67,11
168,68,12
168,27,13
168,38,14
168,35,15
168,34,16
168,33,17
168,70,18
168,39,19
169,19,1
169,49,2
169,6,3
169,5,4
170,19,1
170,49,2
170,6,3
171,19,1
171,49,2
171,6,3
171,7,4
172,2,1
172,75,2
172,76,3
172,1,4
173,2,1
173,74,2
173,73,3
173,72,4
173,71,5
173,3,6
173,11,7
173,40,8
173,12,9
174,2,1
174,74,2
174,73,3
174,72,4
174,71,5
174,3,6
174,11,7
174,40,8
174,12,9
174,13,10
175,2,1
175,74,2
175,73,3
175,72,4
175,71,5
175,3,6
175,11,7
175,40,8
175,12,9
175,13,10
175,14,11
176,2,1
176,74,2
176,73,3
176,72,4
176,71,5
176,3,6
176,11,7
176,40,8
176,12,9
176,13,10
176,14,11
176,15,12
177,2,1
177,74,2
177,73,3
177,72,4
177,71,5
177,3,6
177,11,7
177,40,8
177,12,9
177,13,10
177,14,11
177,15,12
177,16,13
178,2,1
178,74,2
178,73,3
178,72,4
178,71,5
178,3,6
178,11,7
178,40,8
178,12,9
178,13,10
178,18,11
178,17,12
179,2,1
179,74,2
179,73,3
179,72,4
179,71,5
179,3,6
179,11,7
179,40,8
179,12,9
179,13,10
179,18,11
180,2,1
180,74,2
180,73,3
180,72,4
180,71,5
180,3,6
180,4,7
180,5,8
180,6,9
180,49,10
180,19,11
181,2,1
181,74,2
181,73,3
181,72,4
181,71,5
181,3,6
181,4,7
181,5,8
181,6,9
181,49,10
181,19,11
181,50,12
181,23,13
181,51,14
181,24,15
181,52,16
181,53,17
181,54,18
181,25,19
182,2,1
182,74,2
182,73,3
182,72,4
182,71,5
182,3,6
182,4,7
182,5,8
182,6,9
182,49,10
182,19,11
182,20,12
182,21,13
182,43,14
182,44,15
182,45,16
182,46,17
182,47,18
182,48,19
182,22,20
182,67,21
182,68,22
182,27,23
182,28,24
182,29,25
183,2,1
183,74,2
183,73,3
183,72,4
183,71,5
183,3,6
183,4,7
183,5,8
183,6,9
183,49,10
183,19,11
183,20,12
183,21,13
183,43,14
183,44,15
183,45,16
183,46,17
183,47,18
183,48,19
183,22,20
183,67,21
183,68,22
183,27,23
183,38,24
183,35,25
183,34,26
183,32,27
183,31,28
184,2,1
184,74,2
184,73,3
184,72,4
184,71,5
184,3,6
184,4,7
184,5,8
184,6,9
184,49,10
184,19,11
184,20,12
184,21,13
184,43,14
184,44,15
184,45,16
184,46,17
184,47,18
184,48,19
184,22,20
184,67,21
184,68,22
184,27,23
184,38,24
184,35,25
184,34,26
184,33,27
185,2,1
185,74,2
185,73,3
185,72,4
185,71,5
185,3,6
185,4,7
185,5,8
185,6,9
185,49,10
185,19,11
185,20,12
185,21,13
185,43,14
185,44,15
185,45,16
185,46,17
185,47,18
185,48,19
185,22,20
185,67,21
185,68,22
185,27,23
185,38,24
185,35,25
186,2,1
186,74,2
186,73,3
186,72,4
186,71,5
186,3,6
186,4,7
186,5,8
186,6,9
186,49,10
186,19,11
186,20,12
186,21,13
186,43,14
186,44,15
186,45,16
186,46,17
186,47,18
186,48,19
186,22,20
186,67,21
186,68,22
186,27,23
186,38,24
186,35,25
186,34,26
186,36,27
186,37,28
187,2,1
187,74,2
187,73,3
187,72,4
187,71,5
187,3,6
187,4,7
187,5,8
187,6,9
187,49,10
187,19,11
187,20,12
187,21,13
187,43,14
187,44,15
187,45,16
187,46,17
187,47,18
187,48,19
187,22,20
187,67,21
187,68,22
187,27,23
187,38,24
187,35,25
187,34,26
187,33,27
187,70,28
187,39,29
188,2,1
188,74,2
188,73,3
188,72,4
188,71,5
188,3,6
188,4,7
188,5,8
189,2,1
189,74,2
189,73,3
189,72,4
189,71,5
189,3,6
189,4,7
189,5,8
189,6,9
190,2,1
190,74,2
190,73,3
190,72,4
190,71,5
190,3,6
190,4,7
190,5,8
190,6,9
190,7,10
191,25,1
191,54,2
191,53,3
191,52,4
191,24,5
191,51,6
191,23,7
191,50,8
191,19,9
191,49,10
191,6,11
191,5,12
191,4,13
191,3,14
191,71,15
191,72,16
191,73,17
191,74,18
191,2,19
191,75,20
191,76,21
191,1,22
192,25,1
192,54,2
192,53,3
192,52,4
192,24,5
192,51,6
192,23,7
192,50,8
192,19,9
192,20,10
192,18,11
192,13,12
192,12,13
193,25,1
193,54,2
193,53,3
193,52,4
193,24,5
193,51,6
193,23,7
193,50,8
193,19,9
193,20,10
193,18,11
193,13,12
194,25,1
194,54,2
194,53,3
194,52,4
194,24,5
194,51,6
194,23,7
194,50,8
194,19,9
194,20,10
194,18,11
194,13,12
194,14,13
195,25,1
195,54,2
195,53,3
195,52,4
195,24,5
195,51,6
195,23,7
195,50,8
195,19,9
195,20,10
195,18,11
195,13,12
195,14,13
195,15,14
196,25,1
196,54,2
196,53,3
196,52,4
196,24,5
196,51,6
196,23,7
196,50,8
196,19,9
196,20,10
196,18,11
196,41,12
196,16,13
197,25,1
197,54,2
197,53,3
197,52,4
197,24,5
197,51,6
197,23,7
197,50,8
197,19,9
197,20,10
197,18,11
197,17,12
198,25,1
198,54,2
198,53,3
198,52,4
198,24,5
198,51,6
198,23,7
198,50,8
198,19,9
198,20,10
198,18,11
199,25,1
199,54,2
199,53,3
199,52,4
199,24,5
199,51,6
199,23,7
199,50,8
199,19,9
200,25,1
200,54,2
200,53,3
200,52,4
200,24,5
200,51,6
200,23,7
200,50,8
200,19,9
200,49,10
200,6,11
200,5,12
200,4,13
200,3,14
200,71,15
200,72,16
200,73,17
200,74,18
200,2,19
201,25,1
201,55,2
201,56,3
201,57,4
201,58,5
201,59,6
201,60,7
201,61,8
201,62,9
201,63,10
201,64,11
201,65,12
201,26,13
201,66,14
201,22,15
201,67,16
201,68,17
201,27,18
201,28,19
201,29,20
202,25,1
202,55,2
202,56,3
202,57,4
202,58,5
202,59,6
202,60,7
202,61,8
202,62,9
202,63,10
202,64,11
202,65,12
202,26,13
202,66,14
202,22,15
202,67,16
202,68,17
202,27,18
202,38,19
202,35,20
202,34,21
202,32,22
202,31,23
203,25,1
203,55,2
203,56,3
203,57,4
203,58,5
203,59,6
203,60,7
203,61,8
203,62,9
203,63,10
203,64,11
203,65,12
203,26,13
203,66,14
203,22,15
203,67,16
203,68,17
203,27,18
203,38,19
203,35,20
203,34,21
203,33,22
204,25,1
204,55,2
204,56,3
204,57,4
204,58,5
204,59,6
204,60,7
204,61,8
204,62,9
204,63,10
204,64,11
204,65,12
204,26,13
204,66,14
204,22,15
204,67,16
204,68,17
204,27,18
204,38,19
204,35,20
205,25,1
205,55,2
205,56,3
205,57,4
205,58,5
205,59,6
205,60,7
205,61,8
205,62,9
205,63,10
205,64,11
205,65,12
205,26,13
205,66,14
205,22,15
205,67,16
205,68,17
205,27,18
205,38,19
205,35,20
205,34,21
205,36,22
205,37,23
206,25,1
206,55,2
206,56,3
206,57,4
206,58,5
206,59,6
206,60,7
206,61,8
206,62,9
206,63,10
206,64,11
206,65,12
206,26,13
206,66,14
206,22,15
206,67,16
206,68,17
206,27,18
206,38,19
206,35,20
206,34,21
206,33,22
206,70,23
206,39,24
207,25,1
207,54,2
207,53,3
207,52,4
207,24,5
207,51,6
207,23,7
207,50,8
207,19,9
207,49,10
207,6,11
207,5,12
208,25,1
208,54,2
208,53,3
208,52,4
208,24,5
208,51,6
208,23,7
208,50,8
208,19,9
208,49,10
208,6,11
209,25,1
209,54,2
209,53,3
209,52,4
209,24,5
209,51,6
209,23,7
209,50,8
209,19,9
209,49,10
209,6,11
209,7,12
210,29,1
210,28,2
210,27,3
210,68,4
210,67,5
210,22,6
210,48,7
210,47,8
210,46,9
210,45,10
210,44,11
210,43,12
210,21,13
210,20,14
210,19,15
210,49,16
210,6,17
210,5,18
210,4,19
210,3,20
210,71,21
210,72,22
210,73,23
210,74,24
210,2,25
210,75,26
210,76,27
210,1,28
211,29,1
211,28,2
211,27,3
211,68,4
211,67,5
211,22,6
211,48,7
211,47,8
211,46,9
211,45,10
211,44,11
211,43,12
211,21,13
211,42,14
211,17,15
211,18,16
211,13,17
211,12,18
212,29,1
212,28,2
212,27,3
212,68,4
212,67,5
212,22,6
212,48,7
212,47,8
212,46,9
212,45,10
212,44,11
212,43,12
212,21,13
212,42,14
212,17,15
212,18,16
212,13,17
213,29,1
213,28,2
213,27,3
213,68,4
213,67,5
213,22,6
213,48,7
213,47,8
213,46,9
213,45,10
213,44,11
213,43,12
213,21,13
213,42,14
213,17,15
213,41,16
213,16,17
213,15,18
213,14,19
214,29,1
214,28,2
214,27,3
214,68,4
214,67,5
214,22,6
214,48,7
214,47,8
214,46,9
214,45,10
214,44,11
214,43,12
214,21,13
214,42,14
214,17,15
214,41,16
214,16,17
214,15,18
215,29,1
215,28,2
215,27,3
215,68,4
215,67,5
215,22,6
215,48,7
215,47,8
215,46,9
215,45,10
215,44,11
215,43,12
215,21,13
215,42,14
215,17,15
215,41,16
215,16,17
216,29,1
216,28,2
216,27,3
216,68,4
216,67,5
216,22,6
216,48,7
216,47,8
216,46,9
216,45,10
216,44,11
216,43,12
216,21,13
216,42,14
216,17,15
217,29,1
217,28,2
217,27,3
217,68,4
217,67,5
217,22,6
217,48,7
217,47,8
217,46,9
217,45,10
217,44,11
217,43,12
217,21,13
217,42,14
217,17,15
217,18,16
218,29,1
218,28,2
218,27,3
218,68,4
218,67,5
218,22,6
218,48,7
218,47,8
218,46,9
218,45,10
218,44,11
218,43,12
218,21,13
218,20,14
218,19,15
219,29,1
219,28,2
219,27,3
219,68,4
219,67,5
219,22,6
219,48,7
219,47,8
219,46,9
219,45,10
219,44,11
219,43,12
219,21,13
219,20,14
219,19,15
219,49,16
219,6,17
219,5,18
219,4,19
219,3,20
219,71,21
219,72,22
219,73,23
219,74,24
219,2,25
220,29,1
220,28,2
220,27,3
220,68,4
220,67,5
220,22,6
220,66,7
220,26,8
220,65,9
220,64,10
220,63,11
220,62,12
220,61,13
220,60,14
220,59,15
220,58,16
220,57,17
220,56,18
220,55,19
220,25,20
221,29,1
221,32,2
221,31,3
222,29,1
222,32,2
222,33,3
223,29,1
223,28,2
223,35,3
224,29,1
224,28,2
224,35,3
224,34,4
224,36,5
224,37,6
225,29,1
225,32,2
225,33,3
225,70,4
225,39,5
226,29,1
226,28,2
226,27,3
226,68,4
226,67,5
226,22,6
226,48,7
226,47,8
226,46,9
226,45,10
226,44,11
226,43,12
226,21,13
226,20,14
226,19,15
226,49,16
226,6,17
226,5,18
227,29,1
227,28,2
227,27,3
227,68,4
227,67,5
227,22,6
227,48,7
227,47,8
227,46,9
227,45,10
227,44,11
227,43,12
227,21,13
227,20,14
227,19,15
227,49,16
227,6,17
228,29,1
228,28,2
228,27,3
228,68,4
228,67,5
228,22,6
228,48,7
228,47,8
228,46,9
228,45,10
228,44,11
228,43,12
228,21,13
228,20,14
228,19,15
228,49,16
228,6,17
228,7,18
229,31,1
229,32,2
229,34,3
229,35,4
229,38,5
229,27,6
229,68,7
229,67,8
229,22,9
229,48,10
229,47,11
229,46,12
229,45,13
229,44,14
229,43,15
229,21,16
229,20,17
229,19,18
229,49,19
229,6,20
229,5,21
229,4,22
229,3,23
229,71,24
229,72,25
229,73,26
229,74,27
229,2,28
229,75,29
229,76,30
229,1,31
230,31,1
230,32,2
230,34,3
230,35,4
230,38,5
230,27,6
230,68,7
230,67,8
230,22,9
230,48,10
230,47,11
230,46,12
230,45,13
230,44,14
230,43,15
230,21,16
230,42,17
230,17,18
230,18,19
230,13,20
230,12,21
231,31,1
231,32,2
231,34,3
231,35,4
231,38,5
231,27,6
231,68,7
231,67,8
231,22,9
231,48,10
231,47,11
231,46,12
231,45,13
231,44,14
231,43,15
231,21,16
231,42,17
231,17,18
231,18,19
231,13,20
232,31,1
232,32,2
232,34,3
232,35,4
232,38,5
232,27,6
232,68,7
232,67,8
232,22,9
232,48,10
232,47,11
232,46,12
232,45,13
232,44,14
232,43,15
232,21,16
232,42,17
232,17,18
232,41,19
232,16,20
232,15,21
232,14,22
233,31,1
233,32,2
233,34,3
233,35,4
233,38,5
233,27,6
233,68,7
233,67,8
233,22,9
233,48,10
233,47,11
233,46,12
233,45,13
233,44,14
233,43,15
233,21,16
233,42,17
233,17,18
233,41,19
233,16,20
233,15,21
234,31,1
234,32,2
234,34,3
234,35,4
234,38,5
234,27,6
234,68,7
234,67,8
234,22,9
234,48,10
234,47,11
234,46,12
234,45,13
234,44,14
234,43,15
234,21,16
234,42,17
234,17,18
234,41,19
234,16,20
235,31,1
235,32,2
235,34,3
235,35,4
235,38,5
235,27,6
235,68,7
235,67,8
235,22,9
235,48,10
235,47,11
235,46,12
235,45,13
235,44,14
235,43,15
235,21,16
235,42,17
235,17,18
236,31,1
236,32,2
236,34,3
236,35,4
236,38,5
236,27,6
236,68,7
236,67,8
236,22,9
236,48,10
236,47,11
236,46,12
236,45,13
236,44,14
236,43,15
236,21,16
236,42,17
236,17,18
236,18,19
237,31,1
237,32,2
237,34,3
237,35,4
237,38,5
237,27,6
237,68,7
237,67,8
237,22,9
237,48,10
237,47,11
237,46,12
237,45,13
237,44,14
237,43,15
237,21,16
237,20,17
237,19,18
238,31,1
238,32,2
238,34,3
238,35,4
238,38,5
238,27,6
238,68,7
238,67,8
238,22,9
238,48,10
238,47,11
238,46,12
238,45,13
238,44,14
238,43,15
238,21,16
238,20,17
238,19,18
238,49,19
238,6,20
238,5,21
238,4,22
238,3,23
238,71,24
238,72,25
238,73,26
238,74,27
238,2,28
239,31,1
239,32,2
239,34,3
239,35,4
239,38,5
239,27,6
239,68,7
239,67,8
239,22,9
239,66,10
239,26,11
239,65,12
239,64,13
239,63,14
239,62,15
239,61,16
239,60,17
239,59,18
239,58,19
239,57,20
239,56,21
239,55,22
239,25,23
240,31,1
240,32,2
240,29,3
241,31,1
241,32,2
241,33,3
242,31,1
242,32,2
242,34,3
242,35,4
243,31,1
243,32,2
243,34,3
243,36,4
243,37,5
244,31,1
244,32,2
244,33,3
244,70,4
244,39,5
245,31,1
245,32,2
245,34,3
245,35,4
245,38,5
245,27,6
245,68,7
245,67,8
245,22,9
245,48,10
245,47,11
245,46,12
245,45,13
245,44,14
245,43,15
245,21,16
245,20,17
245,19,18
245,49,19
245,6,20
245,5,21
246,31,1
246,32,2
246,34,3
246,35,4
246,38,5
246,27,6
246,68,7
246,67,8
246,22,9
246,48,10
246,47,11
246,46,12
246,45,13
246,44,14
246,43,15
246,21,16
246,20,17
246,19,18
246,49,19
246,6,20
247,31,1
247,32,2
247,34,3
247,35,4
247,38,5
247,27,6
247,68,7
247,67,8
247,22,9
247,48,10
247,47,11
247,46,12
247,45,13
247,44,14
247,43,15
247,21,16
247,20,17
247,19,18
247,49,19
247,6,20
247,7,21
248,33,1
248,34,2
248,35,3
248,38,4
248,27,5
248,68,6
248,67,7
248,22,8
248,48,9
248,47,10
248,46,11
248,45,12
248,44,13
248,43,14
248,21,15
248,20,16
248,19,17
248,49,18
248,6,19
248,5,20
248,4,21
248,3,22
248,71,23
248,72,24
248,73,25
248,74,26
248,2,27
248,75,28
248,76,29
248,1,30
249,33,1
249,34,2
249,35,3
249,38,4
249,27,5
249,68,6
249,67,7
249,22,8
249,48,9
249,47,10
249,46,11
249,45,12
249,44,13
249,43,14
249,21,15
249,42,16
249,17,17
249,18,18
249,13,19
249,12,20
250,33,1
250,34,2
250,35,3
250,38,4
250,27,5
250,68,6
250,67,7
250,22,8
250,48,9
250,47,10
250,46,11
250,45,12
250,44,13
250,43,14
250,21,15
250,42,16
250,17,17
250,18,18
250,13,19
251,33,1
251,34,2
251,35,3
251,38,4
251,27,5
251,68,6
251,67,7
251,22,8
251,48,9
251,47,10
251,46,11
251,45,12
251,44,13
251,43,14
251,21,15
251,42,16
251,17,17
251,41,18
251,16,19
251,15,20
251,14,21
252,33,1
252,34,2
252,35,3
252,38,4
252,27,5
252,68,6
252,67,7
252,22,8
252,48,9
252,47,10
252,46,11
252,45,12
252,44,13
252,43,14
252,21,15
252,42,16
252,17,17
252,41,18
252,16,19
252,15,20
253,33,1
253,34,2
253,35,3
253,38,4
253,27,5
253,68,6
253,67,7
253,22,8
253,48,9
253,47,10
253,46,11
253,45,12
253,44,13
253,43,14
253,21,15
253,42,16
253,17,17
253,41,18
253,16,19
254,33,1
254,34,2
254,35,3
254,38,4
254,27,5
254,68,6
254,67,7
254,22,8
254,48,9
254,47,10
254,46,11
254,45,12
254,44,13
254,43,14
254,21,15
254,42,16
254,17,17
255,33,1
255,34,2
255,35,3
255,38,4
255,27,5
255,68,6
255,67,7
255,22,8
255,48,9
255,47,10
255,46,11
255,45,12
255,44,13
255,43,14
255,21,15
255,42,16
255,17,17
255,18,18
256,33,1
256,34,2
256,35,3
256,38,4
256,27,5
256,68,6
256,67,7
256,22,8
256,48,9
256,47,10
256,46,11
256,45,12
256,44,13
256,43,14
256,21,15
256,20,16
256,19,17
257,33,1
257,34,2
257,35,3
257,38,4
257,27,5
257,68,6
257,67,7
257,22,8
257,48,9
257,47,10
257,46,11
257,45,12
257,44,13
257,43,14
257,21,15
257,20,16
257,19,17
257,49,18
257,6,19
257,5,20
257,4,21
257,3,22
257,71,23
257,72,24
257,73,25
257,74,26
257,2,27
258,33,1
258,34,2
258,35,3
258,38,4
258,27,5
258,68,6
258,67,7
258,22,8
258,66,9
258,26,10
258,65,11
258,64,12
258,63,13
258,62,14
258,61,15
258,60,16
258,59,17
258,58,18
258,57,19
258,56,20
258,55,21
258,25,22
259,33,1
259,32,2
259,29,3
260,33,1
260,32,2
260,31,3
261,33,1
261,34,2
261,35,3
262,33,1
262,34,2
262,36,3
262,37,4
263,33,1
263,70,2
263,39,3
264,33,1
264,34,2
264,35,3
264,38,4
264,27,5
264,68,6
264,67,7
264,22,8
264,48,9
264,47,10
264,46,11
264,45,12
264,44,13
264,43,14
264,21,15
264,20,16
264,19,17
264,49,18
264,6,19
264,5,20
265,33,1
265,34,2
265,35,3
265,38,4
265,27,5
265,68,6
265,67,7
265,22,8
265,48,9
265,47,10
265,46,11
265,45,12
265,44,13
265,43,14
265,21,15
265,20,16
265,19,17
265,49,18
265,6,19
266,33,1
266,34,2
266,35,3
266,38,4
266,27,5
266,68,6
266,67,7
266,22,8
266,48,9
266,47,10
266,46,11
266,45,12
266,44,13
266,43,14
266,21,15
266,20,16
266,19,17
266,49,18
266,6,19
266,7,20
267,35,1
267,38,2
267,27,3
267,68,4
267,67,5
267,22,6
267,48,7
267,47,8
267,46,9
267,45,10
267,44,11
267,43,12
267,21,13
267,20,14
267,19,15
267,49,16
267,6,17
267,5,18
267,4,19
267,3,20
267,71,21
267,72,22
267,73,23
267,74,24
267,2,25
267,75,26
267,76,27
267,1,28
268,35,1
268,38,2
268,27,3
268,68,4
268,67,5
268,22,6
268,48,7
268,47,8
268,46,9
268,45,10
268,44,11
268,43,12
268,21,13
268,42,14
268,17,15
268,18,16
268,13,17
268,12,18
269,35,1
269,38,2
269,27,3
269,68,4
269,67,5
269,22,6
269,48,7
269,47,8
269,46,9
269,45,10
269,44,11
269,43,12
269,21,13
269,42,14
269,17,15
269,18,16
269,13,17
270,35,1
270,38,2
270,27,3
270,68,4
270,67,5
270,22,6
270,48,7
270,47,8
270,46,9
270,45,10
270,44,11
270,43,12
270,21,13
270,42,14
270,17,15
270,41,16
270,16,17
270,15,18
270,14,19
271,35,1
271,38,2
271,27,3
271,68,4
271,67,5
271,22,6
271,48,7
271,47,8
271,46,9
271,45,10
271,44,11
271,43,12
271,21,13
271,42,14
271,17,15
271,41,16
271,16,17
271,15,18
272,35,1
272,38,2
272,27,3
272,68,4
272,67,5
272,22,6
272,48,7
272,47,8
272,46,9
272,45,10
272,44,11
272,43,12
272,21,13
272,42,14
272,17,15
272,41,16
272,16,17
273,35,1
273,38,2
273,27,3
273,68,4
273,67,5
273,22,6
273,48,7
273,47,8
273,46,9
273,45,10
273,44,11
273,43,12
273,21,13
273,42,14
273,17,15
274,35,1
274,38,2
274,27,3
274,68,4
274,67,5
274,22,6
274,48,7
274,47,8
274,46,9
274,45,10
274,44,11
274,43,12
274,21,13
274,42,14
274,17,15
274,18,16
275,35,1
275,38,2
275,27,3
275,68,4
275,67,5
275,22,6
275,48,7
275,47,8
275,46,9
275,45,10
275,44,11
275,43,12
275,21,13
275,20,14
275,19,15
276,35,1
276,38,2
276,27,3
276,68,4
276,67,5
276,22,6
276,48,7
276,47,8
276,46,9
276,45,10
276,44,11
276,43,12
276,21,13
276,20,14
276,19,15
276,49,16
276,6,17
276,5,18
276,4,19
276,3,20
276,71,21
276,72,22
276,73,23
276,74,24
276,2,25
277,35,1
277,38,2
277,27,3
277,68,4
277,67,5
277,22,6
277,66,7
277,26,8
277,65,9
277,64,10
277,63,11
277,62,12
277,61,13
277,60,14
277,59,15
277,58,16
277,57,17
277,56,18
277,55,19
277,25,20
278,35,1
278,28,2
278,29,3
279,35,1
279,34,2
279,32,3
279,31,4
280,35,1
280,34,2
280,33,3
281,35,1
281,34,2
281,36,3
281,37,4
282,35,1
282,34,2
282,33,3
282,70,4
282,39,5
283,35,1
283,38,2
283,27,3
283,68,4
283,67,5
283,22,6
283,48,7
283,47,8
283,46,9
283,45,10
283,44,11
283,43,12
283,21,13
283,20,14
283,19,15
283,49,16
283,6,17
283,5,18
284,35,1
284,38,2
284,27,3
284,68,4
284,67,5
284,22,6
284,48,7
284,47,8
284,46,9
284,45,10
284,44,11
284,43,12
284,21,13
284,20,14
284,19,15
284,49,16
284,6,17
285,35,1
285,38,2
285,27,3
285,68,4
285,67,5
285,22,6
285,48,7
285,47,8
285,46,9
285,45,10
285,44,11
285,43,12
285,21,13
285,20,14
285,19,15
285,49,16
285,6,17
285,7,18
286,37,1
286,36,2
286,34,3
286,35,4
286,38,5
286,27,6
286,68,7
286,67,8
286,22,9
286,48,10
286,47,11
286,46,12
286,45,13
286,44,14
286,43,15
286,21,16
286,20,17
286,19,18
286,49,19
286,6,20
286,5,21
286,4,22
286,3,23
286,71,24
286,72,25
286,73,26
286,74,27
286,2,28
286,75,29
286,76,30
286,1,31
287,37,1
287,36,2
287,34,3
287,35,4
287,38,5
287,27,6
287,68,7
287,67,8
287,22,9
287,48,10
287,47,11
287,46,12
287,45,13
287,44,14
287,43,15
287,21,16
287,42,17
287,17,18
287,18,19
287,13,20
287,12,21
288,37,1
288,36,2
288,34,3
288,35,4
288,38,5
288,27,6
288,68,7
288,67,8
288,22,9
288,48,10
288,47,11
288,46,12
288,45,13
288,44,14
288,43,15
288,21,16
288,42,17
288,17,18
288,18,19
288,13,20
289,37,1
289,36,2
289,34,3
289,35,4
289,38,5
289,27,6
289,68,7
289,67,8
289,22,9
289,48,10
289,47,11
289,46,12
289,45,13
289,44,14
289,43,15
289,21,16
289,42,17
289,17,18
289,41,19
289,16,20
289,15,21
289,14,22
290,37,1
290,36,2
290,34,3
290,35,4
290,38,5
290,27,6
290,68,7
290,67,8
290,22,9
290,48,10
290,47,11
290,46,12
290,45,13
290,44,14
290,43,15
290,21,16
290,42,17
290,17,18
290,41,19
290,16,20
290,15,21
291,37,1
291,36,2
291,34,3
291,35,4
291,38,5
291,27,6
291,68,7
291,67,8
291,22,9
291,48,10
291,47,11
291,46,12
291,45,13
291,44,14
291,43,15
291,21,16
291,42,17
291,17,18
291,41,19
291,16,20
292,37,1
292,36,2
292,34,3
292,35,4
292,38,5
292,27,6
292,68,7
292,67,8
292,22,9
292,48,10
292,47,11
292,46,12
292,45,13
292,44,14
292,43,15
292,21,16
292,42,17
292,17,18
293,37,1
293,36,2
293,34,3
293,35,4
293,38,5
293,27,6
293,68,7
293,67,8
293,22,9
293,48,10
293,47,11
293,46,12
293,45,13
293,44,14
293,43,15
293,21,16
293,42,17
293,17,18
293,18,19
294,37,1
294,36,2
294,34,3
294,35,4
294,38,5
294,27,6
294,68,7
294,67,8
294,22,9
294,48,10
294,47,11
294,46,12
294,45,13
294,44,14
294,43,15
294,21,16
294,20,17
294,19,18
295,37,1
295,36,2
295,34,3
295,35,4
295,38,5
295,27,6
295,68,7
295,67,8
295,22,9
295,48,10
295,47,11
295,46,12
295,45,13
295,44,14
295,43,15
295,21,16
295,20,17
295,19,18
295,49,19
295,6,20
295,5,21
295,4,22
295,3,23
295,71,24
295,72,25
295,73,26
295,74,27
295,2,28
296,37,1
296,36,2
296,34,3
296,35,4
296,38,5
296,27,6
296,68,7
296,67,8
296,22,9
296,66,10
296,26,11
296,65,12
296,64,13
296,63,14
296,62,15
296,61,16
296,60,17
296,59,18
296,58,19
296,57,20
296,56,21
296,55,22
296,25,23
297,37,1
297,36,2
297,34,3
297,35,4
297,28,5
297,29,6
298,37,1
298,36,2
298,34,3
298,32,4
298,31,5
299,37,1
299,36,2
299,34,3
299,33,4
300,37,1
300,36,2
300,34,3
300,35,4
301,37,1
301,36,2
301,34,3
301,33,4
301,70,5
301,39,6
302,37,1
302,36,2
302,34,3
302,35,4
302,38,5
302,27,6
302,68,7
302,67,8
302,22,9
302,48,10
302,47,11
302,46,12
302,45,13
302,44,14
302,43,15
302,21,16
302,20,17
302,19,18
302,49,19
302,6,20
302,5,21
303,37,1
303,36,2
303,34,3
303,35,4
303,38,5
303,27,6
303,68,7
303,67,8
303,22,9
303,48,10
303,47,11
303,46,12
303,45,13
303,44,14
303,43,15
303,21,16
303,20,17
303,19,18
303,49,19
303,6,20
304,37,1
304,36,2
304,34,3
304,35,4
304,38,5
304,27,6
304,68,7
304,67,8
304,22,9
304,48,10
304,47,11
304,46,12
304,45,13
304,44,14
304,43,15
304,21,16
304,20,17
304,19,18
304,49,19
304,6,20
304,7,21
305,39,1
305,70,2
305,33,3
305,34,4
305,35,5
305,38,6
305,27,7
305,68,8
305,67,9
305,22,10
305,48,11
305,47,12
305,46,13
305,45,14
305,44,15
305,43,16
305,21,17
305,20,18
305,19,19
305,49,20
305,6,21
305,5,22
305,4,23
305,3,24
305,71,25
305,72,26
305,73,27
305,74,28
305,2,29
305,75,30
305,76,31
305,1,32
306,39,1
306,70,2
306,33,3
306,34,4
306,35,5
306,38,6
306,27,7
306,68,8
306,67,9
306,22,10
306,48,11
306,47,12
306,46,13
306,45,14
306,44,15
306,43,16
306,21,17
306,42,18
306,17,19
306,18,20
306,13,21
306,12,22
307,39,1
307,70,2
307,33,3
307,34,4
307,35,5
307,38,6
307,27,7
307,68,8
307,67,9
307,22,10
307,48,11
307,47,12
307,46,13
307,45,14
307,44,15
307,43,16
307,21,17
307,42,18
307,17,19
307,18,20
307,13,21
308,39,1
308,70,2
308,33,3
308,34,4
308,35,5
308,38,6
308,27,7
308,68,8
308,67,9
308,22,10
308,48,11
308,47,12
308,46,13
308,45,14
308,44,15
308,43,16
308,21,17
308,42,18
308,17,19
308,41,20
308,16,21
308,15,22
308,14,23
309,39,1
309,70,2
309,33,3
309,34,4
309,35,5
309,38,6
309,27,7
309,68,8
309,67,9
309,22,10
309,48,11
309,47,12
309,46,13
309,45,14
309,44,15
309,43,16
309,21,17
309,42,18
309,17,19
309,41,20
309,16,21
309,15,22
310,39,1
310,70,2
310,33,3
310,34,4
310,35,5
310,38,6
310,27,7
310,68,8
310,67,9
310,22,10
310,48,11
310,47,12
310,46,13
310,45,14
310,44,15
310,43,16
310,21,17
310,42,18
310,17,19
310,41,20
310,16,21
311,39,1
311,70,2
311,33,3
311,34,4
311,35,5
311,38,6
311,27,7
311,68,8
311,67,9
311,22,10
311,48,11
311,47,12
311,46,13
311,45,14
311,44,15
311,43,16
311,21,17
311,42,18
311,17,19
312,39,1
312,70,2
312,33,3
312,34,4
312,35,5
312,38,6
312,27,7
312,68,8
312,67,9
312,22,10
312,48,11
312,47,12
312,46,13
312,45,14
312,44,15
312,43,16
312,21,17
312,42,18
312,17,19
312,18,20
313,39,1
313,70,2
313,33,3
313,34,4
313,35,5
313,38,6
313,27,7
313,68,8
313,67,9
313,22,10
313,48,11
313,47,12
313,46,13
313,45,14
313,44,15
313,43,16
313,21,17
313,20,18
313,19,19
314,39,1
314,70,2
314,33,3
314,34,4
314,35,5
314,38,6
314,27,7
314,68,8
314,67,9
314,22,10
314,48,11
314,47,12
314,46,13
314,45,14
314,44,15
314,43,16
314,21,17
314,20,18
314,19,19
314,49,20
314,6,21
314,5,22
314,4,23
314,3,24
314,71,25
314,72,26
314,73,27
314,74,28
314,2,29
315,39,1
315,70,2
315,33,3
315,34,4
315,35,5
315,38,6
315,27,7
315,68,8
315,67,9
315,22,10
315,66,11
315,26,12
315,65,13
315,64,14
315,63,15
315,62,16
315,61,17
315,60,18
315,59,19
315,58,20
315,57,21
315,56,22
315,55,23
315,25,24
316,39,1
316,70,2
316,33,3
316,32,4
316,29,5
317,39,1
317,70,2
317,33,3
317,32,4
317,31,5
318,39,1
318,70,2
318,33,3
319,39,1
319,70,2
319,33,3
319,34,4
319,35,5
320,39,1
320,70,2
320,33,3
320,34,4
320,36,5
320,37,6
321,39,1
321,70,2
321,33,3
321,34,4
321,35,5
321,38,6
321,27,7
321,68,8
321,67,9
321,22,10
321,48,11
321,47,12
321,46,13
321,45,14
321,44,15
321,43,16
321,21,17
321,20,18
321,19,19
321,49,20
321,6,21
321,5,22
322,39,1
322,70,2
322,33,3
322,34,4
322,35,5
322,38,6
322,27,7
322,68,8
322,67,9
322,22,10
322,48,11
322,47,12
322,46,13
322,45,14
322,44,15
322,43,16
322,21,17
322,20,18
322,19,19
322,49,20
322,6,21
323,39,1
323,70,2
323,33,3
323,34,4
323,35,5
323,38,6
323,27,7
323,68,8
323,67,9
323,22,10
323,48,11
323,47,12
323,46,13
323,45,14
323,44,15
323,43,16
323,21,17
323,20,18
323,19,19
323,49,20
323,6,21
323,7,22
324,5,1
324,4,2
324,3,3
324,71,4
324,72,5
324,73,6
324,74,7
324,2,8
324,75,9
324,76,10
324,1,11
325,5,1
325,4,2
325,10,3
325,11,4
325,40,5
325,12,6
326,5,1
326,4,2
326,10,3
326,11,4
326,40,5
326,12,6
326,13,7
327,5,1
327,4,2
327,10,3
327,11,4
327,40,5
327,12,6
327,13,7
327,14,8
328,5,1
328,4,2
328,10,3
328,11,4
328,40,5
328,12,6
328,13,7
328,14,8
328,15,9
329,5,1
329,4,2
329,10,3
329,11,4
329,40,5
329,12,6
329,13,7
329,14,8
329,15,9
329,16,10
330,5,1
330,4,2
330,10,3
330,11,4
330,40,5
330,12,6
330,13,7
330,18,8
330,17,9
331,5,1
331,4,2
331,10,3
331,11,4
331,40,5
331,12,6
331,13,7
331,18,8
332,5,1
332,6,2
332,49,3
332,19,4
333,5,1
333,4,2
333,3,3
333,71,4
333,72,5
333,73,6
333,74,7
333,2,8
334,5,1
334,6,2
334,49,3
334,19,4
334,50,5
334,23,6
334,51,7
334,24,8
334,52,9
334,53,10
334,54,11
334,25,12
335,5,1
335,6,2
335,49,3
335,19,4
335,20,5
335,21,6
335,43,7
335,44,8
335,45,9
335,46,10
335,47,11
335,48,12
335,22,13
335,67,14
335,68,15
335,27,16
335,28,17
335,29,18
336,5,1
336,6,2
336,49,3
336,19,4
336,20,5
336,21,6
336,43,7
336,44,8
336,45,9
336,46,10
336,47,11
336,48,12
336,22,13
336,67,14
336,68,15
336,27,16
336,38,17
336,35,18
336,34,19
336,32,20
336,31,21
337,5,1
337,6,2
337,49,3
337,19,4
337,20,5
337,21,6
337,43,7
337,44,8
337,45,9
337,46,10
337,47,11
337,48,12
337,22,13
337,67,14
337,68,15
337,27,16
337,38,17
337,35,18
337,34,19
337,33,20
338,5,1
338,6,2
338,49,3
338,19,4
338,20,5
338,21,6
338,43,7
338,44,8
338,45,9
338,46,10
338,47,11
338,48,12
338,22,13
338,67,14
338,68,15
338,27,16
338,38,17
338,35,18
339,5,1
339,6,2
339,49,3
339,19,4
339,20,5
339,21,6
339,43,7
339,44,8
339,45,9
339,46,10
339,47,11
339,48,12
339,22,13
339,67,14
339,68,15
339,27,16
339,38,17
339,35,18
339,34,19
339,36,20
339,37,21
340,5,1
340,6,2
340,49,3
340,19,4
340,20,5
340,21,6
340,43,7
340,44,8
340,45,9
340,46,10
340,47,11
340,48,12
340,22,13
340,67,14
340,68,15
340,27,16
340,38,17
340,35,18
340,34,19
340,33,20
340,70,21
340,39,22
341,5,1
341,6,2
342,5,1
342,6,2
342,7,3
343,6,1
343,5,2
343,4,3
343,3,4
343,71,5
343,72,6
343,73,7
343,74,8
343,2,9
343,75,10
343,76,11
343,1,12
344,6,1
344,10,2
344,11,3
344,40,4
344,12,5
345,6,1
345,10,2
345,11,3
345,40,4
345,12,5
345,13,6
346,6,1
346,10,2
346,11,3
346,40,4
346,12,5
346,13,6
346,14,7
347,6,1
347,10,2
347,11,3
347,40,4
347,12,5
347,13,6
347,14,7
347,15,8
348,6,1
348,10,2
348,11,3
348,40,4
348,12,5
348,13,6
348,14,7
348,15,8
348,16,9
349,6,1
349,10,2
349,11,3
349,40,4
349,12,5
349,13,6
349,18,7
349,17,8
350,6,1
350,10,2
350,11,3
350,40,4
350,12,5
350,13,6
350,18,7
351,6,1
351,49,2
351,19,3
352,6,1
352,5,2
352,4,3
352,3,4
352,71,5
352,72,6
352,73,7
352,74,8
352,2,9
353,6,1
353,49,2
353,19,3
353,50,4
353,23,5
353,51,6
353,24,7
353,52,8
353,53,9
353,54,10
353,25,11
354,6,1
354,49,2
354,19,3
354,20,4
354,21,5
354,43,6
354,44,7
354,45,8
354,46,9
354,47,10
354,48,11
354,22,12
354,67,13
354,68,14
354,27,15
354,28,16
354,29,17
355,6,1
355,49,2
355,19,3
355,20,4
355,21,5
355,43,6
355,44,7
355,45,8
355,46,9
355,47,10
355,48,11
355,22,12
355,67,13
355,68,14
355,27,15
355,38,16
355,35,17
355,34,18
355,32,19
355,31,20
356,6,1
356,49,2
356,19,3
356,20,4
356,21,5
356,43,6
356,44,7
356,45,8
356,46,9
356,47,10
356,48,11
356,22,12
356,67,13
356,68,14
356,27,15
356,38,16
356,35,17
356,34,18
356,33,19
357,6,1
357,49,2
357,19,3
357,20,4
357,21,5
357,43,6
357,44,7
357,45,8
357,46,9
357,47,10
357,48,11
357,22,12
357,67,13
357,68,14
357,27,15
357,38,16
357,35,17
358,6,1
358,49,2
358,19,3
358,20,4
358,21,5
358,43,6
358,44,7
358,45,8
358,46,9
358,47,10
358,48,11
358,22,12
358,67,13
358,68,14
358,27,15
358,38,16
358,35,17
358,34,18
358,36,19
358,37,20
359,6,1
359,49,2
359,19,3
359,20,4
359,21,5
359,43,6
359,44,7
359,45,8
359,46,9
359,47,10
359,48,11
359,22,12
359,67,13
359,68,14
359,27,15
359,38,16
359,35,17
359,34,18
359,33,19
359,70,20
359,39,21
360,6,1
360,5,2
361,6,1
361,7,2
362,7,1
362,6,2
362,5,3
362,4,4
362,3,5
362,71,6
362,72,7
362,73,8
362,74,9
362,2,10
362,75,11
362,76,12
362,1,13
363,7,1
363,6,2
363,10,3
363,11,4
363,40,5
363,12,6
364,7,1
364,6,2
364,10,3
364,11,4
364,40,5
364,12,6
364,13,7
365,7,1
365,6,2
365,10,3
365,11,4
365,40,5
365,12,6
365,13,7
365,14,8
366,7,1
366,6,2
366,10,3
366,11,4
366,40,5
366,12,6
366,13,7
366,14,8
366,15,9
367,7,1
367,6,2
367,10,3
367,11,4
367,40,5
367,12,6
367,13,7
367,14,8
367,15,9
367,16,10
368,7,1
368,6,2
368,10,3
368,11,4
368,40,5
368,12,6
368,13,7
368,18,8
368,17,9
369,7,1
369,6,2
369,10,3
369,11,4
369,40,5
369,12,6
369,13,7
369,18,8
370,7,1
370,6,2
370,49,3
370,19,4
371,7,1
371,6,2
371,5,3
371,4,4
371,3,5
371,71,6
371,72,7
371,73,8
371,74,9
371,2,10
372,7,1
372,6,2
372,49,3
372,19,4
372,50,5
372,23,6
372,51,7
372,24,8
372,52,9
372,53,10
372,54,11
372,25,12
373,7,1
373,6,2
373,49,3
373,19,4
373,20,5
373,21,6
373,43,7
373,44,8
373,45,9
373,46,10
373,47,11
373,48,12
373,22,13
373,67,14
373,68,15
373,27,16
373,28,17
373,29,18
374,7,1
374,6,2
374,49,3
374,19,4
374,20,5
374,21,6
374,43,7
374,44,8
374,45,9
374,46,10
374,47,11
374,48,12
374,22,13
374,67,14
374,68,15
374,27,16
374,38,17
374,35,18
374,34,19
374,32,20
374,31,21
375,7,1
375,6,2
375,49,3
375,19,4
375,20,5
375,21,6
375,43,7
375,44,8
375,45,9
375,46,10
375,47,11
375,48,12
375,22,13
375,67,14
375,68,15
375,27,16
375,38,17
375,35,18
375,34,19
375,33,20
376,7,1
376,6,2
376,49,3
376,19,4
376,20,5
376,21,6
376,43,7
376,44,8
376,45,9
376,46,10
376,47,11
376,48,12
376,22,13
376,67,14
376,68,15
376,27,16
376,38,17
376,35,18
377,7,1
377,6,2
377,49,3
377,19,4
377,20,5
377,21,6
377,43,7
377,44,8
377,45,9
377,46,10
377,47,11
377,48,12
377,22,13
377,67,14
377,68,15
377,27,16
377,38,17
377,35,18
377,34,19
377,36,20
377,37,21
378,7,1
378,6,2
378,49,3
378,19,4
378,20,5
378,21,6
378,43,7
378,44,8
378,45,9
378,46,10
378,47,11
378,48,12
378,22,13
378,67,14
378,68,15
378,27,16
378,38,17
378,35,18
378,34,19
378,33,20
378,70,21
378,39,22
379,7,1
379,6,2
379,5,3
380,7,1
380,6,2
