path_id,orig_node_id,dest_node_id,node_seq,node_id
0,13,18,0,13
0,13,18,1,18
1,18,13,0,18
1,18,13,1,13
2,12,13,0,12
2,12,13,1,13
3,12,18,0,12
3,12,18,1,13
3,12,18,2,18
4,25,13,0,25
4,25,13,1,54
4,25,13,2,53
4,25,13,3,52
4,25,13,4,24
4,25,13,5,51
4,25,13,6,23
4,25,13,7,50
4,25,13,8,19
4,25,13,9,20
4,25,13,10,18
4,25,13,11,13
5,25,18,0,25
5,25,18,1,54
5,25,18,2,53
5,25,18,3,52
5,25,18,4,24
5,25,18,5,51
5,25,18,6,23
5,25,18,7,50
5,25,18,8,19
5,25,18,9,20
5,25,18,10,18
6,29,13,0,29
6,29,13,1,28
6,29,13,2,27
6,29,13,3,68
6,29,13,4,67
6,29,13,5,22
6,29,13,6,48
6,29,13,7,47
6,29,13,8,46
6,29,13,9,45
6,29,13,10,44
6,29,13,11,43
6,29,13,12,21
6,29,13,13,42
6,29,13,14,17
6,29,13,15,18
6,29,13,16,13
7,29,18,0,29
7,29,18,1,28
7,29,18,2,27
7,29,18,3,68
7,29,18,4,67
7,29,18,5,22
7,29,18,6,48
7,29,18,7,47
7,29,18,8,46
7,29,18,9,45
7,29,18,10,44
7,29,18,11,43
7,29,18,12,21
7,29,18,13,42
7,29,18,14,17
7,29,18,15,18
8,31,13,0,31
8,31,13,1,32
8,31,13,2,34
8,31,13,3,35
8,31,13,4,38
8,31,13,5,27
8,31,13,6,68
8,31,13,7,67
8,31,13,8,22
8,31,13,9,48
8,31,13,10,47
8,31,13,11,46
8,31,13,12,45
8,31,13,13,44
8,31,13,14,43
8,31,13,15,21
8,31,13,16,42
8,31,13,17,17
8,31,13,18,18
8,31,13,19,13
9,31,18,0,31
9,31,18,1,32
9,31,18,2,34
9,31,18,3,35
9,31,18,4,38
9,31,18,5,27
9,31,18,6,68
9,31,18,7,67
9,31,18,8,22
9,31,18,9,48
9,31,18,10,47
9,31,18,11,46
9,31,18,12,45
9,31,18,13,44
9,31,18,14,43
9,31,18,15,21
9,31,18,16,42
9,31,18,17,17
9,31,18,18,18
10,35,13,0,35
10,35,13,1,38
10,35,13,2,27
10,35,13,3,68
10,35,13,4,67
10,35,13,5,22
10,35,13,6,48
10,35,13,7,47
10,35,13,8,46
10,35,13,9,45
10,35,13,10,44
10,35,13,11,43
10,35,13,12,21
10,35,13,13,42
10,35,13,14,17
10,35,13,15,18
10,35,13,16,13
11,35,18,0,35
11,35,18,1,38
11,35,18,2,27
11,35,18,3,68
11,35,18,4,67
11,35,18,5,22
11,35,18,6,48
11,35,18,7,47
11,35,18,8,46
11,35,18,9,45
11,35,18,10,44
11,35,18,11,43
11,35,18,12,21
11,35,18,13,42
11,35,18,14,17
11,35,18,15,18
12,33,13,0,33
12,33,13,1,34
12,33,13,2,35
12,33,13,3,38
12,33,13,4,27
12,33,13,5,68
12,33,13,6,67
12,33,13,7,22
12,33,13,8,48
12,33,13,9,47
12,33,13,10,46
12,33,13,11,45
12,33,13,12,44
12,33,13,13,43
12,33,13,14,21
12,33,13,15,42
12,33,13,16,17
12,33,13,17,18
12,33,13,18,13
13,33,18,0,33
13,33,18,1,34
13,33,18,2,35
13,33,18,3,38
13,33,18,4,27
13,33,18,5,68
13,33,18,6,67
13,33,18,7,22
13,33,18,8,48
13,33,18,9,47
13,33,18,10,46
13,33,18,11,45
13,33,18,12,44
13,33,18,13,43
13,33,18,14,21
13,33,18,15,42
13,33,18,16,17
13,33,18,17,18
14,7,13,0,7
14,7,13,1,6
14,7,13,2,10
14,7,13,3,11
14,7,13,4,40
14,7,13,5,12
14,7,13,6,13
15,7,18,0,7
15,7,18,1,6
15,7,18,2,10
15,7,18,3,11
15,7,18,4,40
15,7,18,5,12
15,7,18,6,13
15,7,18,7,18
16,5,13,0,5
16,5,13,1,4
16,5,13,2,10
16,5,13,3,11
16,5,13,4,40
16,5,13,5,12
16,5,13,6,13
17,5,18,0,5
17,5,18,1,4
17,5,18,2,10
17,5,18,3,11
17,5,18,4,40
17,5,18,5,12
17,5,18,6,13
17,5,18,7,18
18,6,13,0,6
18,6,13,1,10
18,6,13,2,11
18,6,13,3,40
18,6,13,4,12
18,6,13,5,13
19,6,18,0,6
19,6,18,1,10
19,6,18,2,11
19,6,18,3,40
19,6,18,4,12
19,6,18,5,13
19,6,18,6,18
20,37,13,0,37
20,37,13,1,36
20,37,13,2,34
20,37,13,3,35
20,37,13,4,38
20,37,13,5,27
20,37,13,6,68
20,37,13,7,67
20,37,13,8,22
20,37,13,9,48
20,37,13,10,47
20,37,13,11,46
20,37,13,12,45
20,37,13,13,44
20,37,13,14,43
20,37,13,15,21
20,37,13,16,42
20,37,13,17,17
20,37,13,18,18
20,37,13,19,13
21,37,18,0,37
21,37,18,1,36
21,37,18,2,34
21,37,18,3,35
21,37,18,4,38
21,37,18,5,27
21,37,18,6,68
21,37,18,7,67
21,37,18,8,22
21,37,18,9,48
21,37,18,10,47
21,37,18,11,46
21,37,18,12,45
21,37,18,13,44
21,37,18,14,43
21,37,18,15,21
21,37,18,16,42
21,37,18,17,17
21,37,18,18,18
22,39,13,0,39
22,39,13,1,70
22,39,13,2,33
22,39,13,3,34
22,39,13,4,35
22,39,13,5,38
22,39,13,6,27
22,39,13,7,68
22,39,13,8,67
22,39,13,9,22
22,39,13,10,48
22,39,13,11,47
22,39,13,12,46
22,39,13,13,45
22,39,13,14,44
22,39,13,15,43
22,39,13,16,21
22,39,13,17,42
22,39,13,18,17
22,39,13,19,18
22,39,13,20,13
23,39,18,0,39
23,39,18,1,70
23,39,18,2,33
23,39,18,3,34
23,39,18,4,35
23,39,18,5,38
23,39,18,6,27
23,39,18,7,68
23,39,18,8,67
23,39,18,9,22
23,39,18,10,48
23,39,18,11,47
23,39,18,12,46
23,39,18,13,45
23,39,18,14,44
23,39,18,15,43
23,39,18,16,21
23,39,18,17,42
23,39,18,18,17
23,39,18,19,18
24,14,13,0,14
24,14,13,1,13
25,14,18,0,14
25,14,18,1,13
25,14,18,2,18
26,15,13,0,15
26,15,13,1,14
26,15,13,2,13
27,15,18,0,15
27,15,18,1,14
27,15,18,2,13
27,15,18,3,18
28,19,13,0,19
28,19,13,1,20
28,19,13,2,18
28,19,13,3,13
29,19,18,0,19
29,19,18,1,20
29,19,18,2,18
30,16,13,0,16
30,16,13,1,15
30,16,13,2,14
30,16,13,3,13
31,16,18,0,16
31,16,18,1,41
31,16,18,2,18
32,17,13,0,17
32,17,13,1,18
32,17,13,2,13
33,17,18,0,17
33,17,18,1,18
34,1,13,0,1
34,1,13,1,76
34,1,13,2,75
34,1,13,3,2
34,1,13,4,74
34,1,13,5,73
34,1,13,6,72
34,1,13,7,71
34,1,13,8,3
34,1,13,9,11
34,1,13,10,40
34,1,13,11,12
34,1,13,12,13
35,1,18,0,1
35,1,18,1,76
35,1,18,2,75
35,1,18,3,2
35,1,18,4,74
35,1,18,5,73
35,1,18,6,72
35,1,18,7,71
35,1,18,8,3
35,1,18,9,11
35,1,18,10,40
35,1,18,11,12
35,1,18,12,13
35,1,18,13,18
36,2,13,0,2
36,2,13,1,74
36,2,13,2,73
36,2,13,3,72
36,2,13,4,71
36,2,13,5,3
36,2,13,6,11
36,2,13,7,40
36,2,13,8,12
36,2,13,9,13
37,2,18,0,2
37,2,18,1,74
37,2,18,2,73
37,2,18,3,72
37,2,18,4,71
37,2,18,5,3
37,2,18,6,11
37,2,18,7,40
37,2,18,8,12
37,2,18,9,13
37,2,18,10,18
38,13,12,0,13
38,13,12,1,12
39,18,12,0,18
39,18,12,1,13
39,18,12,2,12
40,25,12,0,25
40,25,12,1,54
40,25,12,2,53
40,25,12,3,52
40,25,12,4,24
40,25,12,5,51
40,25,12,6,23
40,25,12,7,50
40,25,12,8,19
40,25,12,9,20
40,25,12,10,18
40,25,12,11,13
40,25,12,12,12
41,29,12,0,29
41,29,12,1,28
41,29,12,2,27
41,29,12,3,68
41,29,12,4,67
41,29,12,5,22
41,29,12,6,48
41,29,12,7,47
41,29,12,8,46
41,29,12,9,45
41,29,12,10,44
41,29,12,11,43
41,29,12,12,21
41,29,12,13,42
41,29,12,14,17
41,29,12,15,18
41,29,12,16,13
41,29,12,17,12
42,31,12,0,31
42,31,12,1,32
42,31,12,2,34
42,31,12,3,35
42,31,12,4,38
42,31,12,5,27
42,31,12,6,68
42,31,12,7,67
42,31,12,8,22
42,31,12,9,48
42,31,12,10,47
42,31,12,11,46
42,31,12,12,45
42,31,12,13,44
42,31,12,14,43
42,31,12,15,21
42,31,12,16,42
42,31,12,17,17
42,31,12,18,18
42,31,12,19,13
42,31,12,20,12
43,35,12,0,35
43,35,12,1,38
43,35,12,2,27
43,35,12,3,68
43,35,12,4,67
43,35,12,5,22
43,35,12,6,48
43,35,12,7,47
43,35,12,8,46
43,35,12,9,45
43,35,12,10,44
43,35,12,11,43
43,35,12,12,21
43,35,12,13,42
43,35,12,14,17
43,35,12,15,18
43,35,12,16,13
43,35,12,17,12
44,33,12,0,33
44,33,12,1,34
44,33,12,2,35
44,33,12,3,38
44,33,12,4,27
44,33,12,5,68
44,33,12,6,67
44,33,12,7,22
44,33,12,8,48
44,33,12,9,47
44,33,12,10,46
44,33,12,11,45
44,33,12,12,44
44,33,12,13,43
44,33,12,14,21
44,33,12,15,42
44,33,12,16,17
44,33,12,17,18
44,33,12,18,13
44,33,12,19,12
45,7,12,0,7
45,7,12,1,6
45,7,12,2,10
45,7,12,3,11
45,7,12,4,40
45,7,12,5,12
46,5,12,0,5
46,5,12,1,4
46,5,12,2,10
46,5,12,3,11
46,5,12,4,40
46,5,12,5,12
47,6,12,0,6
47,6,12,1,10
47,6,12,2,11
47,6,12,3,40
47,6,12,4,12
48,37,12,0,37
48,37,12,1,36
48,37,12,2,34
48,37,12,3,35
48,37,12,4,38
48,37,12,5,27
48,37,12,6,68
48,37,12,7,67
48,37,12,8,22
48,37,12,9,48
48,37,12,10,47
48,37,12,11,46
48,37,12,12,45
48,37,12,13,44
48,37,12,14,43
48,37,12,15,21
48,37,12,16,42
48,37,12,17,17
48,37,12,18,18
48,37,12,19,13
48,37,12,20,12
49,39,12,0,39
49,39,12,1,70
49,39,12,2,33
49,39,12,3,34
49,39,12,4,35
49,39,12,5,38
49,39,12,6,27
49,39,12,7,68
49,39,12,8,67
49,39,12,9,22
49,39,12,10,48
49,39,12,11,47
49,39,12,12,46
49,39,12,13,45
49,39,12,14,44
49,39,12,15,43
49,39,12,16,21
49,39,12,17,42
49,39,12,18,17
49,39,12,19,18
49,39,12,20,13
49,39,12,21,12
50,14,12,0,14
50,14,12,1,13
50,14,12,2,12
51,15,12,0,15
51,15,12,1,14
51,15,12,2,13
51,15,12,3,12
52,19,12,0,19
52,19,12,1,20
52,19,12,2,18
52,19,12,3,13
52,19,12,4,12
53,16,12,0,16
53,16,12,1,15
53,16,12,2,14
53,16,12,3,13
53,16,12,4,12
54,17,12,0,17
54,17,12,1,18
54,17,12,2,13
54,17,12,3,12
55,1,12,0,1
55,1,12,1,76
55,1,12,2,75
55,1,12,3,2
55,1,12,4,74
55,1,12,5,73
55,1,12,6,72
55,1,12,7,71
55,1,12,8,3
55,1,12,9,11
55,1,12,10,40
55,1,12,11,12
56,2,12,0,2
56,2,12,1,74
56,2,12,2,73
56,2,12,3,72
56,2,12,4,71
56,2,12,5,3
56,2,12,6,11
56,2,12,7,40
56,2,12,8,12
57,13,25,0,13
57,13,25,1,18
57,13,25,2,20
57,13,25,3,19
57,13,25,4,50
57,13,25,5,23
57,13,25,6,51
57,13,25,7,24
57,13,25,8,52
57,13,25,9,53
57,13,25,10,54
57,13,25,11,25
58,18,25,0,18
58,18,25,1,20
58,18,25,2,19
58,18,25,3,50
58,18,25,4,23
58,18,25,5,51
58,18,25,6,24
58,18,25,7,52
58,18,25,8,53
58,18,25,9,54
58,18,25,10,25
59,12,25,0,12
59,12,25,1,13
59,12,25,2,18
59,12,25,3,20
59,12,25,4,19
59,12,25,5,50
59,12,25,6,23
59,12,25,7,51
59,12,25,8,24
59,12,25,9,52
59,12,25,10,53
59,12,25,11,54
59,12,25,12,25
60,29,25,0,29
60,29,25,1,28
60,29,25,2,27
60,29,25,3,68
60,29,25,4,67
60,29,25,5,22
60,29,25,6,66
60,29,25,7,26
60,29,25,8,65
60,29,25,9,64
60,29,25,10,63
60,29,25,11,62
60,29,25,12,61
60,29,25,13,60
60,29,25,14,59
60,29,25,15,58
60,29,25,16,57
60,29,25,17,56
60,29,25,18,55
60,29,25,19,25
61,31,25,0,31
61,31,25,1,32
61,31,25,2,34
61,31,25,3,35
61,31,25,4,38
61,31,25,5,27
61,31,25,6,68
61,31,25,7,67
61,31,25,8,22
61,31,25,9,66
61,31,25,10,26
61,31,25,11,65
61,31,25,12,64
61,31,25,13,63
61,31,25,14,62
61,31,25,15,61
61,31,25,16,60
61,31,25,17,59
61,31,25,18,58
61,31,25,19,57
61,31,25,20,56
61,31,25,21,55
61,31,25,22,25
62,35,25,0,35
62,35,25,1,38
62,35,25,2,27
62,35,25,3,68
62,35,25,4,67
62,35,25,5,22
62,35,25,6,66
62,35,25,7,26
62,35,25,8,65
62,35,25,9,64
62,35,25,10,63
62,35,25,11,62
62,35,25,12,61
62,35,25,13,60
62,35,25,14,59
62,35,25,15,58
62,35,25,16,57
62,35,25,17,56
62,35,25,18,55
62,35,25,19,25
63,33,25,0,33
63,33,25,1,34
63,33,25,2,35
63,33,25,3,38
63,33,25,4,27
63,33,25,5,68
63,33,25,6,67
63,33,25,7,22
63,33,25,8,66
63,33,25,9,26
63,33,25,10,65
63,33,25,11,64
63,33,25,12,63
63,33,25,13,62
63,33,25,14,61
63,33,25,15,60
63,33,25,16,59
63,33,25,17,58
63,33,25,18,57
63,33,25,19,56
63,33,25,20,55
63,33,25,21,25
64,7,25,0,7
64,7,25,1,6
64,7,25,2,49
64,7,25,3,19
64,7,25,4,50
64,7,25,5,23
64,7,25,6,51
64,7,25,7,24
64,7,25,8,52
64,7,25,9,53
64,7,25,10,54
64,7,25,11,25
65,5,25,0,5
65,5,25,1,6
65,5,25,2,49
65,5,25,3,19
65,5,25,4,50
65,5,25,5,23
65,5,25,6,51
65,5,25,7,24
65,5,25,8,52
65,5,25,9,53
65,5,25,10,54
65,5,25,11,25
66,6,25,0,6
66,6,25,1,49
66,6,25,2,19
66,6,25,3,50
66,6,25,4,23
66,6,25,5,51
66,6,25,6,24
66,6,25,7,52
66,6,25,8,53
66,6,25,9,54
66,6,25,10,25
67,37,25,0,37
67,37,25,1,36
67,37,25,2,34
67,37,25,3,35
67,37,25,4,38
67,37,25,5,27
67,37,25,6,68
67,37,25,7,67
67,37,25,8,22
67,37,25,9,66
67,37,25,10,26
67,37,25,11,65
67,37,25,12,64
67,37,25,13,63
67,37,25,14,62
67,37,25,15,61
67,37,25,16,60
67,37,25,17,59
67,37,25,18,58
67,37,25,19,57
67,37,25,20,56
67,37,25,21,55
67,37,25,22,25
68,39,25,0,39
68,39,25,1,70
68,39,25,2,33
68,39,25,3,34
68,39,25,4,35
68,39,25,5,38
68,39,25,6,27
68,39,25,7,68
68,39,25,8,67
68,39,25,9,22
68,39,25,10,66
68,39,25,11,26
68,39,25,12,65
68,39,25,13,64
68,39,25,14,63
68,39,25,15,62
68,39,25,16,61
68,39,25,17,60
68,39,25,18,59
68,39,25,19,58
68,39,25,20,57
68,39,25,21,56
68,39,25,22,55
68,39,25,23,25
69,14,25,0,14
69,14,25,1,13
69,14,25,2,18
69,14,25,3,20
69,14,25,4,19
69,14,25,5,50
69,14,25,6,23
69,14,25,7,51
69,14,25,8,24
69,14,25,9,52
69,14,25,10,53
69,14,25,11,54
69,14,25,12,25
70,15,25,0,15
70,15,25,1,14
70,15,25,2,13
70,15,25,3,18
70,15,25,4,20
70,15,25,5,19
70,15,25,6,50
70,15,25,7,23
70,15,25,8,51
70,15,25,9,24
70,15,25,10,52
70,15,25,11,53
70,15,25,12,54
70,15,25,13,25
71,19,25,0,19
71,19,25,1,50
71,19,25,2,23
71,19,25,3,51
71,19,25,4,24
71,19,25,5,52
71,19,25,6,53
71,19,25,7,54
71,19,25,8,25
72,16,25,0,16
72,16,25,1,41
72,16,25,2,18
72,16,25,3,20
72,16,25,4,19
72,16,25,5,50
72,16,25,6,23
72,16,25,7,51
72,16,25,8,24
72,16,25,9,52
72,16,25,10,53
72,16,25,11,54
72,16,25,12,25
73,17,25,0,17
73,17,25,1,18
73,17,25,2,20
73,17,25,3,19
73,17,25,4,50
73,17,25,5,23
73,17,25,6,51
73,17,25,7,24
73,17,25,8,52
73,17,25,9,53
73,17,25,10,54
73,17,25,11,25
74,1,25,0,1
74,1,25,1,76
74,1,25,2,75
74,1,25,3,2
74,1,25,4,74
74,1,25,5,73
74,1,25,6,72
74,1,25,7,71
74,1,25,8,3
74,1,25,9,4
74,1,25,10,5
74,1,25,11,6
74,1,25,12,49
74,1,25,13,19
74,1,25,14,50
74,1,25,15,23
74,1,25,16,51
74,1,25,17,24
74,1,25,18,52
74,1,25,19,53
74,1,25,20,54
74,1,25,21,25
75,2,25,0,2
75,2,25,1,74
75,2,25,2,73
75,2,25,3,72
75,2,25,4,71
75,2,25,5,3
75,2,25,6,4
75,2,25,7,5
75,2,25,8,6
75,2,25,9,49
75,2,25,10,19
75,2,25,11,50
75,2,25,12,23
75,2,25,13,51
75,2,25,14,24
75,2,25,15,52
75,2,25,16,53
75,2,25,17,54
75,2,25,18,25
76,13,29,0,13
76,13,29,1,18
76,13,29,2,17
76,13,29,3,42
76,13,29,4,21
76,13,29,5,43
76,13,29,6,44
76,13,29,7,45
76,13,29,8,46
76,13,29,9,47
76,13,29,10,48
76,13,29,11,22
76,13,29,12,67
76,13,29,13,68
76,13,29,14,27
76,13,29,15,28
76,13,29,16,29
77,13,31,0,13
77,13,31,1,18
77,13,31,2,17
77,13,31,3,42
77,13,31,4,21
77,13,31,5,43
77,13,31,6,44
77,13,31,7,45
77,13,31,8,46
77,13,31,9,47
77,13,31,10,48
77,13,31,11,22
77,13,31,12,67
77,13,31,13,68
77,13,31,14,27
77,13,31,15,38
77,13,31,16,35
77,13,31,17,34
77,13,31,18,32
77,13,31,19,31
78,13,35,0,13
78,13,35,1,18
78,13,35,2,17
78,13,35,3,42
78,13,35,4,21
78,13,35,5,43
78,13,35,6,44
78,13,35,7,45
78,13,35,8,46
78,13,35,9,47
78,13,35,10,48
78,13,35,11,22
78,13,35,12,67
78,13,35,13,68
78,13,35,14,27
78,13,35,15,38
78,13,35,16,35
79,18,29,0,18
79,18,29,1,17
79,18,29,2,42
79,18,29,3,21
79,18,29,4,43
79,18,29,5,44
79,18,29,6,45
79,18,29,7,46
79,18,29,8,47
79,18,29,9,48
79,18,29,10,22
79,18,29,11,67
79,18,29,12,68
79,18,29,13,27
79,18,29,14,28
79,18,29,15,29
80,18,31,0,18
80,18,31,1,17
80,18,31,2,42
80,18,31,3,21
80,18,31,4,43
80,18,31,5,44
80,18,31,6,45
80,18,31,7,46
80,18,31,8,47
80,18,31,9,48
80,18,31,10,22
80,18,31,11,67
80,18,31,12,68
80,18,31,13,27
80,18,31,14,38
80,18,31,15,35
80,18,31,16,34
80,18,31,17,32
80,18,31,18,31
81,18,35,0,18
81,18,35,1,17
81,18,35,2,42
81,18,35,3,21
81,18,35,4,43
81,18,35,5,44
81,18,35,6,45
81,18,35,7,46
81,18,35,8,47
81,18,35,9,48
81,18,35,10,22
81,18,35,11,67
81,18,35,12,68
81,18,35,13,27
81,18,35,14,38
81,18,35,15,35
82,12,29,0,12
82,12,29,1,13
82,12,29,2,18
82,12,29,3,17
82,12,29,4,42
82,12,29,5,21
82,12,29,6,43
82,12,29,7,44
82,12,29,8,45
82,12,29,9,46
82,12,29,10,47
82,12,29,11,48
82,12,29,12,22
82,12,29,13,67
82,12,29,14,68
82,12,29,15,27
82,12,29,16,28
82,12,29,17,29
83,12,31,0,12
83,12,31,1,13
83,12,31,2,18
83,12,31,3,17
83,12,31,4,42
83,12,31,5,21
83,12,31,6,43
83,12,31,7,44
83,12,31,8,45
83,12,31,9,46
83,12,31,10,47
83,12,31,11,48
83,12,31,12,22
83,12,31,13,67
83,12,31,14,68
83,12,31,15,27
83,12,31,16,38
83,12,31,17,35
83,12,31,18,34
83,12,31,19,32
83,12,31,20,31
84,12,35,0,12
84,12,35,1,13
84,12,35,2,18
84,12,35,3,17
84,12,35,4,42
84,12,35,5,21
84,12,35,6,43
84,12,35,7,44
84,12,35,8,45
84,12,35,9,46
84,12,35,10,47
84,12,35,11,48
84,12,35,12,22
84,12,35,13,67
84,12,35,14,68
84,12,35,15,27
84,12,35,16,38
84,12,35,17,35
85,25,29,0,25
85,25,29,1,55
85,25,29,2,56
85,25,29,3,57
85,25,29,4,58
85,25,29,5,59
85,25,29,6,60
85,25,29,7,61
85,25,29,8,62
85,25,29,9,63
85,25,29,10,64
85,25,29,11,65
85,25,29,12,26
85,25,29,13,66
85,25,29,14,22
85,25,29,15,67
85,25,29,16,68
85,25,29,17,27
85,25,29,18,28
85,25,29,19,29
86,25,31,0,25
86,25,31,1,55
86,25,31,2,56
86,25,31,3,57
86,25,31,4,58
86,25,31,5,59
86,25,31,6,60
86,25,31,7,61
86,25,31,8,62
86,25,31,9,63
86,25,31,10,64
86,25,31,11,65
86,25,31,12,26
86,25,31,13,66
86,25,31,14,22
86,25,31,15,67
86,25,31,16,68
86,25,31,17,27
86,25,31,18,38
86,25,31,19,35
86,25,31,20,34
86,25,31,21,32
86,25,31,22,31
87,25,35,0,25
87,25,35,1,55
87,25,35,2,56
87,25,35,3,57
87,25,35,4,58
87,25,35,5,59
87,25,35,6,60
87,25,35,7,61
87,25,35,8,62
87,25,35,9,63
87,25,35,10,64
87,25,35,11,65
87,25,35,12,26
87,25,35,13,66
87,25,35,14,22
87,25,35,15,67
87,25,35,16,68
87,25,35,17,27
87,25,35,18,38
87,25,35,19,35
88,29,31,0,29
88,29,31,1,32
88,29,31,2,31
89,29,35,0,29
89,29,35,1,28
89,29,35,2,35
90,31,29,0,31
90,31,29,1,32
90,31,29,2,29
91,31,35,0,31
91,31,35,1,32
91,31,35,2,34
91,31,35,3,35
92,35,29,0,35
92,35,29,1,28
92,35,29,2,29
93,35,31,0,35
93,35,31,1,34
93,35,31,2,32
93,35,31,3,31
94,33,29,0,33
94,33,29,1,32
94,33,29,2,29
95,33,31,0,33
95,33,31,1,32
95,33,31,2,31
96,33,35,0,33
96,33,35,1,34
96,33,35,2,35
97,7,29,0,7
97,7,29,1,6
97,7,29,2,49
97,7,29,3,19
97,7,29,4,20
97,7,29,5,21
97,7,29,6,43
97,7,29,7,44
97,7,29,8,45
97,7,29,9,46
97,7,29,10,47
97,7,29,11,48
97,7,29,12,22
97,7,29,13,67
97,7,29,14,68
97,7,29,15,27
97,7,29,16,28
97,7,29,17,29
98,7,31,0,7
98,7,31,1,6
98,7,31,2,49
98,7,31,3,19
98,7,31,4,20
98,7,31,5,21
98,7,31,6,43
98,7,31,7,44
98,7,31,8,45
98,7,31,9,46
98,7,31,10,47
98,7,31,11,48
98,7,31,12,22
98,7,31,13,67
98,7,31,14,68
98,7,31,15,27
98,7,31,16,38
98,7,31,17,35
98,7,31,18,34
98,7,31,19,32
98,7,31,20,31
99,7,35,0,7
99,7,35,1,6
99,7,35,2,49
99,7,35,3,19
99,7,35,4,20
99,7,35,5,21
99,7,35,6,43
99,7,35,7,44
99,7,35,8,45
99,7,35,9,46
99,7,35,10,47
99,7,35,11,48
99,7,35,12,22
99,7,35,13,67
99,7,35,14,68
99,7,35,15,27
99,7,35,16,38
99,7,35,17,35
100,5,29,0,5
100,5,29,1,6
100,5,29,2,49
100,5,29,3,19
100,5,29,4,20
100,5,29,5,21
100,5,29,6,43
100,5,29,7,44
100,5,29,8,45
100,5,29,9,46
100,5,29,10,47
100,5,29,11,48
100,5,29,12,22
100,5,29,13,67
100,5,29,14,68
100,5,29,15,27
100,5,29,16,28
100,5,29,17,29
101,5,31,0,5
101,5,31,1,6
101,5,31,2,49
101,5,31,3,19
101,5,31,4,20
101,5,31,5,21
101,5,31,6,43
101,5,31,7,44
101,5,31,8,45
101,5,31,9,46
101,5,31,10,47
101,5,31,11,48
101,5,31,12,22
101,5,31,13,67
101,5,31,14,68
101,5,31,15,27
101,5,31,16,38
101,5,31,17,35
101,5,31,18,34
101,5,31,19,32
101,5,31,20,31
102,5,35,0,5
102,5,35,1,6
102,5,35,2,49
102,5,35,3,19
102,5,35,4,20
102,5,35,5,21
102,5,35,6,43
102,5,35,7,44
102,5,35,8,45
102,5,35,9,46
102,5,35,10,47
102,5,35,11,48
102,5,35,12,22
102,5,35,13,67
102,5,35,14,68
102,5,35,15,27
102,5,35,16,38
102,5,35,17,35
103,6,29,0,6
103,6,29,1,49
103,6,29,2,19
103,6,29,3,20
103,6,29,4,21
103,6,29,5,43
103,6,29,6,44
103,6,29,7,45
103,6,29,8,46
103,6,29,9,47
103,6,29,10,48
103,6,29,11,22
103,6,29,12,67
103,6,29,13,68
103,6,29,14,27
103,6,29,15,28
103,6,29,16,29
104,6,31,0,6
104,6,31,1,49
104,6,31,2,19
104,6,31,3,20
104,6,31,4,21
104,6,31,5,43
104,6,31,6,44
104,6,31,7,45
104,6,31,8,46
104,6,31,9,47
104,6,31,10,48
104,6,31,11,22
104,6,31,12,67
104,6,31,13,68
104,6,31,14,27
104,6,31,15,38
104,6,31,16,35
104,6,31,17,34
104,6,31,18,32
104,6,31,19,31
105,6,35,0,6
105,6,35,1,49
105,6,35,2,19
105,6,35,3,20
105,6,35,4,21
105,6,35,5,43
105,6,35,6,44
105,6,35,7,45
105,6,35,8,46
105,6,35,9,47
105,6,35,10,48
105,6,35,11,22
105,6,35,12,67
105,6,35,13,68
105,6,35,14,27
105,6,35,15,38
105,6,35,16,35
106,37,29,0,37
106,37,29,1,36
106,37,29,2,34
106,37,29,3,35
106,37,29,4,28
106,37,29,5,29
107,37,31,0,37
107,37,31,1,36
107,37,31,2,34
107,37,31,3,32
107,37,31,4,31
108,37,35,0,37
108,37,35,1,36
108,37,35,2,34
108,37,35,3,35
109,39,29,0,39
109,39,29,1,70
109,39,29,2,33
109,39,29,3,32
109,39,29,4,29
110,39,31,0,39
110,39,31,1,70
110,39,31,2,33
110,39,31,3,32
110,39,31,4,31
111,39,35,0,39
111,39,35,1,70
111,39,35,2,33
111,39,35,3,34
111,39,35,4,35
112,14,29,0,14
112,14,29,1,15
112,14,29,2,16
112,14,29,3,41
112,14,29,4,17
112,14,29,5,42
112,14,29,6,21
112,14,29,7,43
112,14,29,8,44
112,14,29,9,45
112,14,29,10,46
112,14,29,11,47
112,14,29,12,48
112,14,29,13,22
112,14,29,14,67
112,14,29,15,68
112,14,29,16,27
112,14,29,17,28
112,14,29,18,29
113,14,31,0,14
113,14,31,1,15
113,14,31,2,16
113,14,31,3,41
113,14,31,4,17
113,14,31,5,42
113,14,31,6,21
113,14,31,7,43
113,14,31,8,44
113,14,31,9,45
113,14,31,10,46
113,14,31,11,47
113,14,31,12,48
113,14,31,13,22
113,14,31,14,67
113,14,31,15,68
113,14,31,16,27
113,14,31,17,38
113,14,31,18,35
113,14,31,19,34
113,14,31,20,32
113,14,31,21,31
114,14,35,0,14
114,14,35,1,15
114,14,35,2,16
114,14,35,3,41
114,14,35,4,17
114,14,35,5,42
114,14,35,6,21
114,14,35,7,43
114,14,35,8,44
114,14,35,9,45
114,14,35,10,46
114,14,35,11,47
114,14,35,12,48
114,14,35,13,22
114,14,35,14,67
114,14,35,15,68
114,14,35,16,27
114,14,35,17,38
114,14,35,18,35
115,15,29,0,15
115,15,29,1,16
115,15,29,2,41
115,15,29,3,17
115,15,29,4,42
115,15,29,5,21
115,15,29,6,43
115,15,29,7,44
115,15,29,8,45
115,15,29,9,46
115,15,29,10,47
115,15,29,11,48
115,15,29,12,22
115,15,29,13,67
115,15,29,14,68
115,15,29,15,27
115,15,29,16,28
115,15,29,17,29
116,15,31,0,15
116,15,31,1,16
116,15,31,2,41
116,15,31,3,17
116,15,31,4,42
116,15,31,5,21
116,15,31,6,43
116,15,31,7,44
116,15,31,8,45
116,15,31,9,46
116,15,31,10,47
116,15,31,11,48
116,15,31,12,22
116,15,31,13,67
116,15,31,14,68
116,15,31,15,27
116,15,31,16,38
116,15,31,17,35
116,15,31,18,34
116,15,31,19,32
116,15,31,20,31
117,15,35,0,15
117,15,35,1,16
117,15,35,2,41
117,15,35,3,17
117,15,35,4,42
117,15,35,5,21
117,15,35,6,43
117,15,35,7,44
117,15,35,8,45
117,15,35,9,46
117,15,35,10,47
117,15,35,11,48
117,15,35,12,22
117,15,35,13,67
117,15,35,14,68
117,15,35,15,27
117,15,35,16,38
117,15,35,17,35
118,19,29,0,19
118,19,29,1,20
118,19,29,2,21
118,19,29,3,43
118,19,29,4,44
118,19,29,5,45
118,19,29,6,46
118,19,29,7,47
118,19,29,8,48
118,19,29,9,22
118,19,29,10,67
118,19,29,11,68
118,19,29,12,27
118,19,29,13,28
118,19,29,14,29
119,19,31,0,19
119,19,31,1,20
119,19,31,2,21
119,19,31,3,43
119,19,31,4,44
119,19,31,5,45
119,19,31,6,46
119,19,31,7,47
119,19,31,8,48
119,19,31,9,22
119,19,31,10,67
119,19,31,11,68
119,19,31,12,27
119,19,31,13,38
119,19,31,14,35
119,19,31,15,34
119,19,31,16,32
119,19,31,17,31
120,19,35,0,19
120,19,35,1,20
120,19,35,2,21
120,19,35,3,43
120,19,35,4,44
120,19,35,5,45
120,19,35,6,46
120,19,35,7,47
120,19,35,8,48
120,19,35,9,22
120,19,35,10,67
120,19,35,11,68
120,19,35,12,27
120,19,35,13,38
120,19,35,14,35
121,16,29,0,16
121,16,29,1,41
121,16,29,2,17
121,16,29,3,42
121,16,29,4,21
121,16,29,5,43
121,16,29,6,44
121,16,29,7,45
121,16,29,8,46
121,16,29,9,47
121,16,29,10,48
121,16,29,11,22
121,16,29,12,67
121,16,29,13,68
121,16,29,14,27
121,16,29,15,28
121,16,29,16,29
122,16,31,0,16
122,16,31,1,41
122,16,31,2,17
122,16,31,3,42
122,16,31,4,21
122,16,31,5,43
122,16,31,6,44
122,16,31,7,45
122,16,31,8,46
122,16,31,9,47
122,16,31,10,48
122,16,31,11,22
122,16,31,12,67
122,16,31,13,68
122,16,31,14,27
122,16,31,15,38
122,16,31,16,35
122,16,31,17,34
122,16,31,18,32
122,16,31,19,31
123,16,35,0,16
123,16,35,1,41
123,16,35,2,17
123,16,35,3,42
123,16,35,4,21
123,16,35,5,43
123,16,35,6,44
123,16,35,7,45
123,16,35,8,46
123,16,35,9,47
123,16,35,10,48
123,16,35,11,22
123,16,35,12,67
123,16,35,13,68
123,16,35,14,27
123,16,35,15,38
123,16,35,16,35
124,17,29,0,17
124,17,29,1,42
124,17,29,2,21
124,17,29,3,43
124,17,29,4,44
124,17,29,5,45
124,17,29,6,46
124,17,29,7,47
124,17,29,8,48
124,17,29,9,22
124,17,29,10,67
124,17,29,11,68
124,17,29,12,27
124,17,29,13,28
124,17,29,14,29
125,17,31,0,17
125,17,31,1,42
125,17,31,2,21
125,17,31,3,43
125,17,31,4,44
125,17,31,5,45
125,17,31,6,46
125,17,31,7,47
125,17,31,8,48
125,17,31,9,22
125,17,31,10,67
125,17,31,11,68
125,17,31,12,27
125,17,31,13,38
125,17,31,14,35
125,17,31,15,34
125,17,31,16,32
125,17,31,17,31
126,17,35,0,17
126,17,35,1,42
126,17,35,2,21
126,17,35,3,43
126,17,35,4,44
126,17,35,5,45
126,17,35,6,46
126,17,35,7,47
126,17,35,8,48
126,17,35,9,22
126,17,35,10,67
126,17,35,11,68
126,17,35,12,27
126,17,35,13,38
126,17,35,14,35
127,1,29,0,1
127,1,29,1,76
127,1,29,2,75
127,1,29,3,2
127,1,29,4,74
127,1,29,5,73
127,1,29,6,72
127,1,29,7,71
127,1,29,8,3
127,1,29,9,4
127,1,29,10,5
127,1,29,11,6
127,1,29,12,49
127,1,29,13,19
127,1,29,14,20
127,1,29,15,21
127,1,29,16,43
127,1,29,17,44
127,1,29,18,45
127,1,29,19,46
127,1,29,20,47
127,1,29,21,48
127,1,29,22,22
127,1,29,23,67
127,1,29,24,68
127,1,29,25,27
127,1,29,26,28
127,1,29,27,29
128,1,31,0,1
128,1,31,1,76
128,1,31,2,75
128,1,31,3,2
128,1,31,4,74
128,1,31,5,73
128,1,31,6,72
128,1,31,7,71
128,1,31,8,3
128,1,31,9,4
128,1,31,10,5
128,1,31,11,6
128,1,31,12,49
128,1,31,13,19
128,1,31,14,20
128,1,31,15,21
128,1,31,16,43
128,1,31,17,44
128,1,31,18,45
128,1,31,19,46
128,1,31,20,47
128,1,31,21,48
128,1,31,22,22
128,1,31,23,67
128,1,31,24,68
128,1,31,25,27
128,1,31,26,38
128,1,31,27,35
128,1,31,28,34
128,1,31,29,32
128,1,31,30,31
129,1,35,0,1
129,1,35,1,76
129,1,35,2,75
129,1,35,3,2
129,1,35,4,74
129,1,35,5,73
129,1,35,6,72
129,1,35,7,71
129,1,35,8,3
129,1,35,9,4
129,1,35,10,5
129,1,35,11,6
129,1,35,12,49
129,1,35,13,19
129,1,35,14,20
129,1,35,15,21
129,1,35,16,43
129,1,35,17,44
129,1,35,18,45
129,1,35,19,46
129,1,35,20,47
129,1,35,21,48
129,1,35,22,22
129,1,35,23,67
129,1,35,24,68
129,1,35,25,27
129,1,35,26,38
129,1,35,27,35
130,2,29,0,2
130,2,29,1,74
130,2,29,2,73
130,2,29,3,72
130,2,29,4,71
130,2,29,5,3
130,2,29,6,4
130,2,29,7,5
130,2,29,8,6
130,2,29,9,49
130,2,29,10,19
130,2,29,11,20
130,2,29,12,21
130,2,29,13,43
130,2,29,14,44
130,2,29,15,45
130,2,29,16,46
130,2,29,17,47
130,2,29,18,48
130,2,29,19,22
130,2,29,20,67
130,2,29,21,68
130,2,29,22,27
130,2,29,23,28
130,2,29,24,29
131,2,31,0,2
131,2,31,1,74
131,2,31,2,73
131,2,31,3,72
131,2,31,4,71
131,2,31,5,3
131,2,31,6,4
131,2,31,7,5
131,2,31,8,6
131,2,31,9,49
131,2,31,10,19
131,2,31,11,20
131,2,31,12,21
131,2,31,13,43
131,2,31,14,44
131,2,31,15,45
131,2,31,16,46
131,2,31,17,47
131,2,31,18,48
131,2,31,19,22
131,2,31,20,67
131,2,31,21,68
131,2,31,22,27
131,2,31,23,38
131,2,31,24,35
131,2,31,25,34
131,2,31,26,32
131,2,31,27,31
132,2,35,0,2
132,2,35,1,74
132,2,35,2,73
132,2,35,3,72
132,2,35,4,71
132,2,35,5,3
132,2,35,6,4
132,2,35,7,5
132,2,35,8,6
132,2,35,9,49
132,2,35,10,19
132,2,35,11,20
132,2,35,12,21
132,2,35,13,43
132,2,35,14,44
132,2,35,15,45
132,2,35,16,46
132,2,35,17,47
132,2,35,18,48
132,2,35,19,22
132,2,35,20,67
132,2,35,21,68
132,2,35,22,27
132,2,35,23,38
132,2,35,24,35
133,13,33,0,13
133,13,33,1,18
133,13,33,2,17
133,13,33,3,42
133,13,33,4,21
133,13,33,5,43
133,13,33,6,44
133,13,33,7,45
133,13,33,8,46
133,13,33,9,47
133,13,33,10,48
133,13,33,11,22
133,13,33,12,67
133,13,33,13,68
133,13,33,14,27
133,13,33,15,38
133,13,33,16,35
133,13,33,17,34
133,13,33,18,33
134,18,33,0,18
134,18,33,1,17
134,18,33,2,42
134,18,33,3,21
134,18,33,4,43
134,18,33,5,44
134,18,33,6,45
134,18,33,7,46
134,18,33,8,47
134,18,33,9,48
134,18,33,10,22
134,18,33,11,67
134,18,33,12,68
134,18,33,13,27
134,18,33,14,38
134,18,33,15,35
134,18,33,16,34
134,18,33,17,33
135,12,33,0,12
135,12,33,1,13
135,12,33,2,18
135,12,33,3,17
135,12,33,4,42
135,12,33,5,21
135,12,33,6,43
135,12,33,7,44
135,12,33,8,45
135,12,33,9,46
135,12,33,10,47
135,12,33,11,48
135,12,33,12,22
135,12,33,13,67
135,12,33,14,68
135,12,33,15,27
135,12,33,16,38
135,12,33,17,35
135,12,33,18,34
135,12,33,19,33
136,25,33,0,25
136,25,33,1,55
136,25,33,2,56
136,25,33,3,57
136,25,33,4,58
136,25,33,5,59
136,25,33,6,60
136,25,33,7,61
136,25,33,8,62
136,25,33,9,63
136,25,33,10,64
136,25,33,11,65
136,25,33,12,26
136,25,33,13,66
136,25,33,14,22
136,25,33,15,67
136,25,33,16,68
136,25,33,17,27
136,25,33,18,38
136,25,33,19,35
136,25,33,20,34
136,25,33,21,33
137,29,33,0,29
137,29,33,1,32
137,29,33,2,33
138,31,33,0,31
138,31,33,1,32
138,31,33,2,33
139,35,33,0,35
139,35,33,1,34
139,35,33,2,33
140,7,33,0,7
140,7,33,1,6
140,7,33,2,49
140,7,33,3,19
140,7,33,4,20
140,7,33,5,21
140,7,33,6,43
140,7,33,7,44
140,7,33,8,45
140,7,33,9,46
140,7,33,10,47
140,7,33,11,48
140,7,33,12,22
140,7,33,13,67
140,7,33,14,68
140,7,33,15,27
140,7,33,16,38
140,7,33,17,35
140,7,33,18,34
140,7,33,19,33
141,5,33,0,5
141,5,33,1,6
141,5,33,2,49
141,5,33,3,19
141,5,33,4,20
141,5,33,5,21
141,5,33,6,43
141,5,33,7,44
141,5,33,8,45
141,5,33,9,46
141,5,33,10,47
141,5,33,11,48
141,5,33,12,22
141,5,33,13,67
141,5,33,14,68
141,5,33,15,27
141,5,33,16,38
141,5,33,17,35
141,5,33,18,34
141,5,33,19,33
142,6,33,0,6
142,6,33,1,49
142,6,33,2,19
142,6,33,3,20
142,6,33,4,21
142,6,33,5,43
142,6,33,6,44
142,6,33,7,45
142,6,33,8,46
142,6,33,9,47
142,6,33,10,48
142,6,33,11,22
142,6,33,12,67
142,6,33,13,68
142,6,33,14,27
142,6,33,15,38
142,6,33,16,35
142,6,33,17,34
142,6,33,18,33
143,37,33,0,37
143,37,33,1,36
143,37,33,2,34
143,37,33,3,33
144,39,33,0,39
144,39,33,1,70
144,39,33,2,33
145,14,33,0,14
145,14,33,1,15
145,14,33,2,16
145,14,33,3,41
145,14,33,4,17
145,14,33,5,42
145,14,33,6,21
145,14,33,7,43
145,14,33,8,44
145,14,33,9,45
145,14,33,10,46
145,14,33,11,47
145,14,33,12,48
145,14,33,13,22
145,14,33,14,67
145,14,33,15,68
145,14,33,16,27
145,14,33,17,38
145,14,33,18,35
145,14,33,19,34
145,14,33,20,33
146,15,33,0,15
146,15,33,1,16
146,15,33,2,41
146,15,33,3,17
146,15,33,4,42
146,15,33,5,21
146,15,33,6,43
146,15,33,7,44
146,15,33,8,45
146,15,33,9,46
146,15,33,10,47
146,15,33,11,48
146,15,33,12,22
146,15,33,13,67
146,15,33,14,68
146,15,33,15,27
146,15,33,16,38
146,15,33,17,35
146,15,33,18,34
146,15,33,19,33
147,19,33,0,19
147,19,33,1,20
147,19,33,2,21
147,19,33,3,43
147,19,33,4,44
147,19,33,5,45
147,19,33,6,46
147,19,33,7,47
147,19,33,8,48
147,19,33,9,22
147,19,33,10,67
147,19,33,11,68
147,19,33,12,27
147,19,33,13,38
147,19,33,14,35
147,19,33,15,34
147,19,33,16,33
148,16,33,0,16
148,16,33,1,41
148,16,33,2,17
148,16,33,3,42
148,16,33,4,21
148,16,33,5,43
148,16,33,6,44
148,16,33,7,45
148,16,33,8,46
148,16,33,9,47
148,16,33,10,48
148,16,33,11,22
148,16,33,12,67
148,16,33,13,68
148,16,33,14,27
148,16,33,15,38
148,16,33,16,35
148,16,33,17,34
148,16,33,18,33
149,17,33,0,17
149,17,33,1,42
149,17,33,2,21
149,17,33,3,43
149,17,33,4,44
149,17,33,5,45
149,17,33,6,46
149,17,33,7,47
149,17,33,8,48
149,17,33,9,22
149,17,33,10,67
149,17,33,11,68
149,17,33,12,27
149,17,33,13,38
149,17,33,14,35
149,17,33,15,34
149,17,33,16,33
150,1,33,0,1
150,1,33,1,76
150,1,33,2,75
150,1,33,3,2
150,1,33,4,74
150,1,33,5,73
150,1,33,6,72
150,1,33,7,71
150,1,33,8,3
150,1,33,9,4
150,1,33,10,5
150,1,33,11,6
150,1,33,12,49
150,1,33,13,19
150,1,33,14,20
150,1,33,15,21
150,1,33,16,43
150,1,33,17,44
150,1,33,18,45
150,1,33,19,46
150,1,33,20,47
150,1,33,21,48
150,1,33,22,22
150,1,33,23,67
150,1,33,24,68
150,1,33,25,27
150,1,33,26,38
150,1,33,27,35
150,1,33,28,34
150,1,33,29,33
151,2,33,0,2
151,2,33,1,74
151,2,33,2,73
151,2,33,3,72
151,2,33,4,71
151,2,33,5,3
151,2,33,6,4
151,2,33,7,5
151,2,33,8,6
151,2,33,9,49
151,2,33,10,19
151,2,33,11,20
151,2,33,12,21
151,2,33,13,43
151,2,33,14,44
151,2,33,15,45
151,2,33,16,46
151,2,33,17,47
151,2,33,18,48
151,2,33,19,22
151,2,33,20,67
151,2,33,21,68
151,2,33,22,27
151,2,33,23,38
151,2,33,24,35
151,2,33,25,34
151,2,33,26,33
152,13,7,0,13
152,13,7,1,12
152,13,7,2,40
152,13,7,3,11
152,13,7,4,10
152,13,7,5,6
152,13,7,6,7
153,18,7,0,18
153,18,7,1,13
153,18,7,2,12
153,18,7,3,40
153,18,7,4,11
153,18,7,5,10
153,18,7,6,6
153,18,7,7,7
154,12,7,0,12
154,12,7,1,40
154,12,7,2,11
154,12,7,3,10
154,12,7,4,6
154,12,7,5,7
155,25,7,0,25
155,25,7,1,54
155,25,7,2,53
155,25,7,3,52
155,25,7,4,24
155,25,7,5,51
155,25,7,6,23
155,25,7,7,50
155,25,7,8,19
155,25,7,9,49
155,25,7,10,6
155,25,7,11,7
156,29,7,0,29
156,29,7,1,28
156,29,7,2,27
156,29,7,3,68
156,29,7,4,67
156,29,7,5,22
156,29,7,6,48
156,29,7,7,47
156,29,7,8,46
156,29,7,9,45
156,29,7,10,44
156,29,7,11,43
156,29,7,12,21
156,29,7,13,20
156,29,7,14,19
156,29,7,15,49
156,29,7,16,6
156,29,7,17,7
157,31,7,0,31
157,31,7,1,32
157,31,7,2,34
157,31,7,3,35
157,31,7,4,38
157,31,7,5,27
157,31,7,6,68
157,31,7,7,67
157,31,7,8,22
157,31,7,9,48
157,31,7,10,47
157,31,7,11,46
157,31,7,12,45
157,31,7,13,44
157,31,7,14,43
157,31,7,15,21
157,31,7,16,20
157,31,7,17,19
157,31,7,18,49
157,31,7,19,6
157,31,7,20,7
158,35,7,0,35
158,35,7,1,38
158,35,7,2,27
158,35,7,3,68
158,35,7,4,67
158,35,7,5,22
158,35,7,6,48
158,35,7,7,47
158,35,7,8,46
158,35,7,9,45
158,35,7,10,44
158,35,7,11,43
158,35,7,12,21
158,35,7,13,20
158,35,7,14,19
158,35,7,15,49
158,35,7,16,6
158,35,7,17,7
159,33,7,0,33
159,33,7,1,34
159,33,7,2,35
159,33,7,3,38
159,33,7,4,27
159,33,7,5,68
159,33,7,6,67
159,33,7,7,22
159,33,7,8,48
159,33,7,9,47
159,33,7,10,46
159,33,7,11,45
159,33,7,12,44
159,33,7,13,43
159,33,7,14,21
159,33,7,15,20
159,33,7,16,19
159,33,7,17,49
159,33,7,18,6
159,33,7,19,7
160,5,7,0,5
160,5,7,1,6
160,5,7,2,7
161,6,7,0,6
161,6,7,1,7
162,37,7,0,37
162,37,7,1,36
162,37,7,2,34
162,37,7,3,35
162,37,7,4,38
162,37,7,5,27
162,37,7,6,68
162,37,7,7,67
162,37,7,8,22
162,37,7,9,48
162,37,7,10,47
162,37,7,11,46
162,37,7,12,45
162,37,7,13,44
162,37,7,14,43
162,37,7,15,21
162,37,7,16,20
162,37,7,17,19
162,37,7,18,49
162,37,7,19,6
162,37,7,20,7
163,39,7,0,39
163,39,7,1,70
163,39,7,2,33
163,39,7,3,34
163,39,7,4,35
163,39,7,5,38
163,39,7,6,27
163,39,7,7,68
163,39,7,8,67
163,39,7,9,22
163,39,7,10,48
163,39,7,11,47
163,39,7,12,46
163,39,7,13,45
163,39,7,14,44
163,39,7,15,43
163,39,7,16,21
163,39,7,17,20
163,39,7,18,19
163,39,7,19,49
163,39,7,20,6
163,39,7,21,7
164,14,7,0,14
164,14,7,1,13
164,14,7,2,12
164,14,7,3,40
164,14,7,4,11
164,14,7,5,10
164,14,7,6,6
164,14,7,7,7
165,15,7,0,15
165,15,7,1,14
165,15,7,2,13
165,15,7,3,12
165,15,7,4,40
165,15,7,5,11
165,15,7,6,10
165,15,7,7,6
165,15,7,8,7
166,19,7,0,19
166,19,7,1,49
166,19,7,2,6
166,19,7,3,7
167,16,7,0,16
167,16,7,1,15
167,16,7,2,14
167,16,7,3,13
167,16,7,4,12
167,16,7,5,40
167,16,7,6,11
167,16,7,7,10
167,16,7,8,6
167,16,7,9,7
168,17,7,0,17
168,17,7,1,18
168,17,7,2,13
168,17,7,3,12
168,17,7,4,40
168,17,7,5,11
168,17,7,6,10
168,17,7,7,6
168,17,7,8,7
169,1,7,0,1
169,1,7,1,76
169,1,7,2,75
169,1,7,3,2
169,1,7,4,74
169,1,7,5,73
169,1,7,6,72
169,1,7,7,71
169,1,7,8,3
169,1,7,9,4
169,1,7,10,5
169,1,7,11,6
169,1,7,12,7
170,2,7,0,2
170,2,7,1,74
170,2,7,2,73
170,2,7,3,72
170,2,7,4,71
170,2,7,5,3
170,2,7,6,4
170,2,7,7,5
170,2,7,8,6
170,2,7,9,7
171,13,5,0,13
171,13,5,1,12
171,13,5,2,40
171,13,5,3,11
171,13,5,4,10
171,13,5,5,4
171,13,5,6,5
172,13,6,0,13
172,13,6,1,12
172,13,6,2,40
172,13,6,3,11
172,13,6,4,10
172,13,6,5,6
173,18,5,0,18
173,18,5,1,13
173,18,5,2,12
173,18,5,3,40
173,18,5,4,11
173,18,5,5,10
173,18,5,6,4
173,18,5,7,5
174,18,6,0,18
174,18,6,1,13
174,18,6,2,12
174,18,6,3,40
174,18,6,4,11
174,18,6,5,10
174,18,6,6,6
175,12,5,0,12
175,12,5,1,40
175,12,5,2,11
175,12,5,3,10
175,12,5,4,4
175,12,5,5,5
176,12,6,0,12
176,12,6,1,40
176,12,6,2,11
176,12,6,3,10
176,12,6,4,6
177,25,5,0,25
177,25,5,1,54
177,25,5,2,53
177,25,5,3,52
177,25,5,4,24
177,25,5,5,51
177,25,5,6,23
177,25,5,7,50
177,25,5,8,19
177,25,5,9,49
177,25,5,10,6
177,25,5,11,5
178,25,6,0,25
178,25,6,1,54
178,25,6,2,53
178,25,6,3,52
178,25,6,4,24
178,25,6,5,51
178,25,6,6,23
178,25,6,7,50
178,25,6,8,19
178,25,6,9,49
178,25,6,10,6
179,29,5,0,29
179,29,5,1,28
179,29,5,2,27
179,29,5,3,68
179,29,5,4,67
179,29,5,5,22
179,29,5,6,48
179,29,5,7,47
179,29,5,8,46
179,29,5,9,45
179,29,5,10,44
179,29,5,11,43
179,29,5,12,21
179,29,5,13,20
179,29,5,14,19
179,29,5,15,49
179,29,5,16,6
179,29,5,17,5
180,29,6,0,29
180,29,6,1,28
180,29,6,2,27
180,29,6,3,68
180,29,6,4,67
180,29,6,5,22
180,29,6,6,48
180,29,6,7,47
180,29,6,8,46
180,29,6,9,45
180,29,6,10,44
180,29,6,11,43
180,29,6,12,21
180,29,6,13,20
180,29,6,14,19
180,29,6,15,49
180,29,6,16,6
181,31,5,0,31
181,31,5,1,32
181,31,5,2,34
181,31,5,3,35
181,31,5,4,38
181,31,5,5,27
181,31,5,6,68
181,31,5,7,67
181,31,5,8,22
181,31,5,9,48
181,31,5,10,47
181,31,5,11,46
181,31,5,12,45
181,31,5,13,44
181,31,5,14,43
181,31,5,15,21
181,31,5,16,20
181,31,5,17,19
181,31,5,18,49
181,31,5,19,6
181,31,5,20,5
182,31,6,0,31
182,31,6,1,32
182,31,6,2,34
182,31,6,3,35
182,31,6,4,38
182,31,6,5,27
182,31,6,6,68
182,31,6,7,67
182,31,6,8,22
182,31,6,9,48
182,31,6,10,47
182,31,6,11,46
182,31,6,12,45
182,31,6,13,44
182,31,6,14,43
182,31,6,15,21
182,31,6,16,20
182,31,6,17,19
182,31,6,18,49
182,31,6,19,6
183,35,5,0,35
183,35,5,1,38
183,35,5,2,27
183,35,5,3,68
183,35,5,4,67
183,35,5,5,22
183,35,5,6,48
183,35,5,7,47
183,35,5,8,46
183,35,5,9,45
183,35,5,10,44
183,35,5,11,43
183,35,5,12,21
183,35,5,13,20
183,35,5,14,19
183,35,5,15,49
183,35,5,16,6
183,35,5,17,5
184,35,6,0,35
184,35,6,1,38
184,35,6,2,27
184,35,6,3,68
184,35,6,4,67
184,35,6,5,22
184,35,6,6,48
184,35,6,7,47
184,35,6,8,46
184,35,6,9,45
184,35,6,10,44
184,35,6,11,43
184,35,6,12,21
184,35,6,13,20
184,35,6,14,19
184,35,6,15,49
184,35,6,16,6
185,33,5,0,33
185,33,5,1,34
185,33,5,2,35
185,33,5,3,38
185,33,5,4,27
185,33,5,5,68
185,33,5,6,67
185,33,5,7,22
185,33,5,8,48
185,33,5,9,47
185,33,5,10,46
185,33,5,11,45
185,33,5,12,44
185,33,5,13,43
185,33,5,14,21
185,33,5,15,20
185,33,5,16,19
185,33,5,17,49
185,33,5,18,6
185,33,5,19,5
186,33,6,0,33
186,33,6,1,34
186,33,6,2,35
186,33,6,3,38
186,33,6,4,27
186,33,6,5,68
186,33,6,6,67
186,33,6,7,22
186,33,6,8,48
186,33,6,9,47
186,33,6,10,46
186,33,6,11,45
186,33,6,12,44
186,33,6,13,43
186,33,6,14,21
186,33,6,15,20
186,33,6,16,19
186,33,6,17,49
186,33,6,18,6
187,7,5,0,7
187,7,5,1,6
187,7,5,2,5
188,7,6,0,7
188,7,6,1,6
189,5,6,0,5
189,5,6,1,6
190,6,5,0,6
190,6,5,1,5
191,37,5,0,37
191,37,5,1,36
191,37,5,2,34
191,37,5,3,35
191,37,5,4,38
191,37,5,5,27
191,37,5,6,68
191,37,5,7,67
191,37,5,8,22
191,37,5,9,48
191,37,5,10,47
191,37,5,11,46
191,37,5,12,45
191,37,5,13,44
191,37,5,14,43
191,37,5,15,21
191,37,5,16,20
191,37,5,17,19
191,37,5,18,49
191,37,5,19,6
191,37,5,20,5
192,37,6,0,37
192,37,6,1,36
192,37,6,2,34
192,37,6,3,35
192,37,6,4,38
192,37,6,5,27
192,37,6,6,68
192,37,6,7,67
192,37,6,8,22
192,37,6,9,48
192,37,6,10,47
192,37,6,11,46
192,37,6,12,45
192,37,6,13,44
192,37,6,14,43
192,37,6,15,21
192,37,6,16,20
192,37,6,17,19
192,37,6,18,49
192,37,6,19,6
193,39,5,0,39
193,39,5,1,70
193,39,5,2,33
193,39,5,3,34
193,39,5,4,35
193,39,5,5,38
193,39,5,6,27
193,39,5,7,68
193,39,5,8,67
193,39,5,9,22
193,39,5,10,48
193,39,5,11,47
193,39,5,12,46
193,39,5,13,45
193,39,5,14,44
193,39,5,15,43
193,39,5,16,21
193,39,5,17,20
193,39,5,18,19
193,39,5,19,49
193,39,5,20,6
193,39,5,21,5
194,39,6,0,39
194,39,6,1,70
194,39,6,2,33
194,39,6,3,34
194,39,6,4,35
194,39,6,5,38
194,39,6,6,27
194,39,6,7,68
194,39,6,8,67
194,39,6,9,22
194,39,6,10,48
194,39,6,11,47
194,39,6,12,46
194,39,6,13,45
194,39,6,14,44
194,39,6,15,43
194,39,6,16,21
194,39,6,17,20
194,39,6,18,19
194,39,6,19,49
194,39,6,20,6
195,14,5,0,14
195,14,5,1,13
195,14,5,2,12
195,14,5,3,40
195,14,5,4,11
195,14,5,5,10
195,14,5,6,4
195,14,5,7,5
196,14,6,0,14
196,14,6,1,13
196,14,6,2,12
196,14,6,3,40
196,14,6,4,11
196,14,6,5,10
196,14,6,6,6
197,15,5,0,15
197,15,5,1,14
197,15,5,2,13
197,15,5,3,12
197,15,5,4,40
197,15,5,5,11
197,15,5,6,10
197,15,5,7,4
197,15,5,8,5
198,15,6,0,15
198,15,6,1,14
198,15,6,2,13
198,15,6,3,12
198,15,6,4,40
198,15,6,5,11
198,15,6,6,10
198,15,6,7,6
199,19,5,0,19
199,19,5,1,49
199,19,5,2,6
199,19,5,3,5
200,19,6,0,19
200,19,6,1,49
200,19,6,2,6
201,16,5,0,16
201,16,5,1,15
201,16,5,2,14
201,16,5,3,13
201,16,5,4,12
201,16,5,5,40
201,16,5,6,11
201,16,5,7,10
201,16,5,8,4
201,16,5,9,5
202,16,6,0,16
202,16,6,1,15
202,16,6,2,14
202,16,6,3,13
202,16,6,4,12
202,16,6,5,40
202,16,6,6,11
202,16,6,7,10
202,16,6,8,6
203,17,5,0,17
203,17,5,1,18
203,17,5,2,13
203,17,5,3,12
203,17,5,4,40
203,17,5,5,11
203,17,5,6,10
203,17,5,7,4
203,17,5,8,5
204,17,6,0,17
204,17,6,1,18
204,17,6,2,13
204,17,6,3,12
204,17,6,4,40
204,17,6,5,11
204,17,6,6,10
204,17,6,7,6
205,1,5,0,1
205,1,5,1,76
205,1,5,2,75
205,1,5,3,2
205,1,5,4,74
205,1,5,5,73
205,1,5,6,72
205,1,5,7,71
205,1,5,8,3
205,1,5,9,4
205,1,5,10,5
206,1,6,0,1
206,1,6,1,76
206,1,6,2,75
206,1,6,3,2
206,1,6,4,74
206,1,6,5,73
206,1,6,6,72
206,1,6,7,71
206,1,6,8,3
206,1,6,9,4
206,1,6,10,5
206,1,6,11,6
207,2,5,0,2
207,2,5,1,74
207,2,5,2,73
207,2,5,3,72
207,2,5,4,71
207,2,5,5,3
207,2,5,6,4
207,2,5,7,5
208,2,6,0,2
208,2,6,1,74
208,2,6,2,73
208,2,6,3,72
208,2,6,4,71
208,2,6,5,3
208,2,6,6,4
208,2,6,7,5
208,2,6,8,6
209,13,37,0,13
209,13,37,1,18
209,13,37,2,17
209,13,37,3,42
209,13,37,4,21
209,13,37,5,43
209,13,37,6,44
209,13,37,7,45
209,13,37,8,46
209,13,37,9,47
209,13,37,10,48
209,13,37,11,22
209,13,37,12,67
209,13,37,13,68
209,13,37,14,27
209,13,37,15,38
209,13,37,16,35
209,13,37,17,34
209,13,37,18,36
209,13,37,19,37
210,18,37,0,18
210,18,37,1,17
210,18,37,2,42
210,18,37,3,21
210,18,37,4,43
210,18,37,5,44
210,18,37,6,45
210,18,37,7,46
210,18,37,8,47
210,18,37,9,48
210,18,37,10,22
210,18,37,11,67
210,18,37,12,68
210,18,37,13,27
210,18,37,14,38
210,18,37,15,35
210,18,37,16,34
210,18,37,17,36
210,18,37,18,37
211,12,37,0,12
211,12,37,1,13
211,12,37,2,18
211,12,37,3,17
211,12,37,4,42
211,12,37,5,21
211,12,37,6,43
211,12,37,7,44
211,12,37,8,45
211,12,37,9,46
211,12,37,10,47
211,12,37,11,48
211,12,37,12,22
211,12,37,13,67
211,12,37,14,68
211,12,37,15,27
211,12,37,16,38
211,12,37,17,35
211,12,37,18,34
211,12,37,19,36
211,12,37,20,37
212,25,37,0,25
212,25,37,1,55
212,25,37,2,56
212,25,37,3,57
212,25,37,4,58
212,25,37,5,59
212,25,37,6,60
212,25,37,7,61
212,25,37,8,62
212,25,37,9,63
212,25,37,10,64
212,25,37,11,65
212,25,37,12,26
212,25,37,13,66
212,25,37,14,22
212,25,37,15,67
212,25,37,16,68
212,25,37,17,27
212,25,37,18,38
212,25,37,19,35
212,25,37,20,34
212,25,37,21,36
212,25,37,22,37
213,29,37,0,29
213,29,37,1,28
213,29,37,2,35
213,29,37,3,34
213,29,37,4,36
213,29,37,5,37
214,31,37,0,31
214,31,37,1,32
214,31,37,2,34
214,31,37,3,36
214,31,37,4,37
215,35,37,0,35
215,35,37,1,34
215,35,37,2,36
215,35,37,3,37
216,33,37,0,33
216,33,37,1,34
216,33,37,2,36
216,33,37,3,37
217,7,37,0,7
217,7,37,1,6
217,7,37,2,49
217,7,37,3,19
217,7,37,4,20
217,7,37,5,21
217,7,37,6,43
217,7,37,7,44
217,7,37,8,45
217,7,37,9,46
217,7,37,10,47
217,7,37,11,48
217,7,37,12,22
217,7,37,13,67
217,7,37,14,68
217,7,37,15,27
217,7,37,16,38
217,7,37,17,35
217,7,37,18,34
217,7,37,19,36
217,7,37,20,37
218,5,37,0,5
218,5,37,1,6
218,5,37,2,49
218,5,37,3,19
218,5,37,4,20
218,5,37,5,21
218,5,37,6,43
218,5,37,7,44
218,5,37,8,45
218,5,37,9,46
218,5,37,10,47
218,5,37,11,48
218,5,37,12,22
218,5,37,13,67
218,5,37,14,68
218,5,37,15,27
218,5,37,16,38
218,5,37,17,35
218,5,37,18,34
218,5,37,19,36
218,5,37,20,37
219,6,37,0,6
219,6,37,1,49
219,6,37,2,19
219,6,37,3,20
219,6,37,4,21
219,6,37,5,43
219,6,37,6,44
219,6,37,7,45
219,6,37,8,46
219,6,37,9,47
219,6,37,10,48
219,6,37,11,22
219,6,37,12,67
219,6,37,13,68
219,6,37,14,27
219,6,37,15,38
219,6,37,16,35
219,6,37,17,34
219,6,37,18,36
219,6,37,19,37
220,39,37,0,39
220,39,37,1,70
220,39,37,2,33
220,39,37,3,34
220,39,37,4,36
220,39,37,5,37
221,14,37,0,14
221,14,37,1,15
221,14,37,2,16
221,14,37,3,41
221,14,37,4,17
221,14,37,5,42
221,14,37,6,21
221,14,37,7,43
221,14,37,8,44
221,14,37,9,45
221,14,37,10,46
221,14,37,11,47
221,14,37,12,48
221,14,37,13,22
221,14,37,14,67
221,14,37,15,68
221,14,37,16,27
221,14,37,17,38
221,14,37,18,35
221,14,37,19,34
221,14,37,20,36
221,14,37,21,37
222,15,37,0,15
222,15,37,1,16
222,15,37,2,41
222,15,37,3,17
222,15,37,4,42
222,15,37,5,21
222,15,37,6,43
222,15,37,7,44
222,15,37,8,45
222,15,37,9,46
222,15,37,10,47
222,15,37,11,48
222,15,37,12,22
222,15,37,13,67
222,15,37,14,68
222,15,37,15,27
222,15,37,16,38
222,15,37,17,35
222,15,37,18,34
222,15,37,19,36
222,15,37,20,37
223,19,37,0,19
223,19,37,1,20
223,19,37,2,21
223,19,37,3,43
223,19,37,4,44
223,19,37,5,45
223,19,37,6,46
223,19,37,7,47
223,19,37,8,48
223,19,37,9,22
223,19,37,10,67
223,19,37,11,68
223,19,37,12,27
223,19,37,13,38
223,19,37,14,35
223,19,37,15,34
223,19,37,16,36
223,19,37,17,37
224,16,37,0,16
224,16,37,1,41
224,16,37,2,17
224,16,37,3,42
224,16,37,4,21
224,16,37,5,43
224,16,37,6,44
224,16,37,7,45
224,16,37,8,46
224,16,37,9,47
224,16,37,10,48
224,16,37,11,22
224,16,37,12,67
224,16,37,13,68
224,16,37,14,27
224,16,37,15,38
224,16,37,16,35
224,16,37,17,34
224,16,37,18,36
224,16,37,19,37
225,17,37,0,17
225,17,37,1,42
225,17,37,2,21
225,17,37,3,43
225,17,37,4,44
225,17,37,5,45
225,17,37,6,46
225,17,37,7,47
225,17,37,8,48
225,17,37,9,22
225,17,37,10,67
225,17,37,11,68
225,17,37,12,27
225,17,37,13,38
225,17,37,14,35
225,17,37,15,34
225,17,37,16,36
225,17,37,17,37
226,1,37,0,1
226,1,37,1,76
226,1,37,2,75
226,1,37,3,2
226,1,37,4,74
226,1,37,5,73
226,1,37,6,72
226,1,37,7,71
226,1,37,8,3
226,1,37,9,4
226,1,37,10,5
226,1,37,11,6
226,1,37,12,49
226,1,37,13,19
226,1,37,14,20
226,1,37,15,21
226,1,37,16,43
226,1,37,17,44
226,1,37,18,45
226,1,37,19,46
226,1,37,20,47
226,1,37,21,48
226,1,37,22,22
226,1,37,23,67
226,1,37,24,68
226,1,37,25,27
226,1,37,26,38
226,1,37,27,35
226,1,37,28,34
226,1,37,29,36
226,1,37,30,37
227,2,37,0,2
227,2,37,1,74
227,2,37,2,73
227,2,37,3,72
227,2,37,4,71
227,2,37,5,3
227,2,37,6,4
227,2,37,7,5
227,2,37,8,6
227,2,37,9,49
227,2,37,10,19
227,2,37,11,20
227,2,37,12,21
227,2,37,13,43
227,2,37,14,44
227,2,37,15,45
227,2,37,16,46
227,2,37,17,47
227,2,37,18,48
227,2,37,19,22
227,2,37,20,67
227,2,37,21,68
227,2,37,22,27
227,2,37,23,38
227,2,37,24,35
227,2,37,25,34
227,2,37,26,36
227,2,37,27,37
228,13,39,0,13
228,13,39,1,18
228,13,39,2,17
228,13,39,3,42
228,13,39,4,21
228,13,39,5,43
228,13,39,6,44
228,13,39,7,45
228,13,39,8,46
228,13,39,9,47
228,13,39,10,48
228,13,39,11,22
228,13,39,12,67
228,13,39,13,68
228,13,39,14,27
228,13,39,15,38
228,13,39,16,35
228,13,39,17,34
228,13,39,18,33
228,13,39,19,70
228,13,39,20,39
229,18,39,0,18
229,18,39,1,17
229,18,39,2,42
229,18,39,3,21
229,18,39,4,43
229,18,39,5,44
229,18,39,6,45
229,18,39,7,46
229,18,39,8,47
229,18,39,9,48
229,18,39,10,22
229,18,39,11,67
229,18,39,12,68
229,18,39,13,27
229,18,39,14,38
229,18,39,15,35
229,18,39,16,34
229,18,39,17,33
229,18,39,18,70
229,18,39,19,39
230,12,39,0,12
230,12,39,1,13
230,12,39,2,18
230,12,39,3,17
230,12,39,4,42
230,12,39,5,21
230,12,39,6,43
230,12,39,7,44
230,12,39,8,45
230,12,39,9,46
230,12,39,10,47
230,12,39,11,48
230,12,39,12,22
230,12,39,13,67
230,12,39,14,68
230,12,39,15,27
230,12,39,16,38
230,12,39,17,35
230,12,39,18,34
230,12,39,19,33
230,12,39,20,70
230,12,39,21,39
231,25,39,0,25
231,25,39,1,55
231,25,39,2,56
231,25,39,3,57
231,25,39,4,58
231,25,39,5,59
231,25,39,6,60
231,25,39,7,61
231,25,39,8,62
231,25,39,9,63
231,25,39,10,64
231,25,39,11,65
231,25,39,12,26
231,25,39,13,66
231,25,39,14,22
231,25,39,15,67
231,25,39,16,68
231,25,39,17,27
231,25,39,18,38
231,25,39,19,35
231,25,39,20,34
231,25,39,21,33
231,25,39,22,70
231,25,39,23,39
232,29,39,0,29
232,29,39,1,32
232,29,39,2,33
232,29,39,3,70
232,29,39,4,39
233,31,39,0,31
233,31,39,1,32
233,31,39,2,33
233,31,39,3,70
233,31,39,4,39
234,35,39,0,35
234,35,39,1,34
234,35,39,2,33
234,35,39,3,70
234,35,39,4,39
235,33,39,0,33
235,33,39,1,70
235,33,39,2,39
236,7,39,0,7
236,7,39,1,6
236,7,39,2,49
236,7,39,3,19
236,7,39,4,20
236,7,39,5,21
236,7,39,6,43
236,7,39,7,44
236,7,39,8,45
236,7,39,9,46
236,7,39,10,47
236,7,39,11,48
236,7,39,12,22
236,7,39,13,67
236,7,39,14,68
236,7,39,15,27
236,7,39,16,38
236,7,39,17,35
236,7,39,18,34
236,7,39,19,33
236,7,39,20,70
236,7,39,21,39
237,5,39,0,5
237,5,39,1,6
237,5,39,2,49
237,5,39,3,19
237,5,39,4,20
237,5,39,5,21
237,5,39,6,43
237,5,39,7,44
237,5,39,8,45
237,5,39,9,46
237,5,39,10,47
237,5,39,11,48
237,5,39,12,22
237,5,39,13,67
237,5,39,14,68
237,5,39,15,27
237,5,39,16,38
237,5,39,17,35
237,5,39,18,34
237,5,39,19,33
237,5,39,20,70
237,5,39,21,39
238,6,39,0,6
238,6,39,1,49
238,6,39,2,19
238,6,39,3,20
238,6,39,4,21
238,6,39,5,43
238,6,39,6,44
238,6,39,7,45
238,6,39,8,46
238,6,39,9,47
238,6,39,10,48
238,6,39,11,22
238,6,39,12,67
238,6,39,13,68
238,6,39,14,27
238,6,39,15,38
238,6,39,16,35
238,6,39,17,34
238,6,39,18,33
238,6,39,19,70
238,6,39,20,39
239,37,39,0,37
239,37,39,1,36
239,37,39,2,34
239,37,39,3,33
239,37,39,4,70
239,37,39,5,39
240,14,39,0,14
240,14,39,1,15
240,14,39,2,16
240,14,39,3,41
240,14,39,4,17
240,14,39,5,42
240,14,39,6,21
240,14,39,7,43
240,14,39,8,44
240,14,39,9,45
240,14,39,10,46
240,14,39,11,47
240,14,39,12,48
240,14,39,13,22
240,14,39,14,67
240,14,39,15,68
240,14,39,16,27
240,14,39,17,38
240,14,39,18,35
240,14,39,19,34
240,14,39,20,33
240,14,39,21,70
240,14,39,22,39
241,15,39,0,15
241,15,39,1,16
241,15,39,2,41
241,15,39,3,17
241,15,39,4,42
241,15,39,5,21
241,15,39,6,43
241,15,39,7,44
241,15,39,8,45
241,15,39,9,46
241,15,39,10,47
241,15,39,11,48
241,15,39,12,22
241,15,39,13,67
241,15,39,14,68
241,15,39,15,27
241,15,39,16,38
241,15,39,17,35
241,15,39,18,34
241,15,39,19,33
241,15,39,20,70
241,15,39,21,39
242,19,39,0,19
242,19,39,1,20
242,19,39,2,21
242,19,39,3,43
242,19,39,4,44
242,19,39,5,45
242,19,39,6,46
242,19,39,7,47
242,19,39,8,48
242,19,39,9,22
242,19,39,10,67
242,19,39,11,68
242,19,39,12,27
242,19,39,13,38
242,19,39,14,35
242,19,39,15,34
242,19,39,16,33
242,19,39,17,70
242,19,39,18,39
243,16,39,0,16
243,16,39,1,41
243,16,39,2,17
243,16,39,3,42
243,16,39,4,21
243,16,39,5,43
243,16,39,6,44
243,16,39,7,45
243,16,39,8,46
243,16,39,9,47
243,16,39,10,48
243,16,39,11,22
243,16,39,12,67
243,16,39,13,68
243,16,39,14,27
243,16,39,15,38
243,16,39,16,35
243,16,39,17,34
243,16,39,18,33
243,16,39,19,70
243,16,39,20,39
244,17,39,0,17
244,17,39,1,42
244,17,39,2,21
244,17,39,3,43
244,17,39,4,44
244,17,39,5,45
244,17,39,6,46
244,17,39,7,47
244,17,39,8,48
244,17,39,9,22
244,17,39,10,67
244,17,39,11,68
244,17,39,12,27
244,17,39,13,38
244,17,39,14,35
244,17,39,15,34
244,17,39,16,33
244,17,39,17,70
244,17,39,18,39
245,1,39,0,1
245,1,39,1,76
245,1,39,2,75
245,1,39,3,2
245,1,39,4,74
245,1,39,5,73
245,1,39,6,72
245,1,39,7,71
245,1,39,8,3
245,1,39,9,4
245,1,39,10,5
245,1,39,11,6
245,1,39,12,49
245,1,39,13,19
245,1,39,14,20
245,1,39,15,21
245,1,39,16,43
245,1,39,17,44
245,1,39,18,45
245,1,39,19,46
245,1,39,20,47
245,1,39,21,48
245,1,39,22,22
245,1,39,23,67
245,1,39,24,68
245,1,39,25,27
245,1,39,26,38
245,1,39,27,35
245,1,39,28,34
245,1,39,29,33
245,1,39,30,70
245,1,39,31,39
246,2,39,0,2
246,2,39,1,74
246,2,39,2,73
246,2,39,3,72
246,2,39,4,71
246,2,39,5,3
246,2,39,6,4
246,2,39,7,5
246,2,39,8,6
246,2,39,9,49
246,2,39,10,19
246,2,39,11,20
246,2,39,12,21
246,2,39,13,43
246,2,39,14,44
246,2,39,15,45
246,2,39,16,46
246,2,39,17,47
246,2,39,18,48
246,2,39,19,22
246,2,39,20,67
246,2,39,21,68
246,2,39,22,27
246,2,39,23,38
246,2,39,24,35
246,2,39,25,34
246,2,39,26,33
246,2,39,27,70
246,2,39,28,39
247,13,14,0,13
247,13,14,1,14
248,13,15,0,13
248,13,15,1,14
248,13,15,2,15
249,18,14,0,18
249,18,14,1,13
249,18,14,2,14
250,18,15,0,18
250,18,15,1,13
250,18,15,2,14
250,18,15,3,15
251,12,14,0,12
251,12,14,1,13
251,12,14,2,14
252,12,15,0,12
252,12,15,1,13
252,12,15,2,14
252,12,15,3,15
253,25,14,0,25
253,25,14,1,54
253,25,14,2,53
253,25,14,3,52
253,25,14,4,24
253,25,14,5,51
253,25,14,6,23
253,25,14,7,50
253,25,14,8,19
253,25,14,9,20
253,25,14,10,18
253,25,14,11,13
253,25,14,12,14
254,25,15,0,25
254,25,15,1,54
254,25,15,2,53
254,25,15,3,52
254,25,15,4,24
254,25,15,5,51
254,25,15,6,23
254,25,15,7,50
254,25,15,8,19
254,25,15,9,20
254,25,15,10,18
254,25,15,11,13
254,25,15,12,14
254,25,15,13,15
255,29,14,0,29
255,29,14,1,28
255,29,14,2,27
255,29,14,3,68
255,29,14,4,67
255,29,14,5,22
255,29,14,6,48
255,29,14,7,47
255,29,14,8,46
255,29,14,9,45
255,29,14,10,44
255,29,14,11,43
255,29,14,12,21
255,29,14,13,42
255,29,14,14,17
255,29,14,15,41
255,29,14,16,16
255,29,14,17,15
255,29,14,18,14
256,29,15,0,29
256,29,15,1,28
256,29,15,2,27
256,29,15,3,68
256,29,15,4,67
256,29,15,5,22
256,29,15,6,48
256,29,15,7,47
256,29,15,8,46
256,29,15,9,45
256,29,15,10,44
256,29,15,11,43
256,29,15,12,21
256,29,15,13,42
256,29,15,14,17
256,29,15,15,41
256,29,15,16,16
256,29,15,17,15
257,31,14,0,31
257,31,14,1,32
257,31,14,2,34
257,31,14,3,35
257,31,14,4,38
257,31,14,5,27
257,31,14,6,68
257,31,14,7,67
257,31,14,8,22
257,31,14,9,48
257,31,14,10,47
257,31,14,11,46
257,31,14,12,45
257,31,14,13,44
257,31,14,14,43
257,31,14,15,21
257,31,14,16,42
257,31,14,17,17
257,31,14,18,41
257,31,14,19,16
257,31,14,20,15
257,31,14,21,14
258,31,15,0,31
258,31,15,1,32
258,31,15,2,34
258,31,15,3,35
258,31,15,4,38
258,31,15,5,27
258,31,15,6,68
258,31,15,7,67
258,31,15,8,22
258,31,15,9,48
258,31,15,10,47
258,31,15,11,46
258,31,15,12,45
258,31,15,13,44
258,31,15,14,43
258,31,15,15,21
258,31,15,16,42
258,31,15,17,17
258,31,15,18,41
258,31,15,19,16
258,31,15,20,15
259,35,14,0,35
259,35,14,1,38
259,35,14,2,27
259,35,14,3,68
259,35,14,4,67
259,35,14,5,22
259,35,14,6,48
259,35,14,7,47
259,35,14,8,46
259,35,14,9,45
259,35,14,10,44
259,35,14,11,43
259,35,14,12,21
259,35,14,13,42
259,35,14,14,17
259,35,14,15,41
259,35,14,16,16
259,35,14,17,15
259,35,14,18,14
260,35,15,0,35
260,35,15,1,38
260,35,15,2,27
260,35,15,3,68
260,35,15,4,67
260,35,15,5,22
260,35,15,6,48
260,35,15,7,47
260,35,15,8,46
260,35,15,9,45
260,35,15,10,44
260,35,15,11,43
260,35,15,12,21
260,35,15,13,42
260,35,15,14,17
260,35,15,15,41
260,35,15,16,16
260,35,15,17,15
261,33,14,0,33
261,33,14,1,34
261,33,14,2,35
261,33,14,3,38
261,33,14,4,27
261,33,14,5,68
261,33,14,6,67
261,33,14,7,22
261,33,14,8,48
261,33,14,9,47
261,33,14,10,46
261,33,14,11,45
261,33,14,12,44
261,33,14,13,43
261,33,14,14,21
261,33,14,15,42
261,33,14,16,17
261,33,14,17,41
261,33,14,18,16
261,33,14,19,15
261,33,14,20,14
262,33,15,0,33
262,33,15,1,34
262,33,15,2,35
262,33,15,3,38
262,33,15,4,27
262,33,15,5,68
262,33,15,6,67
262,33,15,7,22
262,33,15,8,48
262,33,15,9,47
262,33,15,10,46
262,33,15,11,45
262,33,15,12,44
262,33,15,13,43
262,33,15,14,21
262,33,15,15,42
262,33,15,16,17
262,33,15,17,41
262,33,15,18,16
262,33,15,19,15
263,7,14,0,7
263,7,14,1,6
263,7,14,2,10
263,7,14,3,11
263,7,14,4,40
263,7,14,5,12
263,7,14,6,13
263,7,14,7,14
264,7,15,0,7
264,7,15,1,6
264,7,15,2,10
264,7,15,3,11
264,7,15,4,40
264,7,15,5,12
264,7,15,6,13
264,7,15,7,14
264,7,15,8,15
265,5,14,0,5
265,5,14,1,4
265,5,14,2,10
265,5,14,3,11
265,5,14,4,40
265,5,14,5,12
265,5,14,6,13
265,5,14,7,14
266,5,15,0,5
266,5,15,1,4
266,5,15,2,10
266,5,15,3,11
266,5,15,4,40
266,5,15,5,12
266,5,15,6,13
266,5,15,7,14
266,5,15,8,15
267,6,14,0,6
267,6,14,1,10
267,6,14,2,11
267,6,14,3,40
267,6,14,4,12
267,6,14,5,13
267,6,14,6,14
268,6,15,0,6
268,6,15,1,10
268,6,15,2,11
268,6,15,3,40
268,6,15,4,12
268,6,15,5,13
268,6,15,6,14
268,6,15,7,15
269,37,14,0,37
269,37,14,1,36
269,37,14,2,34
269,37,14,3,35
269,37,14,4,38
269,37,14,5,27
269,37,14,6,68
269,37,14,7,67
269,37,14,8,22
269,37,14,9,48
269,37,14,10,47
269,37,14,11,46
269,37,14,12,45
269,37,14,13,44
269,37,14,14,43
269,37,14,15,21
269,37,14,16,42
269,37,14,17,17
269,37,14,18,41
269,37,14,19,16
269,37,14,20,15
269,37,14,21,14
270,37,15,0,37
270,37,15,1,36
270,37,15,2,34
270,37,15,3,35
270,37,15,4,38
270,37,15,5,27
270,37,15,6,68
270,37,15,7,67
270,37,15,8,22
270,37,15,9,48
270,37,15,10,47
270,37,15,11,46
270,37,15,12,45
270,37,15,13,44
270,37,15,14,43
270,37,15,15,21
270,37,15,16,42
270,37,15,17,17
270,37,15,18,41
270,37,15,19,16
270,37,15,20,15
271,39,14,0,39
271,39,14,1,70
271,39,14,2,33
271,39,14,3,34
271,39,14,4,35
271,39,14,5,38
271,39,14,6,27
271,39,14,7,68
271,39,14,8,67
271,39,14,9,22
271,39,14,10,48
271,39,14,11,47
271,39,14,12,46
271,39,14,13,45
271,39,14,14,44
271,39,14,15,43
271,39,14,16,21
271,39,14,17,42
271,39,14,18,17
271,39,14,19,41
271,39,14,20,16
271,39,14,21,15
271,39,14,22,14
272,39,15,0,39
272,39,15,1,70
272,39,15,2,33
272,39,15,3,34
272,39,15,4,35
272,39,15,5,38
272,39,15,6,27
272,39,15,7,68
272,39,15,8,67
272,39,15,9,22
272,39,15,10,48
272,39,15,11,47
272,39,15,12,46
272,39,15,13,45
272,39,15,14,44
272,39,15,15,43
272,39,15,16,21
272,39,15,17,42
272,39,15,18,17
272,39,15,19,41
272,39,15,20,16
272,39,15,21,15
273,14,15,0,14
273,14,15,1,15
274,15,14,0,15
274,15,14,1,14
275,19,14,0,19
275,19,14,1,20
275,19,14,2,18
275,19,14,3,13
275,19,14,4,14
276,19,15,0,19
276,19,15,1,20
276,19,15,2,18
276,19,15,3,13
276,19,15,4,14
276,19,15,5,15
277,16,14,0,16
277,16,14,1,15
277,16,14,2,14
278,16,15,0,16
278,16,15,1,15
279,17,14,0,17
279,17,14,1,41
279,17,14,2,16
279,17,14,3,15
279,17,14,4,14
280,17,15,0,17
280,17,15,1,41
280,17,15,2,16
280,17,15,3,15
281,1,14,0,1
281,1,14,1,76
281,1,14,2,75
281,1,14,3,2
281,1,14,4,74
281,1,14,5,73
281,1,14,6,72
281,1,14,7,71
281,1,14,8,3
281,1,14,9,11
281,1,14,10,40
281,1,14,11,12
281,1,14,12,13
281,1,14,13,14
282,1,15,0,1
282,1,15,1,76
282,1,15,2,75
282,1,15,3,2
282,1,15,4,74
282,1,15,5,73
282,1,15,6,72
282,1,15,7,71
282,1,15,8,3
282,1,15,9,11
282,1,15,10,40
282,1,15,11,12
282,1,15,12,13
282,1,15,13,14
282,1,15,14,15
283,2,14,0,2
283,2,14,1,74
283,2,14,2,73
283,2,14,3,72
283,2,14,4,71
283,2,14,5,3
283,2,14,6,11
283,2,14,7,40
283,2,14,8,12
283,2,14,9,13
283,2,14,10,14
284,2,15,0,2
284,2,15,1,74
284,2,15,2,73
284,2,15,3,72
284,2,15,4,71
284,2,15,5,3
284,2,15,6,11
284,2,15,7,40
284,2,15,8,12
284,2,15,9,13
284,2,15,10,14
284,2,15,11,15
285,13,19,0,13
285,13,19,1,18
285,13,19,2,20
285,13,19,3,19
286,18,19,0,18
286,18,19,1,20
286,18,19,2,19
287,12,19,0,12
287,12,19,1,13
287,12,19,2,18
287,12,19,3,20
287,12,19,4,19
288,25,19,0,25
288,25,19,1,54
288,25,19,2,53
288,25,19,3,52
288,25,19,4,24
288,25,19,5,51
288,25,19,6,23
288,25,19,7,50
288,25,19,8,19
289,29,19,0,29
289,29,19,1,28
289,29,19,2,27
289,29,19,3,68
289,29,19,4,67
289,29,19,5,22
289,29,19,6,48
289,29,19,7,47
289,29,19,8,46
289,29,19,9,45
289,29,19,10,44
289,29,19,11,43
289,29,19,12,21
289,29,19,13,20
289,29,19,14,19
290,31,19,0,31
290,31,19,1,32
290,31,19,2,34
290,31,19,3,35
290,31,19,4,38
290,31,19,5,27
290,31,19,6,68
290,31,19,7,67
290,31,19,8,22
290,31,19,9,48
290,31,19,10,47
290,31,19,11,46
290,31,19,12,45
290,31,19,13,44
290,31,19,14,43
290,31,19,15,21
290,31,19,16,20
290,31,19,17,19
291,35,19,0,35
291,35,19,1,38
291,35,19,2,27
291,35,19,3,68
291,35,19,4,67
291,35,19,5,22
291,35,19,6,48
291,35,19,7,47
291,35,19,8,46
291,35,19,9,45
291,35,19,10,44
291,35,19,11,43
291,35,19,12,21
291,35,19,13,20
291,35,19,14,19
292,33,19,0,33
292,33,19,1,34
292,33,19,2,35
292,33,19,3,38
292,33,19,4,27
292,33,19,5,68
292,33,19,6,67
292,33,19,7,22
292,33,19,8,48
292,33,19,9,47
292,33,19,10,46
292,33,19,11,45
292,33,19,12,44
292,33,19,13,43
292,33,19,14,21
292,33,19,15,20
292,33,19,16,19
293,7,19,0,7
293,7,19,1,6
293,7,19,2,49
293,7,19,3,19
294,5,19,0,5
294,5,19,1,6
294,5,19,2,49
294,5,19,3,19
295,6,19,0,6
295,6,19,1,49
295,6,19,2,19
296,37,19,0,37
296,37,19,1,36
296,37,19,2,34
296,37,19,3,35
296,37,19,4,38
296,37,19,5,27
296,37,19,6,68
296,37,19,7,67
296,37,19,8,22
296,37,19,9,48
296,37,19,10,47
296,37,19,11,46
296,37,19,12,45
296,37,19,13,44
296,37,19,14,43
296,37,19,15,21
296,37,19,16,20
296,37,19,17,19
297,39,19,0,39
297,39,19,1,70
297,39,19,2,33
297,39,19,3,34
297,39,19,4,35
297,39,19,5,38
297,39,19,6,27
297,39,19,7,68
297,39,19,8,67
297,39,19,9,22
297,39,19,10,48
297,39,19,11,47
297,39,19,12,46
297,39,19,13,45
297,39,19,14,44
297,39,19,15,43
297,39,19,16,21
297,39,19,17,20
297,39,19,18,19
298,14,19,0,14
298,14,19,1,13
298,14,19,2,18
298,14,19,3,20
298,14,19,4,19
299,15,19,0,15
299,15,19,1,14
299,15,19,2,13
299,15,19,3,18
299,15,19,4,20
299,15,19,5,19
300,16,19,0,16
300,16,19,1,41
300,16,19,2,18
300,16,19,3,20
300,16,19,4,19
301,17,19,0,17
301,17,19,1,18
301,17,19,2,20
301,17,19,3,19
302,1,19,0,1
302,1,19,1,76
302,1,19,2,75
302,1,19,3,2
302,1,19,4,74
302,1,19,5,73
302,1,19,6,72
302,1,19,7,71
302,1,19,8,3
302,1,19,9,4
302,1,19,10,5
302,1,19,11,6
302,1,19,12,49
302,1,19,13,19
303,2,19,0,2
303,2,19,1,74
303,2,19,2,73
303,2,19,3,72
303,2,19,4,71
303,2,19,5,3
303,2,19,6,4
303,2,19,7,5
303,2,19,8,6
303,2,19,9,49
303,2,19,10,19
304,13,16,0,13
304,13,16,1,14
304,13,16,2,15
304,13,16,3,16
305,18,16,0,18
305,18,16,1,41
305,18,16,2,16
306,12,16,0,12
306,12,16,1,13
306,12,16,2,14
306,12,16,3,15
306,12,16,4,16
307,25,16,0,25
307,25,16,1,54
307,25,16,2,53
307,25,16,3,52
307,25,16,4,24
307,25,16,5,51
307,25,16,6,23
307,25,16,7,50
307,25,16,8,19
307,25,16,9,20
307,25,16,10,18
307,25,16,11,41
307,25,16,12,16
308,29,16,0,29
308,29,16,1,28
308,29,16,2,27
308,29,16,3,68
308,29,16,4,67
308,29,16,5,22
308,29,16,6,48
308,29,16,7,47
308,29,16,8,46
308,29,16,9,45
308,29,16,10,44
308,29,16,11,43
308,29,16,12,21
308,29,16,13,42
308,29,16,14,17
308,29,16,15,41
308,29,16,16,16
309,31,16,0,31
309,31,16,1,32
309,31,16,2,34
309,31,16,3,35
309,31,16,4,38
309,31,16,5,27
309,31,16,6,68
309,31,16,7,67
309,31,16,8,22
309,31,16,9,48
309,31,16,10,47
309,31,16,11,46
309,31,16,12,45
309,31,16,13,44
309,31,16,14,43
309,31,16,15,21
309,31,16,16,42
309,31,16,17,17
309,31,16,18,41
309,31,16,19,16
310,35,16,0,35
310,35,16,1,38
310,35,16,2,27
310,35,16,3,68
310,35,16,4,67
310,35,16,5,22
310,35,16,6,48
310,35,16,7,47
310,35,16,8,46
310,35,16,9,45
310,35,16,10,44
310,35,16,11,43
310,35,16,12,21
310,35,16,13,42
310,35,16,14,17
310,35,16,15,41
310,35,16,16,16
311,33,16,0,33
311,33,16,1,34
311,33,16,2,35
311,33,16,3,38
311,33,16,4,27
311,33,16,5,68
311,33,16,6,67
311,33,16,7,22
311,33,16,8,48
311,33,16,9,47
311,33,16,10,46
311,33,16,11,45
311,33,16,12,44
311,33,16,13,43
311,33,16,14,21
311,33,16,15,42
311,33,16,16,17
311,33,16,17,41
311,33,16,18,16
312,7,16,0,7
312,7,16,1,6
312,7,16,2,10
312,7,16,3,11
312,7,16,4,40
312,7,16,5,12
312,7,16,6,13
312,7,16,7,14
312,7,16,8,15
312,7,16,9,16
313,5,16,0,5
313,5,16,1,4
313,5,16,2,10
313,5,16,3,11
313,5,16,4,40
313,5,16,5,12
313,5,16,6,13
313,5,16,7,14
313,5,16,8,15
313,5,16,9,16
314,6,16,0,6
314,6,16,1,10
314,6,16,2,11
314,6,16,3,40
314,6,16,4,12
314,6,16,5,13
314,6,16,6,14
314,6,16,7,15
314,6,16,8,16
315,37,16,0,37
315,37,16,1,36
315,37,16,2,34
315,37,16,3,35
315,37,16,4,38
315,37,16,5,27
315,37,16,6,68
315,37,16,7,67
315,37,16,8,22
315,37,16,9,48
315,37,16,10,47
315,37,16,11,46
315,37,16,12,45
315,37,16,13,44
315,37,16,14,43
315,37,16,15,21
315,37,16,16,42
315,37,16,17,17
315,37,16,18,41
315,37,16,19,16
316,39,16,0,39
316,39,16,1,70
316,39,16,2,33
316,39,16,3,34
316,39,16,4,35
316,39,16,5,38
316,39,16,6,27
316,39,16,7,68
316,39,16,8,67
316,39,16,9,22
316,39,16,10,48
316,39,16,11,47
316,39,16,12,46
316,39,16,13,45
316,39,16,14,44
316,39,16,15,43
316,39,16,16,21
316,39,16,17,42
316,39,16,18,17
316,39,16,19,41
316,39,16,20,16
317,14,16,0,14
317,14,16,1,15
317,14,16,2,16
318,15,16,0,15
318,15,16,1,16
319,19,16,0,19
319,19,16,1,20
319,19,16,2,18
319,19,16,3,41
319,19,16,4,16
320,17,16,0,17
320,17,16,1,41
320,17,16,2,16
321,1,16,0,1
321,1,16,1,76
321,1,16,2,75
321,1,16,3,2
321,1,16,4,74
321,1,16,5,73
321,1,16,6,72
321,1,16,7,71
321,1,16,8,3
321,1,16,9,11
321,1,16,10,40
321,1,16,11,12
321,1,16,12,13
321,1,16,13,14
321,1,16,14,15
321,1,16,15,16
322,2,16,0,2
322,2,16,1,74
322,2,16,2,73
322,2,16,3,72
322,2,16,4,71
322,2,16,5,3
322,2,16,6,11
322,2,16,7,40
322,2,16,8,12
322,2,16,9,13
322,2,16,10,14
322,2,16,11,15
322,2,16,12,16
323,13,17,0,13
323,13,17,1,18
323,13,17,2,17
324,18,17,0,18
324,18,17,1,17
325,12,17,0,12
325,12,17,1,13
325,12,17,2,18
325,12,17,3,17
326,25,17,0,25
326,25,17,1,54
326,25,17,2,53
326,25,17,3,52
326,25,17,4,24
326,25,17,5,51
326,25,17,6,23
326,25,17,7,50
326,25,17,8,19
326,25,17,9,20
326,25,17,10,18
326,25,17,11,17
327,29,17,0,29
327,29,17,1,28
327,29,17,2,27
327,29,17,3,68
327,29,17,4,67
327,29,17,5,22
327,29,17,6,48
327,29,17,7,47
327,29,17,8,46
327,29,17,9,45
327,29,17,10,44
327,29,17,11,43
327,29,17,12,21
327,29,17,13,42
327,29,17,14,17
328,31,17,0,31
328,31,17,1,32
328,31,17,2,34
328,31,17,3,35
328,31,17,4,38
328,31,17,5,27
328,31,17,6,68
328,31,17,7,67
328,31,17,8,22
328,31,17,9,48
328,31,17,10,47
328,31,17,11,46
328,31,17,12,45
328,31,17,13,44
328,31,17,14,43
328,31,17,15,21
328,31,17,16,42
328,31,17,17,17
329,35,17,0,35
329,35,17,1,38
329,35,17,2,27
329,35,17,3,68
329,35,17,4,67
329,35,17,5,22
329,35,17,6,48
329,35,17,7,47
329,35,17,8,46
329,35,17,9,45
329,35,17,10,44
329,35,17,11,43
329,35,17,12,21
329,35,17,13,42
329,35,17,14,17
330,33,17,0,33
330,33,17,1,34
330,33,17,2,35
330,33,17,3,38
330,33,17,4,27
330,33,17,5,68
330,33,17,6,67
330,33,17,7,22
330,33,17,8,48
330,33,17,9,47
330,33,17,10,46
330,33,17,11,45
330,33,17,12,44
330,33,17,13,43
330,33,17,14,21
330,33,17,15,42
330,33,17,16,17
331,7,17,0,7
331,7,17,1,6
331,7,17,2,10
331,7,17,3,11
331,7,17,4,40
331,7,17,5,12
331,7,17,6,13
331,7,17,7,18
331,7,17,8,17
332,5,17,0,5
332,5,17,1,4
332,5,17,2,10
332,5,17,3,11
332,5,17,4,40
332,5,17,5,12
332,5,17,6,13
332,5,17,7,18
332,5,17,8,17
333,6,17,0,6
333,6,17,1,10
333,6,17,2,11
333,6,17,3,40
333,6,17,4,12
333,6,17,5,13
333,6,17,6,18
333,6,17,7,17
334,37,17,0,37
334,37,17,1,36
334,37,17,2,34
334,37,17,3,35
334,37,17,4,38
334,37,17,5,27
334,37,17,6,68
334,37,17,7,67
334,37,17,8,22
334,37,17,9,48
334,37,17,10,47
334,37,17,11,46
334,37,17,12,45
334,37,17,13,44
334,37,17,14,43
334,37,17,15,21
334,37,17,16,42
334,37,17,17,17
335,39,17,0,39
335,39,17,1,70
335,39,17,2,33
335,39,17,3,34
335,39,17,4,35
335,39,17,5,38
335,39,17,6,27
335,39,17,7,68
335,39,17,8,67
335,39,17,9,22
335,39,17,10,48
335,39,17,11,47
335,39,17,12,46
335,39,17,13,45
335,39,17,14,44
335,39,17,15,43
335,39,17,16,21
335,39,17,17,42
335,39,17,18,17
336,14,17,0,14
336,14,17,1,15
336,14,17,2,16
336,14,17,3,41
336,14,17,4,17
337,15,17,0,15
337,15,17,1,16
337,15,17,2,41
337,15,17,3,17
338,19,17,0,19
338,19,17,1,20
338,19,17,2,18
338,19,17,3,17
339,16,17,0,16
339,16,17,1,41
339,16,17,2,17
340,1,17,0,1
340,1,17,1,76
340,1,17,2,75
340,1,17,3,2
340,1,17,4,74
340,1,17,5,73
340,1,17,6,72
340,1,17,7,71
340,1,17,8,3
340,1,17,9,11
340,1,17,10,40
340,1,17,11,12
340,1,17,12,13
340,1,17,13,18
340,1,17,14,17
341,2,17,0,2
341,2,17,1,74
341,2,17,2,73
341,2,17,3,72
341,2,17,4,71
341,2,17,5,3
341,2,17,6,11
341,2,17,7,40
341,2,17,8,12
341,2,17,9,13
341,2,17,10,18
341,2,17,11,17
342,13,1,0,13
342,13,1,1,12
342,13,1,2,40
342,13,1,3,11
342,13,1,4,3
342,13,1,5,71
342,13,1,6,72
342,13,1,7,73
342,13,1,8,74
342,13,1,9,2
342,13,1,10,75
342,13,1,11,76
342,13,1,12,1
343,18,1,0,18
343,18,1,1,13
343,18,1,2,12
343,18,1,3,40
343,18,1,4,11
343,18,1,5,3
343,18,1,6,71
343,18,1,7,72
343,18,1,8,73
343,18,1,9,74
343,18,1,10,2
343,18,1,11,75
343,18,1,12,76
343,18,1,13,1
344,12,1,0,12
344,12,1,1,40
344,12,1,2,11
344,12,1,3,3
344,12,1,4,71
344,12,1,5,72
344,12,1,6,73
344,12,1,7,74
344,12,1,8,2
344,12,1,9,75
344,12,1,10,76
344,12,1,11,1
345,25,1,0,25
345,25,1,1,54
345,25,1,2,53
345,25,1,3,52
345,25,1,4,24
345,25,1,5,51
345,25,1,6,23
345,25,1,7,50
345,25,1,8,19
345,25,1,9,49
345,25,1,10,6
345,25,1,11,5
345,25,1,12,4
345,25,1,13,3
345,25,1,14,71
345,25,1,15,72
345,25,1,16,73
345,25,1,17,74
345,25,1,18,2
345,25,1,19,75
345,25,1,20,76
345,25,1,21,1
346,29,1,0,29
346,29,1,1,28
346,29,1,2,27
346,29,1,3,68
346,29,1,4,67
346,29,1,5,22
346,29,1,6,48
346,29,1,7,47
346,29,1,8,46
346,29,1,9,45
346,29,1,10,44
346,29,1,11,43
346,29,1,12,21
346,29,1,13,20
346,29,1,14,19
346,29,1,15,49
346,29,1,16,6
346,29,1,17,5
346,29,1,18,4
346,29,1,19,3
346,29,1,20,71
346,29,1,21,72
346,29,1,22,73
346,29,1,23,74
346,29,1,24,2
346,29,1,25,75
346,29,1,26,76
346,29,1,27,1
347,31,1,0,31
347,31,1,1,32
347,31,1,2,34
347,31,1,3,35
347,31,1,4,38
347,31,1,5,27
347,31,1,6,68
347,31,1,7,67
347,31,1,8,22
347,31,1,9,48
347,31,1,10,47
347,31,1,11,46
347,31,1,12,45
347,31,1,13,44
347,31,1,14,43
347,31,1,15,21
347,31,1,16,20
347,31,1,17,19
347,31,1,18,49
347,31,1,19,6
347,31,1,20,5
347,31,1,21,4
347,31,1,22,3
347,31,1,23,71
347,31,1,24,72
347,31,1,25,73
347,31,1,26,74
347,31,1,27,2
347,31,1,28,75
347,31,1,29,76
347,31,1,30,1
348,35,1,0,35
348,35,1,1,38
348,35,1,2,27
348,35,1,3,68
348,35,1,4,67
348,35,1,5,22
348,35,1,6,48
348,35,1,7,47
348,35,1,8,46
348,35,1,9,45
348,35,1,10,44
348,35,1,11,43
348,35,1,12,21
348,35,1,13,20
348,35,1,14,19
348,35,1,15,49
348,35,1,16,6
348,35,1,17,5
348,35,1,18,4
348,35,1,19,3
348,35,1,20,71
348,35,1,21,72
348,35,1,22,73
348,35,1,23,74
348,35,1,24,2
348,35,1,25,75
348,35,1,26,76
348,35,1,27,1
349,33,1,0,33
349,33,1,1,34
349,33,1,2,35
349,33,1,3,38
349,33,1,4,27
349,33,1,5,68
349,33,1,6,67
349,33,1,7,22
349,33,1,8,48
349,33,1,9,47
349,33,1,10,46
349,33,1,11,45
349,33,1,12,44
349,33,1,13,43
349,33,1,14,21
349,33,1,15,20
349,33,1,16,19
349,33,1,17,49
349,33,1,18,6
349,33,1,19,5
349,33,1,20,4
349,33,1,21,3
349,33,1,22,71
349,33,1,23,72
349,33,1,24,73
349,33,1,25,74
349,33,1,26,2
349,33,1,27,75
349,33,1,28,76
349,33,1,29,1
350,7,1,0,7
350,7,1,1,6
350,7,1,2,5
350,7,1,3,4
350,7,1,4,3
350,7,1,5,71
350,7,1,6,72
350,7,1,7,73
350,7,1,8,74
350,7,1,9,2
350,7,1,10,75
350,7,1,11,76
350,7,1,12,1
351,5,1,0,5
351,5,1,1,4
351,5,1,2,3
351,5,1,3,71
351,5,1,4,72
351,5,1,5,73
351,5,1,6,74
351,5,1,7,2
351,5,1,8,75
351,5,1,9,76
351,5,1,10,1
352,6,1,0,6
352,6,1,1,5
352,6,1,2,4
352,6,1,3,3
352,6,1,4,71
352,6,1,5,72
352,6,1,6,73
352,6,1,7,74
352,6,1,8,2
352,6,1,9,75
352,6,1,10,76
352,6,1,11,1
353,37,1,0,37
353,37,1,1,36
353,37,1,2,34
353,37,1,3,35
353,37,1,4,38
353,37,1,5,27
353,37,1,6,68
353,37,1,7,67
353,37,1,8,22
353,37,1,9,48
353,37,1,10,47
353,37,1,11,46
353,37,1,12,45
353,37,1,13,44
353,37,1,14,43
353,37,1,15,21
353,37,1,16,20
353,37,1,17,19
353,37,1,18,49
353,37,1,19,6
353,37,1,20,5
353,37,1,21,4
353,37,1,22,3
353,37,1,23,71
353,37,1,24,72
353,37,1,25,73
353,37,1,26,74
353,37,1,27,2
353,37,1,28,75
353,37,1,29,76
353,37,1,30,1
354,39,1,0,39
354,39,1,1,70
354,39,1,2,33
354,39,1,3,34
354,39,1,4,35
354,39,1,5,38
354,39,1,6,27
354,39,1,7,68
354,39,1,8,67
354,39,1,9,22
354,39,1,10,48
354,39,1,11,47
354,39,1,12,46
354,39,1,13,45
354,39,1,14,44
354,39,1,15,43
354,39,1,16,21
354,39,1,17,20
354,39,1,18,19
354,39,1,19,49
354,39,1,20,6
354,39,1,21,5
354,39,1,22,4
354,39,1,23,3
354,39,1,24,71
354,39,1,25,72
354,39,1,26,73
354,39,1,27,74
354,39,1,28,2
354,39,1,29,75
354,39,1,30,76
354,39,1,31,1
355,14,1,0,14
355,14,1,1,13
355,14,1,2,12
355,14,1,3,40
355,14,1,4,11
355,14,1,5,3
355,14,1,6,71
355,14,1,7,72
355,14,1,8,73
355,14,1,9,74
355,14,1,10,2
355,14,1,11,75
355,14,1,12,76
355,14,1,13,1
356,15,1,0,15
356,15,1,1,14
356,15,1,2,13
356,15,1,3,12
356,15,1,4,40
356,15,1,5,11
356,15,1,6,3
356,15,1,7,71
356,15,1,8,72
356,15,1,9,73
356,15,1,10,74
356,15,1,11,2
356,15,1,12,75
356,15,1,13,76
356,15,1,14,1
357,19,1,0,19
357,19,1,1,49
357,19,1,2,6
357,19,1,3,5
357,19,1,4,4
357,19,1,5,3
357,19,1,6,71
357,19,1,7,72
357,19,1,8,73
357,19,1,9,74
357,19,1,10,2
357,19,1,11,75
357,19,1,12,76
357,19,1,13,1
358,16,1,0,16
358,16,1,1,15
358,16,1,2,14
358,16,1,3,13
358,16,1,4,12
358,16,1,5,40
358,16,1,6,11
358,16,1,7,3
358,16,1,8,71
358,16,1,9,72
358,16,1,10,73
358,16,1,11,74
358,16,1,12,2
358,16,1,13,75
358,16,1,14,76
358,16,1,15,1
359,17,1,0,17
359,17,1,1,18
359,17,1,2,13
359,17,1,3,12
359,17,1,4,40
359,17,1,5,11
359,17,1,6,3
359,17,1,7,71
359,17,1,8,72
359,17,1,9,73
359,17,1,10,74
359,17,1,11,2
359,17,1,12,75
359,17,1,13,76
359,17,1,14,1
360,2,1,0,2
360,2,1,1,75
360,2,1,2,76
360,2,1,3,1
361,13,2,0,13
361,13,2,1,12
361,13,2,2,40
361,13,2,3,11
361,13,2,4,3
361,13,2,5,71
361,13,2,6,72
361,13,2,7,73
361,13,2,8,74
361,13,2,9,2
362,18,2,0,18
362,18,2,1,13
362,18,2,2,12
362,18,2,3,40
362,18,2,4,11
362,18,2,5,3
362,18,2,6,71
362,18,2,7,72
362,18,2,8,73
362,18,2,9,74
362,18,2,10,2
363,12,2,0,12
363,12,2,1,40
363,12,2,2,11
363,12,2,3,3
363,12,2,4,71
363,12,2,5,72
363,12,2,6,73
363,12,2,7,74
363,12,2,8,2
364,25,2,0,25
364,25,2,1,54
364,25,2,2,53
364,25,2,3,52
364,25,2,4,24
364,25,2,5,51
364,25,2,6,23
364,25,2,7,50
364,25,2,8,19
364,25,2,9,49
364,25,2,10,6
364,25,2,11,5
364,25,2,12,4
364,25,2,13,3
364,25,2,14,71
364,25,2,15,72
364,25,2,16,73
364,25,2,17,74
364,25,2,18,2
365,29,2,0,29
365,29,2,1,28
365,29,2,2,27
365,29,2,3,68
365,29,2,4,67
365,29,2,5,22
365,29,2,6,48
365,29,2,7,47
365,29,2,8,46
365,29,2,9,45
365,29,2,10,44
365,29,2,11,43
365,29,2,12,21
365,29,2,13,20
365,29,2,14,19
365,29,2,15,49
365,29,2,16,6
365,29,2,17,5
365,29,2,18,4
365,29,2,19,3
365,29,2,20,71
365,29,2,21,72
365,29,2,22,73
365,29,2,23,74
365,29,2,24,2
366,31,2,0,31
366,31,2,1,32
366,31,2,2,34
366,31,2,3,35
366,31,2,4,38
366,31,2,5,27
366,31,2,6,68
366,31,2,7,67
366,31,2,8,22
366,31,2,9,48
366,31,2,10,47
366,31,2,11,46
366,31,2,12,45
366,31,2,13,44
366,31,2,14,43
366,31,2,15,21
366,31,2,16,20
366,31,2,17,19
366,31,2,18,49
366,31,2,19,6
366,31,2,20,5
366,31,2,21,4
366,31,2,22,3
366,31,2,23,71
366,31,2,24,72
366,31,2,25,73
366,31,2,26,74
366,31,2,27,2
367,35,2,0,35
367,35,2,1,38
367,35,2,2,27
367,35,2,3,68
367,35,2,4,67
367,35,2,5,22
367,35,2,6,48
367,35,2,7,47
367,35,2,8,46
367,35,2,9,45
367,35,2,10,44
367,35,2,11,43
367,35,2,12,21
367,35,2,13,20
367,35,2,14,19
367,35,2,15,49
367,35,2,16,6
367,35,2,17,5
367,35,2,18,4
367,35,2,19,3
367,35,2,20,71
367,35,2,21,72
367,35,2,22,73
367,35,2,23,74
367,35,2,24,2
368,33,2,0,33
368,33,2,1,34
368,33,2,2,35
368,33,2,3,38
368,33,2,4,27
368,33,2,5,68
368,33,2,6,67
368,33,2,7,22
368,33,2,8,48
368,33,2,9,47
368,33,2,10,46
368,33,2,11,45
368,33,2,12,44
368,33,2,13,43
368,33,2,14,21
368,33,2,15,20
368,33,2,16,19
368,33,2,17,49
368,33,2,18,6
368,33,2,19,5
368,33,2,20,4
368,33,2,21,3
368,33,2,22,71
368,33,2,23,72
368,33,2,24,73
368,33,2,25,74
368,33,2,26,2
369,7,2,0,7
369,7,2,1,6
369,7,2,2,5
369,7,2,3,4
369,7,2,4,3
369,7,2,5,71
369,7,2,6,72
369,7,2,7,73
369,7,2,8,74
369,7,2,9,2
370,5,2,0,5
370,5,2,1,4
370,5,2,2,3
370,5,2,3,71
370,5,2,4,72
370,5,2,5,73
370,5,2,6,74
370,5,2,7,2
371,6,2,0,6
371,6,2,1,5
371,6,2,2,4
371,6,2,3,3
371,6,2,4,71
371,6,2,5,72
371,6,2,6,73
371,6,2,7,74
371,6,2,8,2
372,37,2,0,37
372,37,2,1,36
372,37,2,2,34
372,37,2,3,35
372,37,2,4,38
372,37,2,5,27
372,37,2,6,68
372,37,2,7,67
372,37,2,8,22
372,37,2,9,48
372,37,2,10,47
372,37,2,11,46
372,37,2,12,45
372,37,2,13,44
372,37,2,14,43
372,37,2,15,21
372,37,2,16,20
372,37,2,17,19
372,37,2,18,49
372,37,2,19,6
372,37,2,20,5
372,37,2,21,4
372,37,2,22,3
372,37,2,23,71
372,37,2,24,72
372,37,2,25,73
372,37,2,26,74
372,37,2,27,2
373,39,2,0,39
373,39,2,1,70
373,39,2,2,33
373,39,2,3,34
373,39,2,4,35
373,39,2,5,38
373,39,2,6,27
373,39,2,7,68
373,39,2,8,67
373,39,2,9,22
373,39,2,10,48
373,39,2,11,47
373,39,2,12,46
373,39,2,13,45
373,39,2,14,44
373,39,2,15,43
373,39,2,16,21
373,39,2,17,20
373,39,2,18,19
373,39,2,19,49
373,39,2,20,6
373,39,2,21,5
373,39,2,22,4
373,39,2,23,3
373,39,2,24,71
373,39,2,25,72
373,39,2,26,73
373,39,2,27,74
373,39,2,28,2
374,14,2,0,14
374,14,2,1,13
374,14,2,2,12
374,14,2,3,40
374,14,2,4,11
374,14,2,5,3
374,14,2,6,71
374,14,2,7,72
374,14,2,8,73
374,14,2,9,74
374,14,2,10,2
375,15,2,0,15
375,15,2,1,14
375,15,2,2,13
375,15,2,3,12
375,15,2,4,40
375,15,2,5,11
375,15,2,6,3
375,15,2,7,71
375,15,2,8,72
375,15,2,9,73
375,15,2,10,74
375,15,2,11,2
376,19,2,0,19
376,19,2,1,49
376,19,2,2,6
376,19,2,3,5
376,19,2,4,4
376,19,2,5,3
376,19,2,6,71
376,19,2,7,72
376,19,2,8,73
376,19,2,9,74
376,19,2,10,2
377,16,2,0,16
377,16,2,1,15
377,16,2,2,14
377,16,2,3,13
377,16,2,4,12
377,16,2,5,40
377,16,2,6,11
377,16,2,7,3
377,16,2,8,71
377,16,2,9,72
377,16,2,10,73
377,16,2,11,74
377,16,2,12,2
378,17,2,0,17
378,17,2,1,18
378,17,2,2,13
378,17,2,3,12
378,17,2,4,40
378,17,2,5,11
378,17,2,6,3
378,17,2,7,71
378,17,2,8,72
378,17,2,9,73
378,17,2,10,74
378,17,2,11,2
379,1,2,0,1
379,1,2,1,76
379,1,2,2,75
379,1,2,3,2
