route_id,node_seq,node_id
1,1,1
1,2,76
1,3,75
1,4,2
1,5,74
1,6,73
1,7,72
1,8,71
1,9,3
1,10,11
1,11,40
1,12,12
2,1,1
2,2,76
2,3,75
2,4,2
2,5,74
2,6,73
2,7,72
2,8,71
2,9,3
2,10,11
2,11,40
2,12,12
2,13,13
3,1,1
3,2,76
3,3,75
3,4,2
3,5,74
3,6,73
3,7,72
3,8,71
3,9,3
3,10,11
3,11,40
3,12,12
3,13,13
3,14,14
4,1,1
4,2,76
4,3,75
4,4,2
4,5,74
4,6,73
4,7,72
4,8,71
4,9,3
4,10,11
4,11,40
4,12,12
4,13,13
4,14,14
4,15,15
5,1,1
5,2,76
5,3,75
5,4,2
5,5,74
5,6,73
5,7,72
5,8,71
5,9,3
5,10,11
5,11,40
5,12,12
5,13,13
5,14,14
5,15,15
5,16,16
6,1,1
6,2,76
6,3,75
6,4,2
6,5,74
6,6,73
6,7,72
6,8,71
6,9,3
6,10,11
6,11,40
6,12,12
6,13,13
6,14,18
6,15,17
7,1,1
7,2,76
7,3,75
7,4,2
7,5,74
7,6,73
7,7,72
7,8,71
7,9,3
7,10,11
7,11,40
7,12,12
7,13,13
7,14,18
8,1,1
8,2,76
8,3,75
8,4,2
8,5,74
8,6,73
8,7,72
8,8,71
8,9,3
8,10,4
8,11,5
8,12,6
8,13,49
8,14,19
9,1,1
9,2,76
9,3,75
9,4,2
10,1,1
10,2,76
10,3,75
10,4,2
10,5,74
10,6,73
10,7,72
10,8,71
10,9,3
10,10,4
10,11,5
10,12,6
10,13,49
10,14,19
10,15,50
10,16,23
10,17,51
10,18,24
10,19,52
10,20,53
10,21,54
10,22,25
11,1,1
11,2,76
11,3,75
11,4,2
11,5,74
11,6,73
11,7,72
11,8,71
11,9,3
11,10,4
11,11,5
11,12,6
11,13,49
11,14,19
11,15,20
11,16,21
11,17,43
11,18,44
11,19,45
11,20,46
11,21,47
11,22,48
11,23,22
11,24,67
11,25,68
11,26,27
11,27,28
11,28,29
12,1,1
12,2,76
12,3,75
12,4,2
12,5,74
12,6,73
12,7,72
12,8,71
12,9,3
12,10,4
12,11,5
12,12,6
12,13,49
12,14,19
12,15,20
12,16,21
12,17,43
12,18,44
12,19,45
12,20,46
12,21,47
12,22,48
12,23,22
12,24,67
12,25,68
12,26,27
12,27,38
12,28,35
12,29,34
12,30,32
12,31,31
13,1,1
13,2,76
13,3,75
13,4,2
13,5,74
13,6,73
13,7,72
13,8,71
13,9,3
13,10,4
13,11,5
13,12,6
13,13,49
13,14,19
13,15,20
13,16,21
13,17,43
13,18,44
13,19,45
13,20,46
13,21,47
13,22,48
13,23,22
13,24,67
13,25,68
13,26,27
13,27,38
13,28,35
13,29,34
13,30,33
14,1,1
14,2,76
14,3,75
14,4,2
14,5,74
14,6,73
14,7,72
14,8,71
14,9,3
14,10,4
14,11,5
14,12,6
14,13,49
14,14,19
14,15,20
14,16,21
14,17,43
14,18,44
14,19,45
14,20,46
14,21,47
14,22,48
14,23,22
14,24,67
14,25,68
14,26,27
14,27,38
14,28,35
15,1,1
15,2,76
15,3,75
15,4,2
15,5,74
15,6,73
15,7,72
15,8,71
15,9,3
15,10,4
15,11,5
15,12,6
15,13,49
15,14,19
15,15,20
15,16,21
15,17,43
15,18,44
15,19,45
15,20,46
15,21,47
15,22,48
15,23,22
15,24,67
15,25,68
15,26,27
15,27,38
15,28,35
15,29,34
15,30,36
15,31,37
16,1,1
16,2,76
16,3,75
16,4,2
16,5,74
16,6,73
16,7,72
16,8,71
16,9,3
16,10,4
16,11,5
16,12,6
16,13,49
16,14,19
16,15,20
16,16,21
16,17,43
16,18,44
16,19,45
16,20,46
16,21,47
16,22,48
16,23,22
16,24,67
16,25,68
16,26,27
16,27,38
16,28,35
16,29,34
16,30,33
16,31,70
16,32,39
17,1,1
17,2,76
17,3,75
17,4,2
17,5,74
17,6,73
17,7,72
17,8,71
17,9,3
17,10,4
17,11,5
18,1,1
18,2,76
18,3,75
18,4,2
18,5,74
18,6,73
18,7,72
18,8,71
18,9,3
18,10,4
18,11,5
18,12,6
19,1,1
19,2,76
19,3,75
19,4,2
19,5,74
19,6,73
19,7,72
19,8,71
19,9,3
19,10,4
19,11,5
19,12,6
19,13,7
20,1,12
20,2,40
20,3,11
20,4,3
20,5,71
20,6,72
20,7,73
20,8,74
20,9,2
20,10,75
20,11,76
20,12,1
21,1,12
21,2,13
22,1,12
22,2,13
22,3,14
23,1,12
23,2,13
23,3,14
23,4,15
24,1,12
24,2,13
24,3,14
24,4,15
24,5,16
25,1,12
25,2,13
25,3,18
25,4,17
26,1,12
26,2,13
26,3,18
27,1,12
27,2,13
27,3,18
27,4,20
27,5,19
28,1,12
28,2,40
28,3,11
28,4,3
28,5,71
28,6,72
28,7,73
28,8,74
28,9,2
29,1,12
29,2,13
29,3,18
29,4,20
29,5,19
29,6,50
29,7,23
29,8,51
29,9,24
29,10,52
29,11,53
29,12,54
29,13,25
30,1,12
30,2,13
30,3,18
30,4,17
30,5,42
30,6,21
30,7,43
30,8,44
30,9,45
30,10,46
30,11,47
30,12,48
30,13,22
30,14,67
30,15,68
30,16,27
30,17,28
30,18,29
31,1,12
31,2,13
31,3,18
31,4,17
31,5,42
31,6,21
31,7,43
31,8,44
31,9,45
31,10,46
31,11,47
31,12,48
31,13,22
31,14,67
31,15,68
31,16,27
31,17,38
31,18,35
31,19,34
31,20,32
31,21,31
32,1,12
32,2,13
32,3,18
32,4,17
32,5,42
32,6,21
32,7,43
32,8,44
32,9,45
32,10,46
32,11,47
32,12,48
32,13,22
32,14,67
32,15,68
32,16,27
32,17,38
32,18,35
32,19,34
32,20,33
33,1,12
33,2,13
33,3,18
33,4,17
33,5,42
33,6,21
33,7,43
33,8,44
33,9,45
33,10,46
33,11,47
33,12,48
33,13,22
33,14,67
33,15,68
33,16,27
33,17,38
33,18,35
34,1,12
34,2,13
34,3,18
34,4,17
34,5,42
34,6,21
34,7,43
34,8,44
34,9,45
34,10,46
34,11,47
34,12,48
34,13,22
34,14,67
34,15,68
34,16,27
34,17,38
34,18,35
34,19,34
34,20,36
34,21,37
35,1,12
35,2,13
35,3,18
35,4,17
35,5,42
35,6,21
35,7,43
35,8,44
35,9,45
35,10,46
35,11,47
35,12,48
35,13,22
35,14,67
35,15,68
35,16,27
35,17,38
35,18,35
35,19,34
35,20,33
35,21,70
35,22,39
36,1,12
36,2,40
36,3,11
36,4,10
36,5,4
36,6,5
37,1,12
37,2,40
37,3,11
37,4,10
37,5,6
38,1,12
38,2,40
38,3,11
38,4,10
38,5,6
38,6,7
39,1,13
39,2,12
39,3,40
39,4,11
39,5,3
39,6,71
39,7,72
39,8,73
39,9,74
39,10,2
39,11,75
39,12,76
39,13,1
40,1,13
40,2,12
41,1,13
41,2,14
42,1,13
42,2,14
42,3,15
43,1,13
43,2,14
43,3,15
43,4,16
44,1,13
44,2,18
44,3,17
45,1,13
45,2,18
46,1,13
46,2,18
46,3,20
46,4,19
47,1,13
47,2,12
47,3,40
47,4,11
47,5,3
47,6,71
47,7,72
47,8,73
47,9,74
47,10,2
48,1,13
48,2,18
48,3,20
48,4,19
48,5,50
48,6,23
48,7,51
48,8,24
48,9,52
48,10,53
48,11,54
48,12,25
49,1,13
49,2,18
49,3,17
49,4,42
49,5,21
49,6,43
49,7,44
49,8,45
49,9,46
49,10,47
49,11,48
49,12,22
49,13,67
49,14,68
49,15,27
49,16,28
49,17,29
50,1,13
50,2,18
50,3,17
50,4,42
50,5,21
50,6,43
50,7,44
50,8,45
50,9,46
50,10,47
50,11,48
50,12,22
50,13,67
50,14,68
50,15,27
50,16,38
50,17,35
50,18,34
50,19,32
50,20,31
51,1,13
51,2,18
51,3,17
51,4,42
51,5,21
51,6,43
51,7,44
51,8,45
51,9,46
51,10,47
51,11,48
51,12,22
51,13,67
51,14,68
51,15,27
51,16,38
51,17,35
51,18,34
51,19,33
52,1,13
52,2,18
52,3,17
52,4,42
52,5,21
52,6,43
52,7,44
52,8,45
52,9,46
52,10,47
52,11,48
52,12,22
52,13,67
52,14,68
52,15,27
52,16,38
52,17,35
53,1,13
53,2,18
53,3,17
53,4,42
53,5,21
53,6,43
53,7,44
53,8,45
53,9,46
53,10,47
53,11,48
53,12,22
53,13,67
53,14,68
53,15,27
53,16,38
53,17,35
53,18,34
53,19,36
53,20,37
54,1,13
54,2,18
54,3,17
54,4,42
54,5,21
54,6,43
54,7,44
54,8,45
54,9,46
54,10,47
54,11,48
54,12,22
54,13,67
54,14,68
54,15,27
54,16,38
54,17,35
54,18,34
54,19,33
54,20,70
54,21,39
55,1,13
55,2,12
55,3,40
55,4,11
55,5,10
55,6,4
55,7,5
56,1,13
56,2,12
56,3,40
56,4,11
56,5,10
56,6,6
57,1,13
57,2,12
57,3,40
57,4,11
57,5,10
57,6,6
57,7,7
58,1,14
58,2,13
58,3,12
58,4,40
58,5,11
58,6,3
58,7,71
58,8,72
58,9,73
58,10,74
58,11,2
58,12,75
58,13,76
58,14,1
59,1,14
59,2,13
59,3,12
60,1,14
60,2,13
61,1,14
61,2,15
62,1,14
62,2,15
62,3,16
63,1,14
63,2,15
63,3,16
63,4,41
63,5,17
64,1,14
64,2,13
64,3,18
65,1,14
65,2,13
65,3,18
65,4,20
65,5,19
66,1,14
66,2,13
66,3,12
66,4,40
66,5,11
66,6,3
66,7,71
66,8,72
66,9,73
66,10,74
66,11,2
67,1,14
67,2,13
67,3,18
67,4,20
67,5,19
67,6,50
67,7,23
67,8,51
67,9,24
67,10,52
67,11,53
67,12,54
67,13,25
68,1,14
68,2,15
68,3,16
68,4,41
68,5,17
68,6,42
68,7,21
68,8,43
68,9,44
68,10,45
68,11,46
68,12,47
68,13,48
68,14,22
68,15,67
68,16,68
68,17,27
68,18,28
68,19,29
69,1,14
69,2,15
69,3,16
69,4,41
69,5,17
69,6,42
69,7,21
69,8,43
69,9,44
69,10,45
69,11,46
69,12,47
69,13,48
69,14,22
69,15,67
69,16,68
69,17,27
69,18,38
69,19,35
69,20,34
69,21,32
69,22,31
70,1,14
70,2,15
70,3,16
70,4,41
70,5,17
70,6,42
70,7,21
70,8,43
70,9,44
70,10,45
70,11,46
70,12,47
70,13,48
70,14,22
70,15,67
70,16,68
70,17,27
70,18,38
70,19,35
70,20,34
70,21,33
71,1,14
71,2,15
71,3,16
71,4,41
71,5,17
71,6,42
71,7,21
71,8,43
71,9,44
71,10,45
71,11,46
71,12,47
71,13,48
71,14,22
71,15,67
71,16,68
71,17,27
71,18,38
71,19,35
72,1,14
72,2,15
72,3,16
72,4,41
72,5,17
72,6,42
72,7,21
72,8,43
72,9,44
72,10,45
72,11,46
72,12,47
72,13,48
72,14,22
72,15,67
72,16,68
72,17,27
72,18,38
72,19,35
72,20,34
72,21,36
72,22,37
73,1,14
73,2,15
73,3,16
73,4,41
73,5,17
73,6,42
73,7,21
73,8,43
73,9,44
73,10,45
73,11,46
73,12,47
73,13,48
73,14,22
73,15,67
73,16,68
73,17,27
73,18,38
73,19,35
73,20,34
73,21,33
73,22,70
73,23,39
74,1,14
74,2,13
74,3,12
74,4,40
74,5,11
74,6,10
74,7,4
74,8,5
75,1,14
75,2,13
75,3,12
75,4,40
75,5,11
75,6,10
75,7,6
76,1,14
76,2,13
76,3,12
76,4,40
76,5,11
76,6,10
76,7,6
76,8,7
77,1,15
77,2,14
77,3,13
77,4,12
77,5,40
77,6,11
77,7,3
77,8,71
77,9,72
77,10,73
77,11,74
77,12,2
77,13,75
77,14,76
77,15,1
78,1,15
78,2,14
78,3,13
78,4,12
79,1,15
79,2,14
79,3,13
80,1,15
80,2,14
81,1,15
81,2,16
82,1,15
82,2,16
82,3,41
82,4,17
83,1,15
83,2,14
83,3,13
83,4,18
84,1,15
84,2,14
84,3,13
84,4,18
84,5,20
84,6,19
85,1,15
85,2,14
85,3,13
85,4,12
85,5,40
85,6,11
85,7,3
85,8,71
85,9,72
85,10,73
85,11,74
85,12,2
86,1,15
86,2,14
86,3,13
86,4,18
86,5,20
86,6,19
86,7,50
86,8,23
86,9,51
86,10,24
86,11,52
86,12,53
86,13,54
86,14,25
87,1,15
87,2,16
87,3,41
87,4,17
87,5,42
87,6,21
87,7,43
87,8,44
87,9,45
87,10,46
87,11,47
87,12,48
87,13,22
87,14,67
87,15,68
87,16,27
87,17,28
87,18,29
88,1,15
88,2,16
88,3,41
88,4,17
88,5,42
88,6,21
88,7,43
88,8,44
88,9,45
88,10,46
88,11,47
88,12,48
88,13,22
88,14,67
88,15,68
88,16,27
88,17,38
88,18,35
88,19,34
88,20,32
88,21,31
89,1,15
89,2,16
89,3,41
89,4,17
89,5,42
89,6,21
89,7,43
89,8,44
89,9,45
89,10,46
89,11,47
89,12,48
89,13,22
89,14,67
89,15,68
89,16,27
89,17,38
89,18,35
89,19,34
89,20,33
90,1,15
90,2,16
90,3,41
90,4,17
90,5,42
90,6,21
90,7,43
90,8,44
90,9,45
90,10,46
90,11,47
90,12,48
90,13,22
90,14,67
90,15,68
90,16,27
90,17,38
90,18,35
91,1,15
91,2,16
91,3,41
91,4,17
91,5,42
91,6,21
91,7,43
91,8,44
91,9,45
91,10,46
91,11,47
91,12,48
91,13,22
91,14,67
91,15,68
91,16,27
91,17,38
91,18,35
91,19,34
91,20,36
91,21,37
92,1,15
92,2,16
92,3,41
92,4,17
92,5,42
92,6,21
92,7,43
92,8,44
92,9,45
92,10,46
92,11,47
92,12,48
92,13,22
92,14,67
92,15,68
92,16,27
92,17,38
92,18,35
92,19,34
92,20,33
92,21,70
92,22,39
93,1,15
93,2,14
93,3,13
93,4,12
93,5,40
93,6,11
93,7,10
93,8,4
93,9,5
94,1,15
94,2,14
94,3,13
94,4,12
94,5,40
94,6,11
94,7,10
94,8,6
95,1,15
95,2,14
95,3,13
95,4,12
95,5,40
95,6,11
95,7,10
95,8,6
95,9,7
96,1,16
96,2,15
96,3,14
96,4,13
96,5,12
96,6,40
96,7,11
96,8,3
96,9,71
96,10,72
96,11,73
96,12,74
96,13,2
96,14,75
96,15,76
96,16,1
97,1,16
97,2,15
97,3,14
97,4,13
97,5,12
98,1,16
98,2,15
98,3,14
98,4,13
99,1,16
99,2,15
99,3,14
100,1,16
100,2,15
101,1,16
101,2,41
101,3,17
102,1,16
102,2,41
102,3,18
103,1,16
103,2,41
103,3,18
103,4,20
103,5,19
104,1,16
104,2,15
104,3,14
104,4,13
104,5,12
104,6,40
104,7,11
104,8,3
104,9,71
104,10,72
104,11,73
104,12,74
104,13,2
105,1,16
105,2,41
105,3,18
105,4,20
105,5,19
105,6,50
105,7,23
105,8,51
105,9,24
105,10,52
105,11,53
105,12,54
105,13,25
106,1,16
106,2,41
106,3,17
106,4,42
106,5,21
106,6,43
106,7,44
106,8,45
106,9,46
106,10,47
106,11,48
106,12,22
106,13,67
106,14,68
106,15,27
106,16,28
106,17,29
107,1,16
107,2,41
107,3,17
107,4,42
107,5,21
107,6,43
107,7,44
107,8,45
107,9,46
107,10,47
107,11,48
107,12,22
107,13,67
107,14,68
107,15,27
107,16,38
107,17,35
107,18,34
107,19,32
107,20,31
108,1,16
108,2,41
108,3,17
108,4,42
108,5,21
108,6,43
108,7,44
108,8,45
108,9,46
108,10,47
108,11,48
108,12,22
108,13,67
108,14,68
108,15,27
108,16,38
108,17,35
108,18,34
108,19,33
109,1,16
109,2,41
109,3,17
109,4,42
109,5,21
109,6,43
109,7,44
109,8,45
109,9,46
109,10,47
109,11,48
109,12,22
109,13,67
109,14,68
109,15,27
109,16,38
109,17,35
110,1,16
110,2,41
110,3,17
110,4,42
110,5,21
110,6,43
110,7,44
110,8,45
110,9,46
110,10,47
110,11,48
110,12,22
110,13,67
110,14,68
110,15,27
110,16,38
110,17,35
110,18,34
110,19,36
110,20,37
111,1,16
111,2,41
111,3,17
111,4,42
111,5,21
111,6,43
111,7,44
111,8,45
111,9,46
111,10,47
111,11,48
111,12,22
111,13,67
111,14,68
111,15,27
111,16,38
111,17,35
111,18,34
111,19,33
111,20,70
111,21,39
112,1,16
112,2,15
112,3,14
112,4,13
112,5,12
112,6,40
112,7,11
112,8,10
112,9,4
112,10,5
113,1,16
113,2,15
113,3,14
113,4,13
113,5,12
113,6,40
113,7,11
113,8,10
113,9,6
114,1,16
114,2,15
114,3,14
114,4,13
114,5,12
114,6,40
114,7,11
114,8,10
114,9,6
114,10,7
115,1,17
115,2,18
115,3,13
115,4,12
115,5,40
115,6,11
115,7,3
115,8,71
115,9,72
115,10,73
115,11,74
115,12,2
115,13,75
115,14,76
115,15,1
116,1,17
116,2,18
116,3,13
116,4,12
117,1,17
117,2,18
117,3,13
118,1,17
118,2,41
118,3,16
118,4,15
118,5,14
119,1,17
119,2,41
119,3,16
119,4,15
120,1,17
120,2,41
120,3,16
121,1,17
121,2,18
122,1,17
122,2,18
122,3,20
122,4,19
123,1,17
123,2,18
123,3,13
123,4,12
123,5,40
123,6,11
123,7,3
123,8,71
123,9,72
123,10,73
123,11,74
123,12,2
124,1,17
124,2,18
124,3,20
124,4,19
124,5,50
124,6,23
124,7,51
124,8,24
124,9,52
124,10,53
124,11,54
124,12,25
125,1,17
125,2,42
125,3,21
125,4,43
125,5,44
125,6,45
125,7,46
125,8,47
125,9,48
125,10,22
125,11,67
125,12,68
125,13,27
125,14,28
125,15,29
126,1,17
126,2,42
126,3,21
126,4,43
126,5,44
126,6,45
126,7,46
126,8,47
126,9,48
126,10,22
126,11,67
126,12,68
126,13,27
126,14,38
126,15,35
126,16,34
126,17,32
126,18,31
127,1,17
127,2,42
127,3,21
127,4,43
127,5,44
127,6,45
127,7,46
127,8,47
127,9,48
127,10,22
127,11,67
127,12,68
127,13,27
127,14,38
127,15,35
127,16,34
127,17,33
128,1,17
128,2,42
128,3,21
128,4,43
128,5,44
128,6,45
128,7,46
128,8,47
128,9,48
128,10,22
128,11,67
128,12,68
128,13,27
128,14,38
128,15,35
129,1,17
129,2,42
129,3,21
129,4,43
129,5,44
129,6,45
129,7,46
129,8,47
129,9,48
129,10,22
129,11,67
129,12,68
129,13,27
129,14,38
129,15,35
129,16,34
129,17,36
129,18,37
130,1,17
130,2,42
130,3,21
130,4,43
130,5,44
130,6,45
130,7,46
130,8,47
130,9,48
130,10,22
130,11,67
130,12,68
130,13,27
130,14,38
130,15,35
130,16,34
130,17,33
130,18,70
130,19,39
131,1,17
131,2,18
131,3,13
131,4,12
131,5,40
131,6,11
131,7,10
131,8,4
131,9,5
132,1,17
132,2,18
132,3,13
132,4,12
132,5,40
132,6,11
132,7,10
132,8,6
133,1,17
133,2,18
133,3,13
133,4,12
133,5,40
133,6,11
133,7,10
133,8,6
133,9,7
134,1,18
134,2,13
134,3,12
134,4,40
134,5,11
134,6,3
134,7,71
134,8,72
134,9,73
134,10,74
134,11,2
134,12,75
134,13,76
134,14,1
135,1,18
135,2,13
135,3,12
136,1,18
136,2,13
137,1,18
137,2,13
137,3,14
138,1,18
138,2,13
138,3,14
138,4,15
139,1,18
139,2,41
139,3,16
140,1,18
140,2,17
141,1,18
141,2,20
141,3,19
142,1,18
142,2,13
142,3,12
142,4,40
142,5,11
142,6,3
142,7,71
142,8,72
142,9,73
142,10,74
142,11,2
143,1,18
143,2,20
143,3,19
143,4,50
143,5,23
143,6,51
143,7,24
143,8,52
143,9,53
143,10,54
143,11,25
144,1,18
144,2,17
144,3,42
144,4,21
144,5,43
144,6,44
144,7,45
144,8,46
144,9,47
144,10,48
144,11,22
144,12,67
144,13,68
144,14,27
144,15,28
144,16,29
145,1,18
145,2,17
145,3,42
145,4,21
145,5,43
145,6,44
145,7,45
145,8,46
145,9,47
145,10,48
145,11,22
145,12,67
145,13,68
145,14,27
145,15,38
145,16,35
145,17,34
145,18,32
145,19,31
146,1,18
146,2,17
146,3,42
146,4,21
146,5,43
146,6,44
146,7,45
146,8,46
146,9,47
146,10,48
146,11,22
146,12,67
146,13,68
146,14,27
146,15,38
146,16,35
146,17,34
146,18,33
147,1,18
147,2,17
147,3,42
147,4,21
147,5,43
147,6,44
147,7,45
147,8,46
147,9,47
147,10,48
147,11,22
147,12,67
147,13,68
147,14,27
147,15,38
147,16,35
148,1,18
148,2,17
148,3,42
148,4,21
148,5,43
148,6,44
148,7,45
148,8,46
148,9,47
148,10,48
148,11,22
148,12,67
148,13,68
148,14,27
148,15,38
148,16,35
148,17,34
148,18,36
148,19,37
149,1,18
149,2,17
149,3,42
149,4,21
149,5,43
149,6,44
149,7,45
149,8,46
149,9,47
149,10,48
149,11,22
149,12,67
149,13,68
149,14,27
149,15,38
149,16,35
149,17,34
149,18,33
149,19,70
149,20,39
150,1,18
150,2,13
150,3,12
150,4,40
150,5,11
150,6,10
150,7,4
150,8,5
151,1,18
151,2,13
151,3,12
151,4,40
151,5,11
151,6,10
151,7,6
152,1,18
152,2,13
152,3,12
152,4,40
152,5,11
152,6,10
152,7,6
152,8,7
153,1,19
153,2,49
153,3,6
153,4,5
153,5,4
153,6,3
153,7,71
153,8,72
153,9,73
153,10,74
153,11,2
153,12,75
153,13,76
153,14,1
154,1,19
154,2,20
154,3,18
154,4,13
154,5,12
155,1,19
155,2,20
155,3,18
155,4,13
156,1,19
156,2,20
156,3,18
156,4,13
156,5,14
157,1,19
157,2,20
157,3,18
157,4,13
157,5,14
157,6,15
158,1,19
158,2,20
158,3,18
158,4,41
158,5,16
159,1,19
159,2,20
159,3,18
159,4,17
160,1,19
160,2,20
160,3,18
161,1,19
161,2,49
161,3,6
161,4,5
161,5,4
161,6,3
161,7,71
161,8,72
161,9,73
161,10,74
161,11,2
162,1,19
162,2,50
162,3,23
162,4,51
162,5,24
162,6,52
162,7,53
162,8,54
162,9,25
163,1,19
163,2,20
163,3,21
163,4,43
163,5,44
163,6,45
163,7,46
163,8,47
163,9,48
163,10,22
163,11,67
163,12,68
163,13,27
163,14,28
163,15,29
164,1,19
164,2,20
164,3,21
164,4,43
164,5,44
164,6,45
164,7,46
164,8,47
164,9,48
164,10,22
164,11,67
164,12,68
164,13,27
164,14,38
164,15,35
164,16,34
164,17,32
164,18,31
165,1,19
165,2,20
165,3,21
165,4,43
165,5,44
165,6,45
165,7,46
165,8,47
165,9,48
165,10,22
165,11,67
165,12,68
165,13,27
165,14,38
165,15,35
165,16,34
165,17,33
166,1,19
166,2,20
166,3,21
166,4,43
166,5,44
166,6,45
166,7,46
166,8,47
166,9,48
166,10,22
166,11,67
166,12,68
166,13,27
166,14,38
166,15,35
167,1,19
167,2,20
167,3,21
167,4,43
167,5,44
167,6,45
167,7,46
167,8,47
167,9,48
167,10,22
167,11,67
167,12,68
167,13,27
167,14,38
167,15,35
167,16,34
167,17,36
167,18,37
168,1,19
168,2,20
168,3,21
168,4,43
168,5,44
168,6,45
168,7,46
168,8,47
168,9,48
168,10,22
168,11,67
168,12,68
168,13,27
168,14,38
168,15,35
168,16,34
168,17,33
168,18,70
168,19,39
169,1,19
169,2,49
169,3,6
169,4,5
170,1,19
170,2,49
170,3,6
171,1,19
171,2,49
171,3,6
171,4,7
172,1,2
172,2,75
172,3,76
172,4,1
173,1,2
173,2,74
173,3,73
173,4,72
173,5,71
173,6,3
173,7,11
173,8,40
173,9,12
174,1,2
174,2,74
174,3,73
174,4,72
174,5,71
174,6,3
174,7,11
174,8,40
174,9,12
174,10,13
175,1,2
175,2,74
175,3,73
175,4,72
175,5,71
175,6,3
175,7,11
175,8,40
175,9,12
175,10,13
175,11,14
176,1,2
176,2,74
176,3,73
176,4,72
176,5,71
176,6,3
176,7,11
176,8,40
176,9,12
176,10,13
176,11,14
176,12,15
177,1,2
177,2,74
177,3,73
177,4,72
177,5,71
177,6,3
177,7,11
177,8,40
177,9,12
177,10,13
177,11,14
177,12,15
177,13,16
178,1,2
178,2,74
178,3,73
178,4,72
178,5,71
178,6,3
178,7,11
178,8,40
178,9,12
178,10,13
178,11,18
178,12,17
179,1,2
179,2,74
179,3,73
179,4,72
179,5,71
179,6,3
179,7,11
179,8,40
179,9,12
179,10,13
179,11,18
180,1,2
180,2,74
180,3,73
180,4,72
180,5,71
180,6,3
180,7,4
180,8,5
180,9,6
180,10,49
180,11,19
181,1,2
181,2,74
181,3,73
181,4,72
181,5,71
181,6,3
181,7,4
181,8,5
181,9,6
181,10,49
181,11,19
181,12,50
181,13,23
181,14,51
181,15,24
181,16,52
181,17,53
181,18,54
181,19,25
182,1,2
182,2,74
182,3,73
182,4,72
182,5,71
182,6,3
182,7,4
182,8,5
182,9,6
182,10,49
182,11,19
182,12,20
182,13,21
182,14,43
182,15,44
182,16,45
182,17,46
182,18,47
182,19,48
182,20,22
182,21,67
182,22,68
182,23,27
182,24,28
182,25,29
183,1,2
183,2,74
183,3,73
183,4,72
183,5,71
183,6,3
183,7,4
183,8,5
183,9,6
183,10,49
183,11,19
183,12,20
183,13,21
183,14,43
183,15,44
183,16,45
183,17,46
183,18,47
183,19,48
183,20,22
183,21,67
183,22,68
183,23,27
183,24,38
183,25,35
183,26,34
183,27,32
183,28,31
184,1,2
184,2,74
184,3,73
184,4,72
184,5,71
184,6,3
184,7,4
184,8,5
184,9,6
184,10,49
184,11,19
184,12,20
184,13,21
184,14,43
184,15,44
184,16,45
184,17,46
184,18,47
184,19,48
184,20,22
184,21,67
184,22,68
184,23,27
184,24,38
184,25,35
184,26,34
184,27,33
185,1,2
185,2,74
185,3,73
185,4,72
185,5,71
185,6,3
185,7,4
185,8,5
185,9,6
185,10,49
185,11,19
185,12,20
185,13,21
185,14,43
185,15,44
185,16,45
185,17,46
185,18,47
185,19,48
185,20,22
185,21,67
185,22,68
185,23,27
185,24,38
185,25,35
186,1,2
186,2,74
186,3,73
186,4,72
186,5,71
186,6,3
186,7,4
186,8,5
186,9,6
186,10,49
186,11,19
186,12,20
186,13,21
186,14,43
186,15,44
186,16,45
186,17,46
186,18,47
186,19,48
186,20,22
186,21,67
186,22,68
186,23,27
186,24,38
186,25,35
186,26,34
186,27,36
186,28,37
187,1,2
187,2,74
187,3,73
187,4,72
187,5,71
187,6,3
187,7,4
187,8,5
187,9,6
187,10,49
187,11,19
187,12,20
187,13,21
187,14,43
187,15,44
187,16,45
187,17,46
187,18,47
187,19,48
187,20,22
187,21,67
187,22,68
187,23,27
187,24,38
187,25,35
187,26,34
187,27,33
187,28,70
187,29,39
188,1,2
188,2,74
188,3,73
188,4,72
188,5,71
188,6,3
188,7,4
188,8,5
189,1,2
189,2,74
189,3,73
189,4,72
189,5,71
189,6,3
189,7,4
189,8,5
189,9,6
190,1,2
190,2,74
190,3,73
190,4,72
190,5,71
190,6,3
190,7,4
190,8,5
190,9,6
190,10,7
191,1,25
191,2,54
191,3,53
191,4,52
191,5,24
191,6,51
191,7,23
191,8,50
191,9,19
191,10,49
191,11,6
191,12,5
191,13,4
191,14,3
191,15,71
191,16,72
191,17,73
191,18,74
191,19,2
191,20,75
191,21,76
191,22,1
192,1,25
192,2,54
192,3,53
192,4,52
192,5,24
192,6,51
192,7,23
192,8,50
192,9,19
192,10,20
192,11,18
192,12,13
192,13,12
193,1,25
193,2,54
193,3,53
193,4,52
193,5,24
193,6,51
193,7,23
193,8,50
193,9,19
193,10,20
193,11,18
193,12,13
194,1,25
194,2,54
194,3,53
194,4,52
194,5,24
194,6,51
194,7,23
194,8,50
194,9,19
194,10,20
194,11,18
194,12,13
194,13,14
195,1,25
195,2,54
195,3,53
195,4,52
195,5,24
195,6,51
195,7,23
195,8,50
195,9,19
195,10,20
195,11,18
195,12,13
195,13,14
195,14,15
196,1,25
196,2,54
196,3,53
196,4,52
196,5,24
196,6,51
196,7,23
196,8,50
196,9,19
196,10,20
196,11,18
196,12,41
196,13,16
197,1,25
197,2,54
197,3,53
197,4,52
197,5,24
197,6,51
197,7,23
197,8,50
197,9,19
197,10,20
197,11,18
197,12,17
198,1,25
198,2,54
198,3,53
198,4,52
198,5,24
198,6,51
198,7,23
198,8,50
198,9,19
198,10,20
198,11,18
199,1,25
199,2,54
199,3,53
199,4,52
199,5,24
199,6,51
199,7,23
199,8,50
199,9,19
200,1,25
200,2,54
200,3,53
200,4,52
200,5,24
200,6,51
200,7,23
200,8,50
200,9,19
200,10,49
200,11,6
200,12,5
200,13,4
200,14,3
200,15,71
200,16,72
200,17,73
200,18,74
200,19,2
201,1,25
201,2,55
201,3,56
201,4,57
201,5,58
201,6,59
201,7,60
201,8,61
201,9,62
201,10,63
201,11,64
201,12,65
201,13,26
201,14,66
201,15,22
201,16,67
201,17,68
201,18,27
201,19,28
201,20,29
202,1,25
202,2,55
202,3,56
202,4,57
202,5,58
202,6,59
202,7,60
202,8,61
202,9,62
202,10,63
202,11,64
202,12,65
202,13,26
202,14,66
202,15,22
202,16,67
202,17,68
202,18,27
202,19,38
202,20,35
202,21,34
202,22,32
202,23,31
203,1,25
203,2,55
203,3,56
203,4,57
203,5,58
203,6,59
203,7,60
203,8,61
203,9,62
203,10,63
203,11,64
203,12,65
203,13,26
203,14,66
203,15,22
203,16,67
203,17,68
203,18,27
203,19,38
203,20,35
203,21,34
203,22,33
204,1,25
204,2,55
204,3,56
204,4,57
204,5,58
204,6,59
204,7,60
204,8,61
204,9,62
204,10,63
204,11,64
204,12,65
204,13,26
204,14,66
204,15,22
204,16,67
204,17,68
204,18,27
204,19,38
204,20,35
205,1,25
205,2,55
205,3,56
205,4,57
205,5,58
205,6,59
205,7,60
205,8,61
205,9,62
205,10,63
205,11,64
205,12,65
205,13,26
205,14,66
205,15,22
205,16,67
205,17,68
205,18,27
205,19,38
205,20,35
205,21,34
205,22,36
205,23,37
206,1,25
206,2,55
206,3,56
206,4,57
206,5,58
206,6,59
206,7,60
206,8,61
206,9,62
206,10,63
206,11,64
206,12,65
206,13,26
206,14,66
206,15,22
206,16,67
206,17,68
206,18,27
206,19,38
206,20,35
206,21,34
206,22,33
206,23,70
206,24,39
207,1,25
207,2,54
207,3,53
207,4,52
207,5,24
207,6,51
207,7,23
207,8,50
207,9,19
207,10,49
207,11,6
207,12,5
208,1,25
208,2,54
208,3,53
208,4,52
208,5,24
208,6,51
208,7,23
208,8,50
208,9,19
208,10,49
208,11,6
209,1,25
209,2,54
209,3,53
209,4,52
209,5,24
209,6,51
209,7,23
209,8,50
209,9,19
209,10,49
209,11,6
209,12,7
210,1,29
210,2,28
210,3,27
210,4,68
210,5,67
210,6,22
210,7,48
210,8,47
210,9,46
210,10,45
210,11,44
210,12,43
210,13,21
210,14,20
210,15,19
210,16,49
210,17,6
210,18,5
210,19,4
210,20,3
210,21,71
210,22,72
210,23,73
210,24,74
210,25,2
210,26,75
210,27,76
210,28,1
211,1,29
211,2,28
211,3,27
211,4,68
211,5,67
211,6,22
211,7,48
211,8,47
211,9,46
211,10,45
211,11,44
211,12,43
211,13,21
211,14,42
211,15,17
211,16,18
211,17,13
211,18,12
212,1,29
212,2,28
212,3,27
212,4,68
212,5,67
212,6,22
212,7,48
212,8,47
212,9,46
212,10,45
212,11,44
212,12,43
212,13,21
212,14,42
212,15,17
212,16,18
212,17,13
213,1,29
213,2,28
213,3,27
213,4,68
213,5,67
213,6,22
213,7,48
213,8,47
213,9,46
213,10,45
213,11,44
213,12,43
213,13,21
213,14,42
213,15,17
213,16,41
213,17,16
213,18,15
213,19,14
214,1,29
214,2,28
214,3,27
214,4,68
214,5,67
214,6,22
214,7,48
214,8,47
214,9,46
214,10,45
214,11,44
214,12,43
214,13,21
214,14,42
214,15,17
214,16,41
214,17,16
214,18,15
215,1,29
215,2,28
215,3,27
215,4,68
215,5,67
215,6,22
215,7,48
215,8,47
215,9,46
215,10,45
215,11,44
215,12,43
215,13,21
215,14,42
215,15,17
215,16,41
215,17,16
216,1,29
216,2,28
216,3,27
216,4,68
216,5,67
216,6,22
216,7,48
216,8,47
216,9,46
216,10,45
216,11,44
216,12,43
216,13,21
216,14,42
216,15,17
217,1,29
217,2,28
217,3,27
217,4,68
217,5,67
217,6,22
217,7,48
217,8,47
217,9,46
217,10,45
217,11,44
217,12,43
217,13,21
217,14,42
217,15,17
217,16,18
218,1,29
218,2,28
218,3,27
218,4,68
218,5,67
218,6,22
218,7,48
218,8,47
218,9,46
218,10,45
218,11,44
218,12,43
218,13,21
218,14,20
218,15,19
219,1,29
219,2,28
219,3,27
219,4,68
219,5,67
219,6,22
219,7,48
219,8,47
219,9,46
219,10,45
219,11,44
219,12,43
219,13,21
219,14,20
219,15,19
219,16,49
219,17,6
219,18,5
219,19,4
219,20,3
219,21,71
219,22,72
219,23,73
219,24,74
219,25,2
220,1,29
220,2,28
220,3,27
220,4,68
220,5,67
220,6,22
220,7,66
220,8,26
220,9,65
220,10,64
220,11,63
220,12,62
220,13,61
220,14,60
220,15,59
220,16,58
220,17,57
220,18,56
220,19,55
220,20,25
221,1,29
221,2,32
221,3,31
222,1,29
222,2,32
222,3,33
223,1,29
223,2,28
223,3,35
224,1,29
224,2,28
224,3,35
224,4,34
224,5,36
224,6,37
225,1,29
225,2,32
225,3,33
225,4,70
225,5,39
226,1,29
226,2,28
226,3,27
226,4,68
226,5,67
226,6,22
226,7,48
226,8,47
226,9,46
226,10,45
226,11,44
226,12,43
226,13,21
226,14,20
226,15,19
226,16,49
226,17,6
226,18,5
227,1,29
227,2,28
227,3,27
227,4,68
227,5,67
227,6,22
227,7,48
227,8,47
227,9,46
227,10,45
227,11,44
227,12,43
227,13,21
227,14,20
227,15,19
227,16,49
227,17,6
228,1,29
228,2,28
228,3,27
228,4,68
228,5,67
228,6,22
228,7,48
228,8,47
228,9,46
228,10,45
228,11,44
228,12,43
228,13,21
228,14,20
228,15,19
228,16,49
228,17,6
228,18,7
229,1,31
229,2,32
229,3,34
229,4,35
229,5,38
229,6,27
229,7,68
229,8,67
229,9,22
229,10,48
229,11,47
229,12,46
229,13,45
229,14,44
229,15,43
229,16,21
229,17,20
229,18,19
229,19,49
229,20,6
229,21,5
229,22,4
229,23,3
229,24,71
229,25,72
229,26,73
229,27,74
229,28,2
229,29,75
229,30,76
229,31,1
230,1,31
230,2,32
230,3,34
230,4,35
230,5,38
230,6,27
230,7,68
230,8,67
230,9,22
230,10,48
230,11,47
230,12,46
230,13,45
230,14,44
230,15,43
230,16,21
230,17,42
230,18,17
230,19,18
230,20,13
230,21,12
231,1,31
231,2,32
231,3,34
231,4,35
231,5,38
231,6,27
231,7,68
231,8,67
231,9,22
231,10,48
231,11,47
231,12,46
231,13,45
231,14,44
231,15,43
231,16,21
231,17,42
231,18,17
231,19,18
231,20,13
232,1,31
232,2,32
232,3,34
232,4,35
232,5,38
232,6,27
232,7,68
232,8,67
232,9,22
232,10,48
232,11,47
232,12,46
232,13,45
232,14,44
232,15,43
232,16,21
232,17,42
232,18,17
232,19,41
232,20,16
232,21,15
232,22,14
233,1,31
233,2,32
233,3,34
233,4,35
233,5,38
233,6,27
233,7,68
233,8,67
233,9,22
233,10,48
233,11,47
233,12,46
233,13,45
233,14,44
233,15,43
233,16,21
233,17,42
233,18,17
233,19,41
233,20,16
233,21,15
234,1,31
234,2,32
234,3,34
234,4,35
234,5,38
234,6,27
234,7,68
234,8,67
234,9,22
234,10,48
234,11,47
234,12,46
234,13,45
234,14,44
234,15,43
234,16,21
234,17,42
234,18,17
234,19,41
234,20,16
235,1,31
235,2,32
235,3,34
235,4,35
235,5,38
235,6,27
235,7,68
235,8,67
235,9,22
235,10,48
235,11,47
235,12,46
235,13,45
235,14,44
235,15,43
235,16,21
235,17,42
235,18,17
236,1,31
236,2,32
236,3,34
236,4,35
236,5,38
236,6,27
236,7,68
236,8,67
236,9,22
236,10,48
236,11,47
236,12,46
236,13,45
236,14,44
236,15,43
236,16,21
236,17,42
236,18,17
236,19,18
237,1,31
237,2,32
237,3,34
237,4,35
237,5,38
237,6,27
237,7,68
237,8,67
237,9,22
237,10,48
237,11,47
237,12,46
237,13,45
237,14,44
237,15,43
237,16,21
237,17,20
237,18,19
238,1,31
238,2,32
238,3,34
238,4,35
238,5,38
238,6,27
238,7,68
238,8,67
238,9,22
238,10,48
238,11,47
238,12,46
238,13,45
238,14,44
238,15,43
238,16,21
238,17,20
238,18,19
238,19,49
238,20,6
238,21,5
238,22,4
238,23,3
238,24,71
238,25,72
238,26,73
238,27,74
238,28,2
239,1,31
239,2,32
239,3,34
239,4,35
239,5,38
239,6,27
239,7,68
239,8,67
239,9,22
239,10,66
239,11,26
239,12,65
239,13,64
239,14,63
239,15,62
239,16,61
239,17,60
239,18,59
239,19,58
239,20,57
239,21,56
239,22,55
239,23,25
240,1,31
240,2,32
240,3,29
241,1,31
241,2,32
241,3,33
242,1,31
242,2,32
242,3,34
242,4,35
243,1,31
243,2,32
243,3,34
243,4,36
243,5,37
244,1,31
244,2,32
244,3,33
244,4,70
244,5,39
245,1,31
245,2,32
245,3,34
245,4,35
245,5,38
245,6,27
245,7,68
245,8,67
245,9,22
245,10,48
245,11,47
245,12,46
245,13,45
245,14,44
245,15,43
245,16,21
245,17,20
245,18,19
245,19,49
245,20,6
245,21,5
246,1,31
246,2,32
246,3,34
246,4,35
246,5,38
246,6,27
246,7,68
246,8,67
246,9,22
246,10,48
246,11,47
246,12,46
246,13,45
246,14,44
246,15,43
246,16,21
246,17,20
246,18,19
246,19,49
246,20,6
247,1,31
247,2,32
247,3,34
247,4,35
247,5,38
247,6,27
247,7,68
247,8,67
247,9,22
247,10,48
247,11,47
247,12,46
247,13,45
247,14,44
247,15,43
247,16,21
247,17,20
247,18,19
247,19,49
247,20,6
247,21,7
248,1,33
248,2,34
248,3,35
248,4,38
248,5,27
248,6,68
248,7,67
248,8,22
248,9,48
248,10,47
248,11,46
248,12,45
248,13,44
248,14,43
248,15,21
248,16,20
248,17,19
248,18,49
248,19,6
248,20,5
248,21,4
248,22,3
248,23,71
248,24,72
248,25,73
248,26,74
248,27,2
248,28,75
248,29,76
248,30,1
249,1,33
249,2,34
249,3,35
249,4,38
249,5,27
249,6,68
249,7,67
249,8,22
249,9,48
249,10,47
249,11,46
249,12,45
249,13,44
249,14,43
249,15,21
249,16,42
249,17,17
249,18,18
249,19,13
249,20,12
250,1,33
250,2,34
250,3,35
250,4,38
250,5,27
250,6,68
250,7,67
250,8,22
250,9,48
250,10,47
250,11,46
250,12,45
250,13,44
250,14,43
250,15,21
250,16,42
250,17,17
250,18,18
250,19,13
251,1,33
251,2,34
251,3,35
251,4,38
251,5,27
251,6,68
251,7,67
251,8,22
251,9,48
251,10,47
251,11,46
251,12,45
251,13,44
251,14,43
251,15,21
251,16,42
251,17,17
251,18,41
251,19,16
251,20,15
251,21,14
252,1,33
252,2,34
252,3,35
252,4,38
252,5,27
252,6,68
252,7,67
252,8,22
252,9,48
252,10,47
252,11,46
252,12,45
252,13,44
252,14,43
252,15,21
252,16,42
252,17,17
252,18,41
252,19,16
252,20,15
253,1,33
253,2,34
253,3,35
253,4,38
253,5,27
253,6,68
253,7,67
253,8,22
253,9,48
253,10,47
253,11,46
253,12,45
253,13,44
253,14,43
253,15,21
253,16,42
253,17,17
253,18,41
253,19,16
254,1,33
254,2,34
254,3,35
254,4,38
254,5,27
254,6,68
254,7,67
254,8,22
254,9,48
254,10,47
254,11,46
254,12,45
254,13,44
254,14,43
254,15,21
254,16,42
254,17,17
255,1,33
255,2,34
255,3,35
255,4,38
255,5,27
255,6,68
255,7,67
255,8,22
255,9,48
255,10,47
255,11,46
255,12,45
255,13,44
255,14,43
255,15,21
255,16,42
255,17,17
255,18,18
256,1,33
256,2,34
256,3,35
256,4,38
256,5,27
256,6,68
256,7,67
256,8,22
256,9,48
256,10,47
256,11,46
256,12,45
256,13,44
256,14,43
256,15,21
256,16,20
256,17,19
257,1,33
257,2,34
257,3,35
257,4,38
257,5,27
257,6,68
257,7,67
257,8,22
257,9,48
257,10,47
257,11,46
257,12,45
257,13,44
257,14,43
257,15,21
257,16,20
257,17,19
257,18,49
257,19,6
257,20,5
257,21,4
257,22,3
257,23,71
257,24,72
257,25,73
257,26,74
257,27,2
258,1,33
258,2,34
258,3,35
258,4,38
258,5,27
258,6,68
258,7,67
258,8,22
258,9,66
258,10,26
258,11,65
258,12,64
258,13,63
258,14,62
258,15,61
258,16,60
258,17,59
258,18,58
258,19,57
258,20,56
258,21,55
258,22,25
259,1,33
259,2,32
259,3,29
260,1,33
260,2,32
260,3,31
261,1,33
261,2,34
261,3,35
262,1,33
262,2,34
262,3,36
262,4,37
263,1,33
263,2,70
263,3,39
264,1,33
264,2,34
264,3,35
264,4,38
264,5,27
264,6,68
264,7,67
264,8,22
264,9,48
264,10,47
264,11,46
264,12,45
264,13,44
264,14,43
264,15,21
264,16,20
264,17,19
264,18,49
264,19,6
264,20,5
265,1,33
265,2,34
265,3,35
265,4,38
265,5,27
265,6,68
265,7,67
265,8,22
265,9,48
265,10,47
265,11,46
265,12,45
265,13,44
265,14,43
265,15,21
265,16,20
265,17,19
265,18,49
265,19,6
266,1,33
266,2,34
266,3,35
266,4,38
266,5,27
266,6,68
266,7,67
266,8,22
266,9,48
266,10,47
266,11,46
266,12,45
266,13,44
266,14,43
266,15,21
266,16,20
266,17,19
266,18,49
266,19,6
266,20,7
267,1,35
267,2,38
267,3,27
267,4,68
267,5,67
267,6,22
267,7,48
267,8,47
267,9,46
267,10,45
267,11,44
267,12,43
267,13,21
267,14,20
267,15,19
267,16,49
267,17,6
267,18,5
267,19,4
267,20,3
267,21,71
267,22,72
267,23,73
267,24,74
267,25,2
267,26,75
267,27,76
267,28,1
268,1,35
268,2,38
268,3,27
268,4,68
268,5,67
268,6,22
268,7,48
268,8,47
268,9,46
268,10,45
268,11,44
268,12,43
268,13,21
268,14,42
268,15,17
268,16,18
268,17,13
268,18,12
269,1,35
269,2,38
269,3,27
269,4,68
269,5,67
269,6,22
269,7,48
269,8,47
269,9,46
269,10,45
269,11,44
269,12,43
269,13,21
269,14,42
269,15,17
269,16,18
269,17,13
270,1,35
270,2,38
270,3,27
270,4,68
270,5,67
270,6,22
270,7,48
270,8,47
270,9,46
270,10,45
270,11,44
270,12,43
270,13,21
270,14,42
270,15,17
270,16,41
270,17,16
270,18,15
270,19,14
271,1,35
271,2,38
271,3,27
271,4,68
271,5,67
271,6,22
271,7,48
271,8,47
271,9,46
271,10,45
271,11,44
271,12,43
271,13,21
271,14,42
271,15,17
271,16,41
271,17,16
271,18,15
272,1,35
272,2,38
272,3,27
272,4,68
272,5,67
272,6,22
272,7,48
272,8,47
272,9,46
272,10,45
272,11,44
272,12,43
272,13,21
272,14,42
272,15,17
272,16,41
272,17,16
273,1,35
273,2,38
273,3,27
273,4,68
273,5,67
273,6,22
273,7,48
273,8,47
273,9,46
273,10,45
273,11,44
273,12,43
273,13,21
273,14,42
273,15,17
274,1,35
274,2,38
274,3,27
274,4,68
274,5,67
274,6,22
274,7,48
274,8,47
274,9,46
274,10,45
274,11,44
274,12,43
274,13,21
274,14,42
274,15,17
274,16,18
275,1,35
275,2,38
275,3,27
275,4,68
275,5,67
275,6,22
275,7,48
275,8,47
275,9,46
275,10,45
275,11,44
275,12,43
275,13,21
275,14,20
275,15,19
276,1,35
276,2,38
276,3,27
276,4,68
276,5,67
276,6,22
276,7,48
276,8,47
276,9,46
276,10,45
276,11,44
276,12,43
276,13,21
276,14,20
276,15,19
276,16,49
276,17,6
276,18,5
276,19,4
276,20,3
276,21,71
276,22,72
276,23,73
276,24,74
276,25,2
277,1,35
277,2,38
277,3,27
277,4,68
277,5,67
277,6,22
277,7,66
277,8,26
277,9,65
277,10,64
277,11,63
277,12,62
277,13,61
277,14,60
277,15,59
277,16,58
277,17,57
277,18,56
277,19,55
277,20,25
278,1,35
278,2,28
278,3,29
279,1,35
279,2,34
279,3,32
279,4,31
280,1,35
280,2,34
280,3,33
281,1,35
281,2,34
281,3,36
281,4,37
282,1,35
282,2,34
282,3,33
282,4,70
282,5,39
283,1,35
283,2,38
283,3,27
283,4,68
283,5,67
283,6,22
283,7,48
283,8,47
283,9,46
283,10,45
283,11,44
283,12,43
283,13,21
283,14,20
283,15,19
283,16,49
283,17,6
283,18,5
284,1,35
284,2,38
284,3,27
284,4,68
284,5,67
284,6,22
284,7,48
284,8,47
284,9,46
284,10,45
284,11,44
284,12,43
284,13,21
284,14,20
284,15,19
284,16,49
284,17,6
285,1,35
285,2,38
285,3,27
285,4,68
285,5,67
285,6,22
285,7,48
285,8,47
285,9,46
285,10,45
285,11,44
285,12,43
285,13,21
285,14,20
285,15,19
285,16,49
285,17,6
285,18,7
286,1,37
286,2,36
286,3,34
286,4,35
286,5,38
286,6,27
286,7,68
286,8,67
286,9,22
286,10,48
286,11,47
286,12,46
286,13,45
286,14,44
286,15,43
286,16,21
286,17,20
286,18,19
286,19,49
286,20,6
286,21,5
286,22,4
286,23,3
286,24,71
286,25,72
286,26,73
286,27,74
286,28,2
286,29,75
286,30,76
286,31,1
287,1,37
287,2,36
287,3,34
287,4,35
287,5,38
287,6,27
287,7,68
287,8,67
287,9,22
287,10,48
287,11,47
287,12,46
287,13,45
287,14,44
287,15,43
287,16,21
287,17,42
287,18,17
287,19,18
287,20,13
287,21,12
288,1,37
288,2,36
288,3,34
288,4,35
288,5,38
288,6,27
288,7,68
288,8,67
288,9,22
288,10,48
288,11,47
288,12,46
288,13,45
288,14,44
288,15,43
288,16,21
288,17,42
288,18,17
288,19,18
288,20,13
289,1,37
289,2,36
289,3,34
289,4,35
289,5,38
289,6,27
289,7,68
289,8,67
289,9,22
289,10,48
289,11,47
289,12,46
289,13,45
289,14,44
289,15,43
289,16,21
289,17,42
289,18,17
289,19,41
289,20,16
289,21,15
289,22,14
290,1,37
290,2,36
290,3,34
290,4,35
290,5,38
290,6,27
290,7,68
290,8,67
290,9,22
290,10,48
290,11,47
290,12,46
290,13,45
290,14,44
290,15,43
290,16,21
290,17,42
290,18,17
290,19,41
290,20,16
290,21,15
291,1,37
291,2,36
291,3,34
291,4,35
291,5,38
291,6,27
291,7,68
291,8,67
291,9,22
291,10,48
291,11,47
291,12,46
291,13,45
291,14,44
291,15,43
291,16,21
291,17,42
291,18,17
291,19,41
291,20,16
292,1,37
292,2,36
292,3,34
292,4,35
292,5,38
292,6,27
292,7,68
292,8,67
292,9,22
292,10,48
292,11,47
292,12,46
292,13,45
292,14,44
292,15,43
292,16,21
292,17,42
292,18,17
293,1,37
293,2,36
293,3,34
293,4,35
293,5,38
293,6,27
293,7,68
293,8,67
293,9,22
293,10,48
293,11,47
293,12,46
293,13,45
293,14,44
293,15,43
293,16,21
293,17,42
293,18,17
293,19,18
294,1,37
294,2,36
294,3,34
294,4,35
294,5,38
294,6,27
294,7,68
294,8,67
294,9,22
294,10,48
294,11,47
294,12,46
294,13,45
294,14,44
294,15,43
294,16,21
294,17,20
294,18,19
295,1,37
295,2,36
295,3,34
295,4,35
295,5,38
295,6,27
295,7,68
295,8,67
295,9,22
295,10,48
295,11,47
295,12,46
295,13,45
295,14,44
295,15,43
295,16,21
295,17,20
295,18,19
295,19,49
295,20,6
295,21,5
295,22,4
295,23,3
295,24,71
295,25,72
295,26,73
295,27,74
295,28,2
296,1,37
296,2,36
296,3,34
296,4,35
296,5,38
296,6,27
296,7,68
296,8,67
296,9,22
296,10,66
296,11,26
296,12,65
296,13,64
296,14,63
296,15,62
296,16,61
296,17,60
296,18,59
296,19,58
296,20,57
296,21,56
296,22,55
296,23,25
297,1,37
297,2,36
297,3,34
297,4,35
297,5,28
297,6,29
298,1,37
298,2,36
298,3,34
298,4,32
298,5,31
299,1,37
299,2,36
299,3,34
299,4,33
300,1,37
300,2,36
300,3,34
300,4,35
301,1,37
301,2,36
301,3,34
301,4,33
301,5,70
301,6,39
302,1,37
302,2,36
302,3,34
302,4,35
302,5,38
302,6,27
302,7,68
302,8,67
302,9,22
302,10,48
302,11,47
302,12,46
302,13,45
302,14,44
302,15,43
302,16,21
302,17,20
302,18,19
302,19,49
302,20,6
302,21,5
303,1,37
303,2,36
303,3,34
303,4,35
303,5,38
303,6,27
303,7,68
303,8,67
303,9,22
303,10,48
303,11,47
303,12,46
303,13,45
303,14,44
303,15,43
303,16,21
303,17,20
303,18,19
303,19,49
303,20,6
304,1,37
304,2,36
304,3,34
304,4,35
304,5,38
304,6,27
304,7,68
304,8,67
304,9,22
304,10,48
304,11,47
304,12,46
304,13,45
304,14,44
304,15,43
304,16,21
304,17,20
304,18,19
304,19,49
304,20,6
304,21,7
305,1,39
305,2,70
305,3,33
305,4,34
305,5,35
305,6,38
305,7,27
305,8,68
305,9,67
305,10,22
305,11,48
305,12,47
305,13,46
305,14,45
305,15,44
305,16,43
305,17,21
305,18,20
305,19,19
305,20,49
305,21,6
305,22,5
305,23,4
305,24,3
305,25,71
305,26,72
305,27,73
305,28,74
305,29,2
305,30,75
305,31,76
305,32,1
306,1,39
306,2,70
306,3,33
306,4,34
306,5,35
306,6,38
306,7,27
306,8,68
306,9,67
306,10,22
306,11,48
306,12,47
306,13,46
306,14,45
306,15,44
306,16,43
306,17,21
306,18,42
306,19,17
306,20,18
306,21,13
306,22,12
307,1,39
307,2,70
307,3,33
307,4,34
307,5,35
307,6,38
307,7,27
307,8,68
307,9,67
307,10,22
307,11,48
307,12,47
307,13,46
307,14,45
307,15,44
307,16,43
307,17,21
307,18,42
307,19,17
307,20,18
307,21,13
308,1,39
308,2,70
308,3,33
308,4,34
308,5,35
308,6,38
308,7,27
308,8,68
308,9,67
308,10,22
308,11,48
308,12,47
308,13,46
308,14,45
308,15,44
308,16,43
308,17,21
308,18,42
308,19,17
308,20,41
308,21,16
308,22,15
308,23,14
309,1,39
309,2,70
309,3,33
309,4,34
309,5,35
309,6,38
309,7,27
309,8,68
309,9,67
309,10,22
309,11,48
309,12,47
309,13,46
309,14,45
309,15,44
309,16,43
309,17,21
309,18,42
309,19,17
309,20,41
309,21,16
309,22,15
310,1,39
310,2,70
310,3,33
310,4,34
310,5,35
310,6,38
310,7,27
310,8,68
310,9,67
310,10,22
310,11,48
310,12,47
310,13,46
310,14,45
310,15,44
310,16,43
310,17,21
310,18,42
310,19,17
310,20,41
310,21,16
311,1,39
311,2,70
311,3,33
311,4,34
311,5,35
311,6,38
311,7,27
311,8,68
311,9,67
311,10,22
311,11,48
311,12,47
311,13,46
311,14,45
311,15,44
311,16,43
311,17,21
311,18,42
311,19,17
312,1,39
312,2,70
312,3,33
312,4,34
312,5,35
312,6,38
312,7,27
312,8,68
312,9,67
312,10,22
312,11,48
312,12,47
312,13,46
312,14,45
312,15,44
312,16,43
312,17,21
312,18,42
312,19,17
312,20,18
313,1,39
313,2,70
313,3,33
313,4,34
313,5,35
313,6,38
313,7,27
313,8,68
313,9,67
313,10,22
313,11,48
313,12,47
313,13,46
313,14,45
313,15,44
313,16,43
313,17,21
313,18,20
313,19,19
314,1,39
314,2,70
314,3,33
314,4,34
314,5,35
314,6,38
314,7,27
314,8,68
314,9,67
314,10,22
314,11,48
314,12,47
314,13,46
314,14,45
314,15,44
314,16,43
314,17,21
314,18,20
314,19,19
314,20,49
314,21,6
314,22,5
314,23,4
314,24,3
314,25,71
314,26,72
314,27,73
314,28,74
314,29,2
315,1,39
315,2,70
315,3,33
315,4,34
315,5,35
315,6,38
315,7,27
315,8,68
315,9,67
315,10,22
315,11,66
315,12,26
315,13,65
315,14,64
315,15,63
315,16,62
315,17,61
315,18,60
315,19,59
315,20,58
315,21,57
315,22,56
315,23,55
315,24,25
316,1,39
316,2,70
316,3,33
316,4,32
316,5,29
317,1,39
317,2,70
317,3,33
317,4,32
317,5,31
318,1,39
318,2,70
318,3,33
319,1,39
319,2,70
319,3,33
319,4,34
319,5,35
320,1,39
320,2,70
320,3,33
320,4,34
320,5,36
320,6,37
321,1,39
321,2,70
321,3,33
321,4,34
321,5,35
321,6,38
321,7,27
321,8,68
321,9,67
321,10,22
321,11,48
321,12,47
321,13,46
321,14,45
321,15,44
321,16,43
321,17,21
321,18,20
321,19,19
321,20,49
321,21,6
321,22,5
322,1,39
322,2,70
322,3,33
322,4,34
322,5,35
322,6,38
322,7,27
322,8,68
322,9,67
322,10,22
322,11,48
322,12,47
322,13,46
322,14,45
322,15,44
322,16,43
322,17,21
322,18,20
322,19,19
322,20,49
322,21,6
323,1,39
323,2,70
323,3,33
323,4,34
323,5,35
323,6,38
323,7,27
323,8,68
323,9,67
323,10,22
323,11,48
323,12,47
323,13,46
323,14,45
323,15,44
323,16,43
323,17,21
323,18,20
323,19,19
323,20,49
323,21,6
323,22,7
324,1,5
324,2,4
324,3,3
324,4,71
324,5,72
324,6,73
324,7,74
324,8,2
324,9,75
324,10,76
324,11,1
325,1,5
325,2,4
325,3,10
325,4,11
325,5,40
325,6,12
326,1,5
326,2,4
326,3,10
326,4,11
326,5,40
326,6,12
326,7,13
327,1,5
327,2,4
327,3,10
327,4,11
327,5,40
327,6,12
327,7,13
327,8,14
328,1,5
328,2,4
328,3,10
328,4,11
328,5,40
328,6,12
328,7,13
328,8,14
328,9,15
329,1,5
329,2,4
329,3,10
329,4,11
329,5,40
329,6,12
329,7,13
329,8,14
329,9,15
329,10,16
330,1,5
330,2,4
330,3,10
330,4,11
330,5,40
330,6,12
330,7,13
330,8,18
330,9,17
331,1,5
331,2,4
331,3,10
331,4,11
331,5,40
331,6,12
331,7,13
331,8,18
332,1,5
332,2,6
332,3,49
332,4,19
333,1,5
333,2,4
333,3,3
333,4,71
333,5,72
333,6,73
333,7,74
333,8,2
334,1,5
334,2,6
334,3,49
334,4,19
334,5,50
334,6,23
334,7,51
334,8,24
334,9,52
334,10,53
334,11,54
334,12,25
335,1,5
335,2,6
335,3,49
335,4,19
335,5,20
335,6,21
335,7,43
335,8,44
335,9,45
335,10,46
335,11,47
335,12,48
335,13,22
335,14,67
335,15,68
335,16,27
335,17,28
335,18,29
336,1,5
336,2,6
336,3,49
336,4,19
336,5,20
336,6,21
336,7,43
336,8,44
336,9,45
336,10,46
336,11,47
336,12,48
336,13,22
336,14,67
336,15,68
336,16,27
336,17,38
336,18,35
336,19,34
336,20,32
336,21,31
337,1,5
337,2,6
337,3,49
337,4,19
337,5,20
337,6,21
337,7,43
337,8,44
337,9,45
337,10,46
337,11,47
337,12,48
337,13,22
337,14,67
337,15,68
337,16,27
337,17,38
337,18,35
337,19,34
337,20,33
338,1,5
338,2,6
338,3,49
338,4,19
338,5,20
338,6,21
338,7,43
338,8,44
338,9,45
338,10,46
338,11,47
338,12,48
338,13,22
338,14,67
338,15,68
338,16,27
338,17,38
338,18,35
339,1,5
339,2,6
339,3,49
339,4,19
339,5,20
339,6,21
339,7,43
339,8,44
339,9,45
339,10,46
339,11,47
339,12,48
339,13,22
339,14,67
339,15,68
339,16,27
339,17,38
339,18,35
339,19,34
339,20,36
339,21,37
340,1,5
340,2,6
340,3,49
340,4,19
340,5,20
340,6,21
340,7,43
340,8,44
340,9,45
340,10,46
340,11,47
340,12,48
340,13,22
340,14,67
340,15,68
340,16,27
340,17,38
340,18,35
340,19,34
340,20,33
340,21,70
340,22,39
341,1,5
341,2,6
342,1,5
342,2,6
342,3,7
343,1,6
343,2,5
343,3,4
343,4,3
343,5,71
343,6,72
343,7,73
343,8,74
343,9,2
343,10,75
343,11,76
343,12,1
344,1,6
344,2,10
344,3,11
344,4,40
344,5,12
345,1,6
345,2,10
345,3,11
345,4,40
345,5,12
345,6,13
346,1,6
346,2,10
346,3,11
346,4,40
346,5,12
346,6,13
346,7,14
347,1,6
347,2,10
347,3,11
347,4,40
347,5,12
347,6,13
347,7,14
347,8,15
348,1,6
348,2,10
348,3,11
348,4,40
348,5,12
348,6,13
348,7,14
348,8,15
348,9,16
349,1,6
349,2,10
349,3,11
349,4,40
349,5,12
349,6,13
349,7,18
349,8,17
350,1,6
350,2,10
350,3,11
350,4,40
350,5,12
350,6,13
350,7,18
351,1,6
351,2,49
351,3,19
352,1,6
352,2,5
352,3,4
352,4,3
352,5,71
352,6,72
352,7,73
352,8,74
352,9,2
353,1,6
353,2,49
353,3,19
353,4,50
353,5,23
353,6,51
353,7,24
353,8,52
353,9,53
353,10,54
353,11,25
354,1,6
354,2,49
354,3,19
354,4,20
354,5,21
354,6,43
354,7,44
354,8,45
354,9,46
354,10,47
354,11,48
354,12,22
354,13,67
354,14,68
354,15,27
354,16,28
354,17,29
355,1,6
355,2,49
355,3,19
355,4,20
355,5,21
355,6,43
355,7,44
355,8,45
355,9,46
355,10,47
355,11,48
355,12,22
355,13,67
355,14,68
355,15,27
355,16,38
355,17,35
355,18,34
355,19,32
355,20,31
356,1,6
356,2,49
356,3,19
356,4,20
356,5,21
356,6,43
356,7,44
356,8,45
356,9,46
356,10,47
356,11,48
356,12,22
356,13,67
356,14,68
356,15,27
356,16,38
356,17,35
356,18,34
356,19,33
357,1,6
357,2,49
357,3,19
357,4,20
357,5,21
357,6,43
357,7,44
357,8,45
357,9,46
357,10,47
357,11,48
357,12,22
357,13,67
357,14,68
357,15,27
357,16,38
357,17,35
358,1,6
358,2,49
358,3,19
358,4,20
358,5,21
358,6,43
358,7,44
358,8,45
358,9,46
358,10,47
358,11,48
358,12,22
358,13,67
358,14,68
358,15,27
358,16,38
358,17,35
358,18,34
358,19,36
358,20,37
359,1,6
359,2,49
359,3,19
359,4,20
359,5,21
359,6,43
359,7,44
359,8,45
359,9,46
359,10,47
359,11,48
359,12,22
359,13,67
359,14,68
359,15,27
359,16,38
359,17,35
359,18,34
359,19,33
359,20,70
359,21,39
360,1,6
360,2,5
361,1,6
361,2,7
362,1,7
362,2,6
362,3,5
362,4,4
362,5,3
362,6,71
362,7,72
362,8,73
362,9,74
362,10,2
362,11,75
362,12,76
362,13,1
363,1,7
363,2,6
363,3,10
363,4,11
363,5,40
363,6,12
364,1,7
364,2,6
364,3,10
364,4,11
364,5,40
364,6,12
364,7,13
365,1,7
365,2,6
365,3,10
365,4,11
365,5,40
365,6,12
365,7,13
365,8,14
366,1,7
366,2,6
366,3,10
366,4,11
366,5,40
366,6,12
366,7,13
366,8,14
366,9,15
367,1,7
367,2,6
367,3,10
367,4,11
367,5,40
367,6,12
367,7,13
367,8,14
367,9,15
367,10,16
368,1,7
368,2,6
368,3,10
368,4,11
368,5,40
368,6,12
368,7,13
368,8,18
368,9,17
369,1,7
369,2,6
369,3,10
369,4,11
369,5,40
369,6,12
369,7,13
369,8,18
370,1,7
370,2,6
370,3,49
370,4,19
371,1,7
371,2,6
371,3,5
371,4,4
371,5,3
371,6,71
371,7,72
371,8,73
371,9,74
371,10,2
372,1,7
372,2,6
372,3,49
372,4,19
372,5,50
372,6,23
372,7,51
372,8,24
372,9,52
372,10,53
372,11,54
372,12,25
373,1,7
373,2,6
373,3,49
373,4,19
373,5,20
373,6,21
373,7,43
373,8,44
373,9,45
373,10,46
373,11,47
373,12,48
373,13,22
373,14,67
373,15,68
373,16,27
373,17,28
373,18,29
374,1,7
374,2,6
374,3,49
374,4,19
374,5,20
374,6,21
374,7,43
374,8,44
374,9,45
374,10,46
374,11,47
374,12,48
374,13,22
374,14,67
374,15,68
374,16,27
374,17,38
374,18,35
374,19,34
374,20,32
374,21,31
375,1,7
375,2,6
375,3,49
375,4,19
375,5,20
375,6,21
375,7,43
375,8,44
375,9,45
375,10,46
375,11,47
375,12,48
375,13,22
375,14,67
375,15,68
375,16,27
375,17,38
375,18,35
375,19,34
375,20,33
376,1,7
376,2,6
376,3,49
376,4,19
376,5,20
376,6,21
376,7,43
376,8,44
376,9,45
376,10,46
376,11,47
376,12,48
376,13,22
376,14,67
376,15,68
376,16,27
376,17,38
376,18,35
377,1,7
377,2,6
377,3,49
377,4,19
377,5,20
377,6,21
377,7,43
377,8,44
377,9,45
377,10,46
377,11,47
377,12,48
377,13,22
377,14,67
377,15,68
377,16,27
377,17,38
377,18,35
377,19,34
377,20,36
377,21,37
378,1,7
378,2,6
378,3,49
378,4,19
378,5,20
378,6,21
378,7,43
378,8,44
378,9,45
378,10,46
378,11,47
378,12,48
378,13,22
378,14,67
378,15,68
378,16,27
378,17,38
378,18,35
378,19,34
378,20,33
378,21,70
378,22,39
379,1,7
379,2,6
379,3,5
380,1,7
380,2,6
