trip_id,arc_seq,arc_id,from_node_id,to_node_id
1,1,1,1,76
1,2,2,76,75
1,3,3,75,2
1,4,4,2,74
1,5,5,74,73
1,6,6,73,72
1,7,7,72,71
1,8,8,71,3
1,9,10,3,11
1,10,17,11,40
1,11,18,40,12
2,1,1,1,76
2,2,2,76,75
2,3,3,75,2
2,4,4,2,74
2,5,5,74,73
2,6,6,73,72
2,7,7,72,71
2,8,8,71,3
2,9,10,3,11
2,10,17,11,40
2,11,18,40,12
2,12,19,12,13
3,1,1,1,76
3,2,2,76,75
3,3,3,75,2
3,4,4,2,74
3,5,5,74,73
3,6,6,73,72
3,7,7,72,71
3,8,8,71,3
3,9,10,3,11
3,10,17,11,40
3,11,18,40,12
3,12,19,12,13
3,13,20,13,14
4,1,1,1,76
4,2,2,76,75
4,3,3,75,2
4,4,4,2,74
4,5,5,74,73
4,6,6,73,72
4,7,7,72,71
4,8,8,71,3
4,9,10,3,11
4,10,17,11,40
4,11,18,40,12
4,12,19,12,13
4,13,20,13,14
4,14,21,14,15
5,1,1,1,76
5,2,2,76,75
5,3,3,75,2
5,4,4,2,74
5,5,5,74,73
5,6,6,73,72
5,7,7,72,71
5,8,8,71,3
5,9,10,3,11
5,10,17,11,40
5,11,18,40,12
5,12,19,12,13
5,13,20,13,14
5,14,21,14,15
5,15,22,15,16
6,1,1,1,76
6,2,2,76,75
6,3,3,75,2
6,4,4,2,74
6,5,5,74,73
6,6,6,73,72
6,7,7,72,71
6,8,8,71,3
6,9,10,3,11
6,10,17,11,40
6,11,18,40,12
6,12,19,12,13
6,13,25,13,18
6,14,26,18,17
7,1,1,1,76
7,2,2,76,75
7,3,3,75,2
7,4,4,2,74
7,5,5,74,73
7,6,6,73,72
7,7,7,72,71
7,8,8,71,3
7,9,10,3,11
7,10,17,11,40
7,11,18,40,12
7,12,19,12,13
7,13,25,13,18
8,1,1,1,76
8,2,2,76,75
8,3,3,75,2
8,4,4,2,74
8,5,5,74,73
8,6,6,73,72
8,7,7,72,71
8,8,8,71,3
8,9,9,3,4
8,10,12,4,5
8,11,13,5,6
8,12,29,6,49
8,13,30,49,19
9,1,1,1,76
9,2,2,76,75
9,3,3,75,2
10,1,1,1,76
10,2,2,76,75
10,3,3,75,2
10,4,4,2,74
10,5,5,74,73
10,6,6,73,72
10,7,7,72,71
10,8,8,71,3
10,9,9,3,4
10,10,12,4,5
10,11,13,5,6
10,12,29,6,49
10,13,30,49,19
10,14,43,19,50
10,15,44,50,23
10,16,45,23,51
10,17,46,51,24
10,18,81,24,52
10,19,47,52,53
10,20,48,53,54
10,21,49,54,25
11,1,1,1,76
11,2,2,76,75
11,3,3,75,2
11,4,4,2,74
11,5,5,74,73
11,6,6,73,72
11,7,7,72,71
11,8,8,71,3
11,9,9,3,4
11,10,12,4,5
11,11,13,5,6
11,12,29,6,49
11,13,30,49,19
11,14,31,19,20
11,15,32,20,21
11,16,33,21,43
11,17,34,43,44
11,18,35,44,45
11,19,36,45,46
11,20,37,46,47
11,21,38,47,48
11,22,39,48,22
11,23,64,22,67
11,24,65,67,68
11,25,66,68,27
11,26,67,27,28
11,27,68,28,29
12,1,1,1,76
12,2,2,76,75
12,3,3,75,2
12,4,4,2,74
12,5,5,74,73
12,6,6,73,72
12,7,7,72,71
12,8,8,71,3
12,9,9,3,4
12,10,12,4,5
12,11,13,5,6
12,12,29,6,49
12,13,30,49,19
12,14,31,19,20
12,15,32,20,21
12,16,33,21,43
12,17,34,43,44
12,18,35,44,45
12,19,36,45,46
12,20,37,46,47
12,21,38,47,48
12,22,39,48,22
12,23,64,22,67
12,24,65,67,68
12,25,66,68,27
12,26,70,27,38
12,27,71,38,35
12,28,72,35,34
12,29,74,34,32
12,30,75,32,31
13,1,1,1,76
13,2,2,76,75
13,3,3,75,2
13,4,4,2,74
13,5,5,74,73
13,6,6,73,72
13,7,7,72,71
13,8,8,71,3
13,9,9,3,4
13,10,12,4,5
13,11,13,5,6
13,12,29,6,49
13,13,30,49,19
13,14,31,19,20
13,15,32,20,21
13,16,33,21,43
13,17,34,43,44
13,18,35,44,45
13,19,36,45,46
13,20,37,46,47
13,21,38,47,48
13,22,39,48,22
13,23,64,22,67
13,24,65,67,68
13,25,66,68,27
13,26,70,27,38
13,27,71,38,35
13,28,72,35,34
13,29,73,34,33
14,1,1,1,76
14,2,2,76,75
14,3,3,75,2
14,4,4,2,74
14,5,5,74,73
14,6,6,73,72
14,7,7,72,71
14,8,8,71,3
14,9,9,3,4
14,10,12,4,5
14,11,13,5,6
14,12,29,6,49
14,13,30,49,19
14,14,31,19,20
14,15,32,20,21
14,16,33,21,43
14,17,34,43,44
14,18,35,44,45
14,19,36,45,46
14,20,37,46,47
14,21,38,47,48
14,22,39,48,22
14,23,64,22,67
14,24,65,67,68
14,25,66,68,27
14,26,70,27,38
14,27,71,38,35
15,1,1,1,76
15,2,2,76,75
15,3,3,75,2
15,4,4,2,74
15,5,5,74,73
15,6,6,73,72
15,7,7,72,71
15,8,8,71,3
15,9,9,3,4
15,10,12,4,5
15,11,13,5,6
15,12,29,6,49
15,13,30,49,19
15,14,31,19,20
15,15,32,20,21
15,16,33,21,43
15,17,34,43,44
15,18,35,44,45
15,19,36,45,46
15,20,37,46,47
15,21,38,47,48
15,22,39,48,22
15,23,64,22,67
15,24,65,67,68
15,25,66,68,27
15,26,70,27,38
15,27,71,38,35
15,28,72,35,34
15,29,82,34,36
15,30,77,36,37
16,1,1,1,76
16,2,2,76,75
16,3,3,75,2
16,4,4,2,74
16,5,5,74,73
16,6,6,73,72
16,7,7,72,71
16,8,8,71,3
16,9,9,3,4
16,10,12,4,5
16,11,13,5,6
16,12,29,6,49
16,13,30,49,19
16,14,31,19,20
16,15,32,20,21
16,16,33,21,43
16,17,34,43,44
16,18,35,44,45
16,19,36,45,46
16,20,37,46,47
16,21,38,47,48
16,22,39,48,22
16,23,64,22,67
16,24,65,67,68
16,25,66,68,27
16,26,70,27,38
16,27,71,38,35
16,28,72,35,34
16,29,73,34,33
16,30,79,33,70
16,31,80,70,39
17,1,1,1,76
17,2,2,76,75
17,3,3,75,2
17,4,4,2,74
17,5,5,74,73
17,6,6,73,72
17,7,7,72,71
17,8,8,71,3
17,9,9,3,4
17,10,12,4,5
18,1,1,1,76
18,2,2,76,75
18,3,3,75,2
18,4,4,2,74
18,5,5,74,73
18,6,6,73,72
18,7,7,72,71
18,8,8,71,3
18,9,9,3,4
18,10,12,4,5
18,11,13,5,6
19,1,1,1,76
19,2,2,76,75
19,3,3,75,2
19,4,4,2,74
19,5,5,74,73
19,6,6,73,72
19,7,7,72,71
19,8,8,71,3
19,9,9,3,4
19,10,12,4,5
19,11,13,5,6
19,12,14,6,7
20,1,18,12,40
20,2,17,40,11
20,3,10,11,3
20,4,8,3,71
20,5,7,71,72
20,6,6,72,73
20,7,5,73,74
20,8,4,74,2
20,9,3,2,75
20,10,2,75,76
20,11,1,76,1
21,1,19,12,13
22,1,19,12,13
22,2,20,13,14
23,1,19,12,13
23,2,20,13,14
23,3,21,14,15
24,1,19,12,13
24,2,20,13,14
24,3,21,14,15
24,4,22,15,16
25,1,19,12,13
25,2,25,13,18
25,3,26,18,17
26,1,19,12,13
26,2,25,13,18
27,1,19,12,13
27,2,25,13,18
27,3,86,18,20
27,4,31,20,19
28,1,18,12,40
28,2,17,40,11
28,3,10,11,3
28,4,8,3,71
28,5,7,71,72
28,6,6,72,73
28,7,5,73,74
28,8,4,74,2
29,1,19,12,13
29,2,25,13,18
29,3,86,18,20
29,4,31,20,19
29,5,43,19,50
29,6,44,50,23
29,7,45,23,51
29,8,46,51,24
29,9,81,24,52
29,10,47,52,53
29,11,48,53,54
29,12,49,54,25
30,1,19,12,13
30,2,25,13,18
30,3,26,18,17
30,4,27,17,42
30,5,28,42,21
30,6,33,21,43
30,7,34,43,44
30,8,35,44,45
30,9,36,45,46
30,10,37,46,47
30,11,38,47,48
30,12,39,48,22
30,13,64,22,67
30,14,65,67,68
30,15,66,68,27
30,16,67,27,28
30,17,68,28,29
31,1,19,12,13
31,2,25,13,18
31,3,26,18,17
31,4,27,17,42
31,5,28,42,21
31,6,33,21,43
31,7,34,43,44
31,8,35,44,45
31,9,36,45,46
31,10,37,46,47
31,11,38,47,48
31,12,39,48,22
31,13,64,22,67
31,14,65,67,68
31,15,66,68,27
31,16,70,27,38
31,17,71,38,35
31,18,72,35,34
31,19,74,34,32
31,20,75,32,31
32,1,19,12,13
32,2,25,13,18
32,3,26,18,17
32,4,27,17,42
32,5,28,42,21
32,6,33,21,43
32,7,34,43,44
32,8,35,44,45
32,9,36,45,46
32,10,37,46,47
32,11,38,47,48
32,12,39,48,22
32,13,64,22,67
32,14,65,67,68
32,15,66,68,27
32,16,70,27,38
32,17,71,38,35
32,18,72,35,34
32,19,73,34,33
33,1,19,12,13
33,2,25,13,18
33,3,26,18,17
33,4,27,17,42
33,5,28,42,21
33,6,33,21,43
33,7,34,43,44
33,8,35,44,45
33,9,36,45,46
33,10,37,46,47
33,11,38,47,48
33,12,39,48,22
33,13,64,22,67
33,14,65,67,68
33,15,66,68,27
33,16,70,27,38
33,17,71,38,35
34,1,19,12,13
34,2,25,13,18
34,3,26,18,17
34,4,27,17,42
34,5,28,42,21
34,6,33,21,43
34,7,34,43,44
34,8,35,44,45
34,9,36,45,46
34,10,37,46,47
34,11,38,47,48
34,12,39,48,22
34,13,64,22,67
34,14,65,67,68
34,15,66,68,27
34,16,70,27,38
34,17,71,38,35
34,18,72,35,34
34,19,82,34,36
34,20,77,36,37
35,1,19,12,13
35,2,25,13,18
35,3,26,18,17
35,4,27,17,42
35,5,28,42,21
35,6,33,21,43
35,7,34,43,44
35,8,35,44,45
35,9,36,45,46
35,10,37,46,47
35,11,38,47,48
35,12,39,48,22
35,13,64,22,67
35,14,65,67,68
35,15,66,68,27
35,16,70,27,38
35,17,71,38,35
35,18,72,35,34
35,19,73,34,33
35,20,79,33,70
35,21,80,70,39
36,1,18,12,40
36,2,17,40,11
36,3,16,11,10
36,4,11,10,4
36,5,12,4,5
37,1,18,12,40
37,2,17,40,11
37,3,16,11,10
37,4,15,10,6
38,1,18,12,40
38,2,17,40,11
38,3,16,11,10
38,4,15,10,6
38,5,14,6,7
39,1,19,13,12
39,2,18,12,40
39,3,17,40,11
39,4,10,11,3
39,5,8,3,71
39,6,7,71,72
39,7,6,72,73
39,8,5,73,74
39,9,4,74,2
39,10,3,2,75
39,11,2,75,76
39,12,1,76,1
40,1,19,13,12
41,1,20,13,14
42,1,20,13,14
42,2,21,14,15
43,1,20,13,14
43,2,21,14,15
43,3,22,15,16
44,1,25,13,18
44,2,26,18,17
45,1,25,13,18
46,1,25,13,18
46,2,86,18,20
46,3,31,20,19
47,1,19,13,12
47,2,18,12,40
47,3,17,40,11
47,4,10,11,3
47,5,8,3,71
47,6,7,71,72
47,7,6,72,73
47,8,5,73,74
47,9,4,74,2
48,1,25,13,18
48,2,86,18,20
48,3,31,20,19
48,4,43,19,50
48,5,44,50,23
48,6,45,23,51
48,7,46,51,24
48,8,81,24,52
48,9,47,52,53
48,10,48,53,54
48,11,49,54,25
49,1,25,13,18
49,2,26,18,17
49,3,27,17,42
49,4,28,42,21
49,5,33,21,43
49,6,34,43,44
49,7,35,44,45
49,8,36,45,46
49,9,37,46,47
49,10,38,47,48
49,11,39,48,22
49,12,64,22,67
49,13,65,67,68
49,14,66,68,27
49,15,67,27,28
49,16,68,28,29
50,1,25,13,18
50,2,26,18,17
50,3,27,17,42
50,4,28,42,21
50,5,33,21,43
50,6,34,43,44
50,7,35,44,45
50,8,36,45,46
50,9,37,46,47
50,10,38,47,48
50,11,39,48,22
50,12,64,22,67
50,13,65,67,68
50,14,66,68,27
50,15,70,27,38
50,16,71,38,35
50,17,72,35,34
50,18,74,34,32
50,19,75,32,31
51,1,25,13,18
51,2,26,18,17
51,3,27,17,42
51,4,28,42,21
51,5,33,21,43
51,6,34,43,44
51,7,35,44,45
51,8,36,45,46
51,9,37,46,47
51,10,38,47,48
51,11,39,48,22
51,12,64,22,67
51,13,65,67,68
51,14,66,68,27
51,15,70,27,38
51,16,71,38,35
51,17,72,35,34
51,18,73,34,33
52,1,25,13,18
52,2,26,18,17
52,3,27,17,42
52,4,28,42,21
52,5,33,21,43
52,6,34,43,44
52,7,35,44,45
52,8,36,45,46
52,9,37,46,47
52,10,38,47,48
52,11,39,48,22
52,12,64,22,67
52,13,65,67,68
52,14,66,68,27
52,15,70,27,38
52,16,71,38,35
53,1,25,13,18
53,2,26,18,17
53,3,27,17,42
53,4,28,42,21
53,5,33,21,43
53,6,34,43,44
53,7,35,44,45
53,8,36,45,46
53,9,37,46,47
53,10,38,47,48
53,11,39,48,22
53,12,64,22,67
53,13,65,67,68
53,14,66,68,27
53,15,70,27,38
53,16,71,38,35
53,17,72,35,34
53,18,82,34,36
53,19,77,36,37
54,1,25,13,18
54,2,26,18,17
54,3,27,17,42
54,4,28,42,21
54,5,33,21,43
54,6,34,43,44
54,7,35,44,45
54,8,36,45,46
54,9,37,46,47
54,10,38,47,48
54,11,39,48,22
54,12,64,22,67
54,13,65,67,68
54,14,66,68,27
54,15,70,27,38
54,16,71,38,35
54,17,72,35,34
54,18,73,34,33
54,19,79,33,70
54,20,80,70,39
55,1,19,13,12
55,2,18,12,40
55,3,17,40,11
55,4,16,11,10
55,5,11,10,4
55,6,12,4,5
56,1,19,13,12
56,2,18,12,40
56,3,17,40,11
56,4,16,11,10
56,5,15,10,6
57,1,19,13,12
57,2,18,12,40
57,3,17,40,11
57,4,16,11,10
57,5,15,10,6
57,6,14,6,7
58,1,20,14,13
58,2,19,13,12
58,3,18,12,40
58,4,17,40,11
58,5,10,11,3
58,6,8,3,71
58,7,7,71,72
58,8,6,72,73
58,9,5,73,74
58,10,4,74,2
58,11,3,2,75
58,12,2,75,76
58,13,1,76,1
59,1,20,14,13
59,2,19,13,12
60,1,20,14,13
61,1,21,14,15
62,1,21,14,15
62,2,22,15,16
63,1,21,14,15
63,2,22,15,16
63,3,23,16,41
63,4,24,41,17
64,1,20,14,13
64,2,25,13,18
65,1,20,14,13
65,2,25,13,18
65,3,86,18,20
65,4,31,20,19
66,1,20,14,13
66,2,19,13,12
66,3,18,12,40
66,4,17,40,11
66,5,10,11,3
66,6,8,3,71
66,7,7,71,72
66,8,6,72,73
66,9,5,73,74
66,10,4,74,2
67,1,20,14,13
67,2,25,13,18
67,3,86,18,20
67,4,31,20,19
67,5,43,19,50
67,6,44,50,23
67,7,45,23,51
67,8,46,51,24
67,9,81,24,52
67,10,47,52,53
67,11,48,53,54
67,12,49,54,25
68,1,21,14,15
68,2,22,15,16
68,3,23,16,41
68,4,24,41,17
68,5,27,17,42
68,6,28,42,21
68,7,33,21,43
68,8,34,43,44
68,9,35,44,45
68,10,36,45,46
68,11,37,46,47
68,12,38,47,48
68,13,39,48,22
68,14,64,22,67
68,15,65,67,68
68,16,66,68,27
68,17,67,27,28
68,18,68,28,29
69,1,21,14,15
69,2,22,15,16
69,3,23,16,41
69,4,24,41,17
69,5,27,17,42
69,6,28,42,21
69,7,33,21,43
69,8,34,43,44
69,9,35,44,45
69,10,36,45,46
69,11,37,46,47
69,12,38,47,48
69,13,39,48,22
69,14,64,22,67
69,15,65,67,68
69,16,66,68,27
69,17,70,27,38
69,18,71,38,35
69,19,72,35,34
69,20,74,34,32
69,21,75,32,31
70,1,21,14,15
70,2,22,15,16
70,3,23,16,41
70,4,24,41,17
70,5,27,17,42
70,6,28,42,21
70,7,33,21,43
70,8,34,43,44
70,9,35,44,45
70,10,36,45,46
70,11,37,46,47
70,12,38,47,48
70,13,39,48,22
70,14,64,22,67
70,15,65,67,68
70,16,66,68,27
70,17,70,27,38
70,18,71,38,35
70,19,72,35,34
70,20,73,34,33
71,1,21,14,15
71,2,22,15,16
71,3,23,16,41
71,4,24,41,17
71,5,27,17,42
71,6,28,42,21
71,7,33,21,43
71,8,34,43,44
71,9,35,44,45
71,10,36,45,46
71,11,37,46,47
71,12,38,47,48
71,13,39,48,22
71,14,64,22,67
71,15,65,67,68
71,16,66,68,27
71,17,70,27,38
71,18,71,38,35
72,1,21,14,15
72,2,22,15,16
72,3,23,16,41
72,4,24,41,17
72,5,27,17,42
72,6,28,42,21
72,7,33,21,43
72,8,34,43,44
72,9,35,44,45
72,10,36,45,46
72,11,37,46,47
72,12,38,47,48
72,13,39,48,22
72,14,64,22,67
72,15,65,67,68
72,16,66,68,27
72,17,70,27,38
72,18,71,38,35
72,19,72,35,34
72,20,82,34,36
72,21,77,36,37
73,1,21,14,15
73,2,22,15,16
73,3,23,16,41
73,4,24,41,17
73,5,27,17,42
73,6,28,42,21
73,7,33,21,43
73,8,34,43,44
73,9,35,44,45
73,10,36,45,46
73,11,37,46,47
73,12,38,47,48
73,13,39,48,22
73,14,64,22,67
73,15,65,67,68
73,16,66,68,27
73,17,70,27,38
73,18,71,38,35
73,19,72,35,34
73,20,73,34,33
73,21,79,33,70
73,22,80,70,39
74,1,20,14,13
74,2,19,13,12
74,3,18,12,40
74,4,17,40,11
74,5,16,11,10
74,6,11,10,4
74,7,12,4,5
75,1,20,14,13
75,2,19,13,12
75,3,18,12,40
75,4,17,40,11
75,5,16,11,10
75,6,15,10,6
76,1,20,14,13
76,2,19,13,12
76,3,18,12,40
76,4,17,40,11
76,5,16,11,10
76,6,15,10,6
76,7,14,6,7
77,1,21,15,14
77,2,20,14,13
77,3,19,13,12
77,4,18,12,40
77,5,17,40,11
77,6,10,11,3
77,7,8,3,71
77,8,7,71,72
77,9,6,72,73
77,10,5,73,74
77,11,4,74,2
77,12,3,2,75
77,13,2,75,76
77,14,1,76,1
78,1,21,15,14
78,2,20,14,13
78,3,19,13,12
79,1,21,15,14
79,2,20,14,13
80,1,21,15,14
81,1,22,15,16
82,1,22,15,16
82,2,23,16,41
82,3,24,41,17
83,1,21,15,14
83,2,20,14,13
83,3,25,13,18
84,1,21,15,14
84,2,20,14,13
84,3,25,13,18
84,4,86,18,20
84,5,31,20,19
85,1,21,15,14
85,2,20,14,13
85,3,19,13,12
85,4,18,12,40
85,5,17,40,11
85,6,10,11,3
85,7,8,3,71
85,8,7,71,72
85,9,6,72,73
85,10,5,73,74
85,11,4,74,2
86,1,21,15,14
86,2,20,14,13
86,3,25,13,18
86,4,86,18,20
86,5,31,20,19
86,6,43,19,50
86,7,44,50,23
86,8,45,23,51
86,9,46,51,24
86,10,81,24,52
86,11,47,52,53
86,12,48,53,54
86,13,49,54,25
87,1,22,15,16
87,2,23,16,41
87,3,24,41,17
87,4,27,17,42
87,5,28,42,21
87,6,33,21,43
87,7,34,43,44
87,8,35,44,45
87,9,36,45,46
87,10,37,46,47
87,11,38,47,48
87,12,39,48,22
87,13,64,22,67
87,14,65,67,68
87,15,66,68,27
87,16,67,27,28
87,17,68,28,29
88,1,22,15,16
88,2,23,16,41
88,3,24,41,17
88,4,27,17,42
88,5,28,42,21
88,6,33,21,43
88,7,34,43,44
88,8,35,44,45
88,9,36,45,46
88,10,37,46,47
88,11,38,47,48
88,12,39,48,22
88,13,64,22,67
88,14,65,67,68
88,15,66,68,27
88,16,70,27,38
88,17,71,38,35
88,18,72,35,34
88,19,74,34,32
88,20,75,32,31
89,1,22,15,16
89,2,23,16,41
89,3,24,41,17
89,4,27,17,42
89,5,28,42,21
89,6,33,21,43
89,7,34,43,44
89,8,35,44,45
89,9,36,45,46
89,10,37,46,47
89,11,38,47,48
89,12,39,48,22
89,13,64,22,67
89,14,65,67,68
89,15,66,68,27
89,16,70,27,38
89,17,71,38,35
89,18,72,35,34
89,19,73,34,33
90,1,22,15,16
90,2,23,16,41
90,3,24,41,17
90,4,27,17,42
90,5,28,42,21
90,6,33,21,43
90,7,34,43,44
90,8,35,44,45
90,9,36,45,46
90,10,37,46,47
90,11,38,47,48
90,12,39,48,22
90,13,64,22,67
90,14,65,67,68
90,15,66,68,27
90,16,70,27,38
90,17,71,38,35
91,1,22,15,16
91,2,23,16,41
91,3,24,41,17
91,4,27,17,42
91,5,28,42,21
91,6,33,21,43
91,7,34,43,44
91,8,35,44,45
91,9,36,45,46
91,10,37,46,47
91,11,38,47,48
91,12,39,48,22
91,13,64,22,67
91,14,65,67,68
91,15,66,68,27
91,16,70,27,38
91,17,71,38,35
91,18,72,35,34
91,19,82,34,36
91,20,77,36,37
92,1,22,15,16
92,2,23,16,41
92,3,24,41,17
92,4,27,17,42
92,5,28,42,21
92,6,33,21,43
92,7,34,43,44
92,8,35,44,45
92,9,36,45,46
92,10,37,46,47
92,11,38,47,48
92,12,39,48,22
92,13,64,22,67
92,14,65,67,68
92,15,66,68,27
92,16,70,27,38
92,17,71,38,35
92,18,72,35,34
92,19,73,34,33
92,20,79,33,70
92,21,80,70,39
93,1,21,15,14
93,2,20,14,13
93,3,19,13,12
93,4,18,12,40
93,5,17,40,11
93,6,16,11,10
93,7,11,10,4
93,8,12,4,5
94,1,21,15,14
94,2,20,14,13
94,3,19,13,12
94,4,18,12,40
94,5,17,40,11
94,6,16,11,10
94,7,15,10,6
95,1,21,15,14
95,2,20,14,13
95,3,19,13,12
95,4,18,12,40
95,5,17,40,11
95,6,16,11,10
95,7,15,10,6
95,8,14,6,7
96,1,22,16,15
96,2,21,15,14
96,3,20,14,13
96,4,19,13,12
96,5,18,12,40
96,6,17,40,11
96,7,10,11,3
96,8,8,3,71
96,9,7,71,72
96,10,6,72,73
96,11,5,73,74
96,12,4,74,2
96,13,3,2,75
96,14,2,75,76
96,15,1,76,1
97,1,22,16,15
97,2,21,15,14
97,3,20,14,13
97,4,19,13,12
98,1,22,16,15
98,2,21,15,14
98,3,20,14,13
99,1,22,16,15
99,2,21,15,14
100,1,22,16,15
101,1,23,16,41
101,2,24,41,17
102,1,23,16,41
102,2,85,41,18
103,1,23,16,41
103,2,85,41,18
103,3,86,18,20
103,4,31,20,19
104,1,22,16,15
104,2,21,15,14
104,3,20,14,13
104,4,19,13,12
104,5,18,12,40
104,6,17,40,11
104,7,10,11,3
104,8,8,3,71
104,9,7,71,72
104,10,6,72,73
104,11,5,73,74
104,12,4,74,2
105,1,23,16,41
105,2,85,41,18
105,3,86,18,20
105,4,31,20,19
105,5,43,19,50
105,6,44,50,23
105,7,45,23,51
105,8,46,51,24
105,9,81,24,52
105,10,47,52,53
105,11,48,53,54
105,12,49,54,25
106,1,23,16,41
106,2,24,41,17
106,3,27,17,42
106,4,28,42,21
106,5,33,21,43
106,6,34,43,44
106,7,35,44,45
106,8,36,45,46
106,9,37,46,47
106,10,38,47,48
106,11,39,48,22
106,12,64,22,67
106,13,65,67,68
106,14,66,68,27
106,15,67,27,28
106,16,68,28,29
107,1,23,16,41
107,2,24,41,17
107,3,27,17,42
107,4,28,42,21
107,5,33,21,43
107,6,34,43,44
107,7,35,44,45
107,8,36,45,46
107,9,37,46,47
107,10,38,47,48
107,11,39,48,22
107,12,64,22,67
107,13,65,67,68
107,14,66,68,27
107,15,70,27,38
107,16,71,38,35
107,17,72,35,34
107,18,74,34,32
107,19,75,32,31
108,1,23,16,41
108,2,24,41,17
108,3,27,17,42
108,4,28,42,21
108,5,33,21,43
108,6,34,43,44
108,7,35,44,45
108,8,36,45,46
108,9,37,46,47
108,10,38,47,48
108,11,39,48,22
108,12,64,22,67
108,13,65,67,68
108,14,66,68,27
108,15,70,27,38
108,16,71,38,35
108,17,72,35,34
108,18,73,34,33
109,1,23,16,41
109,2,24,41,17
109,3,27,17,42
109,4,28,42,21
109,5,33,21,43
109,6,34,43,44
109,7,35,44,45
109,8,36,45,46
109,9,37,46,47
109,10,38,47,48
109,11,39,48,22
109,12,64,22,67
109,13,65,67,68
109,14,66,68,27
109,15,70,27,38
109,16,71,38,35
110,1,23,16,41
110,2,24,41,17
110,3,27,17,42
110,4,28,42,21
110,5,33,21,43
110,6,34,43,44
110,7,35,44,45
110,8,36,45,46
110,9,37,46,47
110,10,38,47,48
110,11,39,48,22
110,12,64,22,67
110,13,65,67,68
110,14,66,68,27
110,15,70,27,38
110,16,71,38,35
110,17,72,35,34
110,18,82,34,36
110,19,77,36,37
111,1,23,16,41
111,2,24,41,17
111,3,27,17,42
111,4,28,42,21
111,5,33,21,43
111,6,34,43,44
111,7,35,44,45
111,8,36,45,46
111,9,37,46,47
111,10,38,47,48
111,11,39,48,22
111,12,64,22,67
111,13,65,67,68
111,14,66,68,27
111,15,70,27,38
111,16,71,38,35
111,17,72,35,34
111,18,73,34,33
111,19,79,33,70
111,20,80,70,39
112,1,22,16,15
112,2,21,15,14
112,3,20,14,13
112,4,19,13,12
112,5,18,12,40
112,6,17,40,11
112,7,16,11,10
112,8,11,10,4
112,9,12,4,5
113,1,22,16,15
113,2,21,15,14
113,3,20,14,13
113,4,19,13,12
113,5,18,12,40
113,6,17,40,11
113,7,16,11,10
113,8,15,10,6
114,1,22,16,15
114,2,21,15,14
114,3,20,14,13
114,4,19,13,12
114,5,18,12,40
114,6,17,40,11
114,7,16,11,10
114,8,15,10,6
114,9,14,6,7
115,1,26,17,18
115,2,25,18,13
115,3,19,13,12
115,4,18,12,40
115,5,17,40,11
115,6,10,11,3
115,7,8,3,71
115,8,7,71,72
115,9,6,72,73
115,10,5,73,74
115,11,4,74,2
115,12,3,2,75
115,13,2,75,76
115,14,1,76,1
116,1,26,17,18
116,2,25,18,13
116,3,19,13,12
117,1,26,17,18
117,2,25,18,13
118,1,24,17,41
118,2,23,41,16
118,3,22,16,15
118,4,21,15,14
119,1,24,17,41
119,2,23,41,16
119,3,22,16,15
120,1,24,17,41
120,2,23,41,16
121,1,26,17,18
122,1,26,17,18
122,2,86,18,20
122,3,31,20,19
123,1,26,17,18
123,2,25,18,13
123,3,19,13,12
123,4,18,12,40
123,5,17,40,11
123,6,10,11,3
123,7,8,3,71
123,8,7,71,72
123,9,6,72,73
123,10,5,73,74
123,11,4,74,2
124,1,26,17,18
124,2,86,18,20
124,3,31,20,19
124,4,43,19,50
124,5,44,50,23
124,6,45,23,51
124,7,46,51,24
124,8,81,24,52
124,9,47,52,53
124,10,48,53,54
124,11,49,54,25
125,1,27,17,42
125,2,28,42,21
125,3,33,21,43
125,4,34,43,44
125,5,35,44,45
125,6,36,45,46
125,7,37,46,47
125,8,38,47,48
125,9,39,48,22
125,10,64,22,67
125,11,65,67,68
125,12,66,68,27
125,13,67,27,28
125,14,68,28,29
126,1,27,17,42
126,2,28,42,21
126,3,33,21,43
126,4,34,43,44
126,5,35,44,45
126,6,36,45,46
126,7,37,46,47
126,8,38,47,48
126,9,39,48,22
126,10,64,22,67
126,11,65,67,68
126,12,66,68,27
126,13,70,27,38
126,14,71,38,35
126,15,72,35,34
126,16,74,34,32
126,17,75,32,31
127,1,27,17,42
127,2,28,42,21
127,3,33,21,43
127,4,34,43,44
127,5,35,44,45
127,6,36,45,46
127,7,37,46,47
127,8,38,47,48
127,9,39,48,22
127,10,64,22,67
127,11,65,67,68
127,12,66,68,27
127,13,70,27,38
127,14,71,38,35
127,15,72,35,34
127,16,73,34,33
128,1,27,17,42
128,2,28,42,21
128,3,33,21,43
128,4,34,43,44
128,5,35,44,45
128,6,36,45,46
128,7,37,46,47
128,8,38,47,48
128,9,39,48,22
128,10,64,22,67
128,11,65,67,68
128,12,66,68,27
128,13,70,27,38
128,14,71,38,35
129,1,27,17,42
129,2,28,42,21
129,3,33,21,43
129,4,34,43,44
129,5,35,44,45
129,6,36,45,46
129,7,37,46,47
129,8,38,47,48
129,9,39,48,22
129,10,64,22,67
129,11,65,67,68
129,12,66,68,27
129,13,70,27,38
129,14,71,38,35
129,15,72,35,34
129,16,82,34,36
129,17,77,36,37
130,1,27,17,42
130,2,28,42,21
130,3,33,21,43
130,4,34,43,44
130,5,35,44,45
130,6,36,45,46
130,7,37,46,47
130,8,38,47,48
130,9,39,48,22
130,10,64,22,67
130,11,65,67,68
130,12,66,68,27
130,13,70,27,38
130,14,71,38,35
130,15,72,35,34
130,16,73,34,33
130,17,79,33,70
130,18,80,70,39
131,1,26,17,18
131,2,25,18,13
131,3,19,13,12
131,4,18,12,40
131,5,17,40,11
131,6,16,11,10
131,7,11,10,4
131,8,12,4,5
132,1,26,17,18
132,2,25,18,13
132,3,19,13,12
132,4,18,12,40
132,5,17,40,11
132,6,16,11,10
132,7,15,10,6
133,1,26,17,18
133,2,25,18,13
133,3,19,13,12
133,4,18,12,40
133,5,17,40,11
133,6,16,11,10
133,7,15,10,6
133,8,14,6,7
134,1,25,18,13
134,2,19,13,12
134,3,18,12,40
134,4,17,40,11
134,5,10,11,3
134,6,8,3,71
134,7,7,71,72
134,8,6,72,73
134,9,5,73,74
134,10,4,74,2
134,11,3,2,75
134,12,2,75,76
134,13,1,76,1
135,1,25,18,13
135,2,19,13,12
136,1,25,18,13
137,1,25,18,13
137,2,20,13,14
138,1,25,18,13
138,2,20,13,14
138,3,21,14,15
139,1,85,18,41
139,2,23,41,16
140,1,26,18,17
141,1,86,18,20
141,2,31,20,19
142,1,25,18,13
142,2,19,13,12
142,3,18,12,40
142,4,17,40,11
142,5,10,11,3
142,6,8,3,71
142,7,7,71,72
142,8,6,72,73
142,9,5,73,74
142,10,4,74,2
143,1,86,18,20
143,2,31,20,19
143,3,43,19,50
143,4,44,50,23
143,5,45,23,51
143,6,46,51,24
143,7,81,24,52
143,8,47,52,53
143,9,48,53,54
143,10,49,54,25
144,1,26,18,17
144,2,27,17,42
144,3,28,42,21
144,4,33,21,43
144,5,34,43,44
144,6,35,44,45
144,7,36,45,46
144,8,37,46,47
144,9,38,47,48
144,10,39,48,22
144,11,64,22,67
144,12,65,67,68
144,13,66,68,27
144,14,67,27,28
144,15,68,28,29
145,1,26,18,17
145,2,27,17,42
145,3,28,42,21
145,4,33,21,43
145,5,34,43,44
145,6,35,44,45
145,7,36,45,46
145,8,37,46,47
145,9,38,47,48
145,10,39,48,22
145,11,64,22,67
145,12,65,67,68
145,13,66,68,27
145,14,70,27,38
145,15,71,38,35
145,16,72,35,34
145,17,74,34,32
145,18,75,32,31
146,1,26,18,17
146,2,27,17,42
146,3,28,42,21
146,4,33,21,43
146,5,34,43,44
146,6,35,44,45
146,7,36,45,46
146,8,37,46,47
146,9,38,47,48
146,10,39,48,22
146,11,64,22,67
146,12,65,67,68
146,13,66,68,27
146,14,70,27,38
146,15,71,38,35
146,16,72,35,34
146,17,73,34,33
147,1,26,18,17
147,2,27,17,42
147,3,28,42,21
147,4,33,21,43
147,5,34,43,44
147,6,35,44,45
147,7,36,45,46
147,8,37,46,47
147,9,38,47,48
147,10,39,48,22
147,11,64,22,67
147,12,65,67,68
147,13,66,68,27
147,14,70,27,38
147,15,71,38,35
148,1,26,18,17
148,2,27,17,42
148,3,28,42,21
148,4,33,21,43
148,5,34,43,44
148,6,35,44,45
148,7,36,45,46
148,8,37,46,47
148,9,38,47,48
148,10,39,48,22
148,11,64,22,67
148,12,65,67,68
148,13,66,68,27
148,14,70,27,38
148,15,71,38,35
148,16,72,35,34
148,17,82,34,36
148,18,77,36,37
149,1,26,18,17
149,2,27,17,42
149,3,28,42,21
149,4,33,21,43
149,5,34,43,44
149,6,35,44,45
149,7,36,45,46
149,8,37,46,47
149,9,38,47,48
149,10,39,48,22
149,11,64,22,67
149,12,65,67,68
149,13,66,68,27
149,14,70,27,38
149,15,71,38,35
149,16,72,35,34
149,17,73,34,33
149,18,79,33,70
149,19,80,70,39
150,1,25,18,13
150,2,19,13,12
150,3,18,12,40
150,4,17,40,11
150,5,16,11,10
150,6,11,10,4
150,7,12,4,5
151,1,25,18,13
151,2,19,13,12
151,3,18,12,40
151,4,17,40,11
151,5,16,11,10
151,6,15,10,6
152,1,25,18,13
152,2,19,13,12
152,3,18,12,40
152,4,17,40,11
152,5,16,11,10
152,6,15,10,6
152,7,14,6,7
153,1,30,19,49
153,2,29,49,6
153,3,13,6,5
153,4,12,5,4
153,5,9,4,3
153,6,8,3,71
153,7,7,71,72
153,8,6,72,73
153,9,5,73,74
153,10,4,74,2
153,11,3,2,75
153,12,2,75,76
153,13,1,76,1
154,1,31,19,20
154,2,86,20,18
154,3,25,18,13
154,4,19,13,12
155,1,31,19,20
155,2,86,20,18
155,3,25,18,13
156,1,31,19,20
156,2,86,20,18
156,3,25,18,13
156,4,20,13,14
157,1,31,19,20
157,2,86,20,18
157,3,25,18,13
157,4,20,13,14
157,5,21,14,15
158,1,31,19,20
158,2,86,20,18
158,3,85,18,41
158,4,23,41,16
159,1,31,19,20
159,2,86,20,18
159,3,26,18,17
160,1,31,19,20
160,2,86,20,18
161,1,30,19,49
161,2,29,49,6
161,3,13,6,5
161,4,12,5,4
161,5,9,4,3
161,6,8,3,71
161,7,7,71,72
161,8,6,72,73
161,9,5,73,74
161,10,4,74,2
162,1,43,19,50
162,2,44,50,23
162,3,45,23,51
162,4,46,51,24
162,5,81,24,52
162,6,47,52,53
162,7,48,53,54
162,8,49,54,25
163,1,31,19,20
163,2,32,20,21
163,3,33,21,43
163,4,34,43,44
163,5,35,44,45
163,6,36,45,46
163,7,37,46,47
163,8,38,47,48
163,9,39,48,22
163,10,64,22,67
163,11,65,67,68
163,12,66,68,27
163,13,67,27,28
163,14,68,28,29
164,1,31,19,20
164,2,32,20,21
164,3,33,21,43
164,4,34,43,44
164,5,35,44,45
164,6,36,45,46
164,7,37,46,47
164,8,38,47,48
164,9,39,48,22
164,10,64,22,67
164,11,65,67,68
164,12,66,68,27
164,13,70,27,38
164,14,71,38,35
164,15,72,35,34
164,16,74,34,32
164,17,75,32,31
165,1,31,19,20
165,2,32,20,21
165,3,33,21,43
165,4,34,43,44
165,5,35,44,45
165,6,36,45,46
165,7,37,46,47
165,8,38,47,48
165,9,39,48,22
165,10,64,22,67
165,11,65,67,68
165,12,66,68,27
165,13,70,27,38
165,14,71,38,35
165,15,72,35,34
165,16,73,34,33
166,1,31,19,20
166,2,32,20,21
166,3,33,21,43
166,4,34,43,44
166,5,35,44,45
166,6,36,45,46
166,7,37,46,47
166,8,38,47,48
166,9,39,48,22
166,10,64,22,67
166,11,65,67,68
166,12,66,68,27
166,13,70,27,38
166,14,71,38,35
167,1,31,19,20
167,2,32,20,21
167,3,33,21,43
167,4,34,43,44
167,5,35,44,45
167,6,36,45,46
167,7,37,46,47
167,8,38,47,48
167,9,39,48,22
167,10,64,22,67
167,11,65,67,68
167,12,66,68,27
167,13,70,27,38
167,14,71,38,35
167,15,72,35,34
167,16,82,34,36
167,17,77,36,37
168,1,31,19,20
168,2,32,20,21
168,3,33,21,43
168,4,34,43,44
168,5,35,44,45
168,6,36,45,46
168,7,37,46,47
168,8,38,47,48
168,9,39,48,22
168,10,64,22,67
168,11,65,67,68
168,12,66,68,27
168,13,70,27,38
168,14,71,38,35
168,15,72,35,34
168,16,73,34,33
168,17,79,33,70
168,18,80,70,39
169,1,30,19,49
169,2,29,49,6
169,3,13,6,5
170,1,30,19,49
170,2,29,49,6
171,1,30,19,49
171,2,29,49,6
171,3,14,6,7
172,1,3,2,75
172,2,2,75,76
172,3,1,76,1
173,1,4,2,74
173,2,5,74,73
173,3,6,73,72
173,4,7,72,71
173,5,8,71,3
173,6,10,3,11
173,7,17,11,40
173,8,18,40,12
174,1,4,2,74
174,2,5,74,73
174,3,6,73,72
174,4,7,72,71
174,5,8,71,3
174,6,10,3,11
174,7,17,11,40
174,8,18,40,12
174,9,19,12,13
175,1,4,2,74
175,2,5,74,73
175,3,6,73,72
175,4,7,72,71
175,5,8,71,3
175,6,10,3,11
175,7,17,11,40
175,8,18,40,12
175,9,19,12,13
175,10,20,13,14
176,1,4,2,74
176,2,5,74,73
176,3,6,73,72
176,4,7,72,71
176,5,8,71,3
176,6,10,3,11
176,7,17,11,40
176,8,18,40,12
176,9,19,12,13
176,10,20,13,14
176,11,21,14,15
177,1,4,2,74
177,2,5,74,73
177,3,6,73,72
177,4,7,72,71
177,5,8,71,3
177,6,10,3,11
177,7,17,11,40
177,8,18,40,12
177,9,19,12,13
177,10,20,13,14
177,11,21,14,15
177,12,22,15,16
178,1,4,2,74
178,2,5,74,73
178,3,6,73,72
178,4,7,72,71
178,5,8,71,3
178,6,10,3,11
178,7,17,11,40
178,8,18,40,12
178,9,19,12,13
178,10,25,13,18
178,11,26,18,17
179,1,4,2,74
179,2,5,74,73
179,3,6,73,72
179,4,7,72,71
179,5,8,71,3
179,6,10,3,11
179,7,17,11,40
179,8,18,40,12
179,9,19,12,13
179,10,25,13,18
180,1,4,2,74
180,2,5,74,73
180,3,6,73,72
180,4,7,72,71
180,5,8,71,3
180,6,9,3,4
180,7,12,4,5
180,8,13,5,6
180,9,29,6,49
180,10,30,49,19
181,1,4,2,74
181,2,5,74,73
181,3,6,73,72
181,4,7,72,71
181,5,8,71,3
181,6,9,3,4
181,7,12,4,5
181,8,13,5,6
181,9,29,6,49
181,10,30,49,19
181,11,43,19,50
181,12,44,50,23
181,13,45,23,51
181,14,46,51,24
181,15,81,24,52
181,16,47,52,53
181,17,48,53,54
181,18,49,54,25
182,1,4,2,74
182,2,5,74,73
182,3,6,73,72
182,4,7,72,71
182,5,8,71,3
182,6,9,3,4
182,7,12,4,5
182,8,13,5,6
182,9,29,6,49
182,10,30,49,19
182,11,31,19,20
182,12,32,20,21
182,13,33,21,43
182,14,34,43,44
182,15,35,44,45
182,16,36,45,46
182,17,37,46,47
182,18,38,47,48
182,19,39,48,22
182,20,64,22,67
182,21,65,67,68
182,22,66,68,27
182,23,67,27,28
182,24,68,28,29
183,1,4,2,74
183,2,5,74,73
183,3,6,73,72
183,4,7,72,71
183,5,8,71,3
183,6,9,3,4
183,7,12,4,5
183,8,13,5,6
183,9,29,6,49
183,10,30,49,19
183,11,31,19,20
183,12,32,20,21
183,13,33,21,43
183,14,34,43,44
183,15,35,44,45
183,16,36,45,46
183,17,37,46,47
183,18,38,47,48
183,19,39,48,22
183,20,64,22,67
183,21,65,67,68
183,22,66,68,27
183,23,70,27,38
183,24,71,38,35
183,25,72,35,34
183,26,74,34,32
183,27,75,32,31
184,1,4,2,74
184,2,5,74,73
184,3,6,73,72
184,4,7,72,71
184,5,8,71,3
184,6,9,3,4
184,7,12,4,5
184,8,13,5,6
184,9,29,6,49
184,10,30,49,19
184,11,31,19,20
184,12,32,20,21
184,13,33,21,43
184,14,34,43,44
184,15,35,44,45
184,16,36,45,46
184,17,37,46,47
184,18,38,47,48
184,19,39,48,22
184,20,64,22,67
184,21,65,67,68
184,22,66,68,27
184,23,70,27,38
184,24,71,38,35
184,25,72,35,34
184,26,73,34,33
185,1,4,2,74
185,2,5,74,73
185,3,6,73,72
185,4,7,72,71
185,5,8,71,3
185,6,9,3,4
185,7,12,4,5
185,8,13,5,6
185,9,29,6,49
185,10,30,49,19
185,11,31,19,20
185,12,32,20,21
185,13,33,21,43
185,14,34,43,44
185,15,35,44,45
185,16,36,45,46
185,17,37,46,47
185,18,38,47,48
185,19,39,48,22
185,20,64,22,67
185,21,65,67,68
185,22,66,68,27
185,23,70,27,38
185,24,71,38,35
186,1,4,2,74
186,2,5,74,73
186,3,6,73,72
186,4,7,72,71
186,5,8,71,3
186,6,9,3,4
186,7,12,4,5
186,8,13,5,6
186,9,29,6,49
186,10,30,49,19
186,11,31,19,20
186,12,32,20,21
186,13,33,21,43
186,14,34,43,44
186,15,35,44,45
186,16,36,45,46
186,17,37,46,47
186,18,38,47,48
186,19,39,48,22
186,20,64,22,67
186,21,65,67,68
186,22,66,68,27
186,23,70,27,38
186,24,71,38,35
186,25,72,35,34
186,26,82,34,36
186,27,77,36,37
187,1,4,2,74
187,2,5,74,73
187,3,6,73,72
187,4,7,72,71
187,5,8,71,3
187,6,9,3,4
187,7,12,4,5
187,8,13,5,6
187,9,29,6,49
187,10,30,49,19
187,11,31,19,20
187,12,32,20,21
187,13,33,21,43
187,14,34,43,44
187,15,35,44,45
187,16,36,45,46
187,17,37,46,47
187,18,38,47,48
187,19,39,48,22
187,20,64,22,67
187,21,65,67,68
187,22,66,68,27
187,23,70,27,38
187,24,71,38,35
187,25,72,35,34
187,26,73,34,33
187,27,79,33,70
187,28,80,70,39
188,1,4,2,74
188,2,5,74,73
188,3,6,73,72
188,4,7,72,71
188,5,8,71,3
188,6,9,3,4
188,7,12,4,5
189,1,4,2,74
189,2,5,74,73
189,3,6,73,72
189,4,7,72,71
189,5,8,71,3
189,6,9,3,4
189,7,12,4,5
189,8,13,5,6
190,1,4,2,74
190,2,5,74,73
190,3,6,73,72
190,4,7,72,71
190,5,8,71,3
190,6,9,3,4
190,7,12,4,5
190,8,13,5,6
190,9,14,6,7
191,1,49,25,54
191,2,48,54,53
191,3,47,53,52
191,4,81,52,24
191,5,46,24,51
191,6,45,51,23
191,7,44,23,50
191,8,43,50,19
191,9,30,19,49
191,10,29,49,6
191,11,13,6,5
191,12,12,5,4
191,13,9,4,3
191,14,8,3,71
191,15,7,71,72
191,16,6,72,73
191,17,5,73,74
191,18,4,74,2
191,19,3,2,75
191,20,2,75,76
191,21,1,76,1
192,1,49,25,54
192,2,48,54,53
192,3,47,53,52
192,4,81,52,24
192,5,46,24,51
192,6,45,51,23
192,7,44,23,50
192,8,43,50,19
192,9,31,19,20
192,10,86,20,18
192,11,25,18,13
192,12,19,13,12
193,1,49,25,54
193,2,48,54,53
193,3,47,53,52
193,4,81,52,24
193,5,46,24,51
193,6,45,51,23
193,7,44,23,50
193,8,43,50,19
193,9,31,19,20
193,10,86,20,18
193,11,25,18,13
194,1,49,25,54
194,2,48,54,53
194,3,47,53,52
194,4,81,52,24
194,5,46,24,51
194,6,45,51,23
194,7,44,23,50
194,8,43,50,19
194,9,31,19,20
194,10,86,20,18
194,11,25,18,13
194,12,20,13,14
195,1,49,25,54
195,2,48,54,53
195,3,47,53,52
195,4,81,52,24
195,5,46,24,51
195,6,45,51,23
195,7,44,23,50
195,8,43,50,19
195,9,31,19,20
195,10,86,20,18
195,11,25,18,13
195,12,20,13,14
195,13,21,14,15
196,1,49,25,54
196,2,48,54,53
196,3,47,53,52
196,4,81,52,24
196,5,46,24,51
196,6,45,51,23
196,7,44,23,50
196,8,43,50,19
196,9,31,19,20
196,10,86,20,18
196,11,85,18,41
196,12,23,41,16
197,1,49,25,54
197,2,48,54,53
197,3,47,53,52
197,4,81,52,24
197,5,46,24,51
197,6,45,51,23
197,7,44,23,50
197,8,43,50,19
197,9,31,19,20
197,10,86,20,18
197,11,26,18,17
198,1,49,25,54
198,2,48,54,53
198,3,47,53,52
198,4,81,52,24
198,5,46,24,51
198,6,45,51,23
198,7,44,23,50
198,8,43,50,19
198,9,31,19,20
198,10,86,20,18
199,1,49,25,54
199,2,48,54,53
199,3,47,53,52
199,4,81,52,24
199,5,46,24,51
199,6,45,51,23
199,7,44,23,50
199,8,43,50,19
200,1,49,25,54
200,2,48,54,53
200,3,47,53,52
200,4,81,52,24
200,5,46,24,51
200,6,45,51,23
200,7,44,23,50
200,8,43,50,19
200,9,30,19,49
200,10,29,49,6
200,11,13,6,5
200,12,12,5,4
200,13,9,4,3
200,14,8,3,71
200,15,7,71,72
200,16,6,72,73
200,17,5,73,74
200,18,4,74,2
201,1,50,25,55
201,2,51,55,56
201,3,52,56,57
201,4,53,57,58
201,5,54,58,59
201,6,55,59,60
201,7,56,60,61
201,8,57,61,62
201,9,58,62,63
201,10,59,63,64
201,11,60,64,65
201,12,61,65,26
201,13,62,26,66
201,14,63,66,22
201,15,64,22,67
201,16,65,67,68
201,17,66,68,27
201,18,67,27,28
201,19,68,28,29
202,1,50,25,55
202,2,51,55,56
202,3,52,56,57
202,4,53,57,58
202,5,54,58,59
202,6,55,59,60
202,7,56,60,61
202,8,57,61,62
202,9,58,62,63
202,10,59,63,64
202,11,60,64,65
202,12,61,65,26
202,13,62,26,66
202,14,63,66,22
202,15,64,22,67
202,16,65,67,68
202,17,66,68,27
202,18,70,27,38
202,19,71,38,35
202,20,72,35,34
202,21,74,34,32
202,22,75,32,31
203,1,50,25,55
203,2,51,55,56
203,3,52,56,57
203,4,53,57,58
203,5,54,58,59
203,6,55,59,60
203,7,56,60,61
203,8,57,61,62
203,9,58,62,63
203,10,59,63,64
203,11,60,64,65
203,12,61,65,26
203,13,62,26,66
203,14,63,66,22
203,15,64,22,67
203,16,65,67,68
203,17,66,68,27
203,18,70,27,38
203,19,71,38,35
203,20,72,35,34
203,21,73,34,33
204,1,50,25,55
204,2,51,55,56
204,3,52,56,57
204,4,53,57,58
204,5,54,58,59
204,6,55,59,60
204,7,56,60,61
204,8,57,61,62
204,9,58,62,63
204,10,59,63,64
204,11,60,64,65
204,12,61,65,26
204,13,62,26,66
204,14,63,66,22
204,15,64,22,67
204,16,65,67,68
204,17,66,68,27
204,18,70,27,38
204,19,71,38,35
205,1,50,25,55
205,2,51,55,56
205,3,52,56,57
205,4,53,57,58
205,5,54,58,59
205,6,55,59,60
205,7,56,60,61
205,8,57,61,62
205,9,58,62,63
205,10,59,63,64
205,11,60,64,65
205,12,61,65,26
205,13,62,26,66
205,14,63,66,22
205,15,64,22,67
205,16,65,67,68
205,17,66,68,27
205,18,70,27,38
205,19,71,38,35
205,20,72,35,34
205,21,82,34,36
205,22,77,36,37
206,1,50,25,55
206,2,51,55,56
206,3,52,56,57
206,4,53,57,58
206,5,54,58,59
206,6,55,59,60
206,7,56,60,61
206,8,57,61,62
206,9,58,62,63
206,10,59,63,64
206,11,60,64,65
206,12,61,65,26
206,13,62,26,66
206,14,63,66,22
206,15,64,22,67
206,16,65,67,68
206,17,66,68,27
206,18,70,27,38
206,19,71,38,35
206,20,72,35,34
206,21,73,34,33
206,22,79,33,70
206,23,80,70,39
207,1,49,25,54
207,2,48,54,53
207,3,47,53,52
207,4,81,52,24
207,5,46,24,51
207,6,45,51,23
207,7,44,23,50
207,8,43,50,19
207,9,30,19,49
207,10,29,49,6
207,11,13,6,5
208,1,49,25,54
208,2,48,54,53
208,3,47,53,52
208,4,81,52,24
208,5,46,24,51
208,6,45,51,23
208,7,44,23,50
208,8,43,50,19
208,9,30,19,49
208,10,29,49,6
209,1,49,25,54
209,2,48,54,53
209,3,47,53,52
209,4,81,52,24
209,5,46,24,51
209,6,45,51,23
209,7,44,23,50
209,8,43,50,19
209,9,30,19,49
209,10,29,49,6
209,11,14,6,7
210,1,68,29,28
210,2,67,28,27
210,3,66,27,68
210,4,65,68,67
210,5,64,67,22
210,6,39,22,48
210,7,38,48,47
210,8,37,47,46
210,9,36,46,45
210,10,35,45,44
210,11,34,44,43
210,12,33,43,21
210,13,32,21,20
210,14,31,20,19
210,15,30,19,49
210,16,29,49,6
210,17,13,6,5
210,18,12,5,4
210,19,9,4,3
210,20,8,3,71
210,21,7,71,72
210,22,6,72,73
210,23,5,73,74
210,24,4,74,2
210,25,3,2,75
210,26,2,75,76
210,27,1,76,1
211,1,68,29,28
211,2,67,28,27
211,3,66,27,68
211,4,65,68,67
211,5,64,67,22
211,6,39,22,48
211,7,38,48,47
211,8,37,47,46
211,9,36,46,45
211,10,35,45,44
211,11,34,44,43
211,12,33,43,21
211,13,28,21,42
211,14,27,42,17
211,15,26,17,18
211,16,25,18,13
211,17,19,13,12
212,1,68,29,28
212,2,67,28,27
212,3,66,27,68
212,4,65,68,67
212,5,64,67,22
212,6,39,22,48
212,7,38,48,47
212,8,37,47,46
212,9,36,46,45
212,10,35,45,44
212,11,34,44,43
212,12,33,43,21
212,13,28,21,42
212,14,27,42,17
212,15,26,17,18
212,16,25,18,13
213,1,68,29,28
213,2,67,28,27
213,3,66,27,68
213,4,65,68,67
213,5,64,67,22
213,6,39,22,48
213,7,38,48,47
213,8,37,47,46
213,9,36,46,45
213,10,35,45,44
213,11,34,44,43
213,12,33,43,21
213,13,28,21,42
213,14,27,42,17
213,15,24,17,41
213,16,23,41,16
213,17,22,16,15
213,18,21,15,14
214,1,68,29,28
214,2,67,28,27
214,3,66,27,68
214,4,65,68,67
214,5,64,67,22
214,6,39,22,48
214,7,38,48,47
214,8,37,47,46
214,9,36,46,45
214,10,35,45,44
214,11,34,44,43
214,12,33,43,21
214,13,28,21,42
214,14,27,42,17
214,15,24,17,41
214,16,23,41,16
214,17,22,16,15
215,1,68,29,28
215,2,67,28,27
215,3,66,27,68
215,4,65,68,67
215,5,64,67,22
215,6,39,22,48
215,7,38,48,47
215,8,37,47,46
215,9,36,46,45
215,10,35,45,44
215,11,34,44,43
215,12,33,43,21
215,13,28,21,42
215,14,27,42,17
215,15,24,17,41
215,16,23,41,16
216,1,68,29,28
216,2,67,28,27
216,3,66,27,68
216,4,65,68,67
216,5,64,67,22
216,6,39,22,48
216,7,38,48,47
216,8,37,47,46
216,9,36,46,45
216,10,35,45,44
216,11,34,44,43
216,12,33,43,21
216,13,28,21,42
216,14,27,42,17
217,1,68,29,28
217,2,67,28,27
217,3,66,27,68
217,4,65,68,67
217,5,64,67,22
217,6,39,22,48
217,7,38,48,47
217,8,37,47,46
217,9,36,46,45
217,10,35,45,44
217,11,34,44,43
217,12,33,43,21
217,13,28,21,42
217,14,27,42,17
217,15,26,17,18
218,1,68,29,28
218,2,67,28,27
218,3,66,27,68
218,4,65,68,67
218,5,64,67,22
218,6,39,22,48
218,7,38,48,47
218,8,37,47,46
218,9,36,46,45
218,10,35,45,44
218,11,34,44,43
218,12,33,43,21
218,13,32,21,20
218,14,31,20,19
219,1,68,29,28
219,2,67,28,27
219,3,66,27,68
219,4,65,68,67
219,5,64,67,22
219,6,39,22,48
219,7,38,48,47
219,8,37,47,46
219,9,36,46,45
219,10,35,45,44
219,11,34,44,43
219,12,33,43,21
219,13,32,21,20
219,14,31,20,19
219,15,30,19,49
219,16,29,49,6
219,17,13,6,5
219,18,12,5,4
219,19,9,4,3
219,20,8,3,71
219,21,7,71,72
219,22,6,72,73
219,23,5,73,74
219,24,4,74,2
220,1,68,29,28
220,2,67,28,27
220,3,66,27,68
220,4,65,68,67
220,5,64,67,22
220,6,63,22,66
220,7,62,66,26
220,8,61,26,65
220,9,60,65,64
220,10,59,64,63
220,11,58,63,62
220,12,57,62,61
220,13,56,61,60
220,14,55,60,59
220,15,54,59,58
220,16,53,58,57
220,17,52,57,56
220,18,51,56,55
220,19,50,55,25
221,1,69,29,32
221,2,75,32,31
222,1,69,29,32
222,2,83,32,33
223,1,68,29,28
223,2,84,28,35
224,1,68,29,28
224,2,84,28,35
224,3,72,35,34
224,4,82,34,36
224,5,77,36,37
225,1,69,29,32
225,2,83,32,33
225,3,79,33,70
225,4,80,70,39
226,1,68,29,28
226,2,67,28,27
226,3,66,27,68
226,4,65,68,67
226,5,64,67,22
226,6,39,22,48
226,7,38,48,47
226,8,37,47,46
226,9,36,46,45
226,10,35,45,44
226,11,34,44,43
226,12,33,43,21
226,13,32,21,20
226,14,31,20,19
226,15,30,19,49
226,16,29,49,6
226,17,13,6,5
227,1,68,29,28
227,2,67,28,27
227,3,66,27,68
227,4,65,68,67
227,5,64,67,22
227,6,39,22,48
227,7,38,48,47
227,8,37,47,46
227,9,36,46,45
227,10,35,45,44
227,11,34,44,43
227,12,33,43,21
227,13,32,21,20
227,14,31,20,19
227,15,30,19,49
227,16,29,49,6
228,1,68,29,28
228,2,67,28,27
228,3,66,27,68
228,4,65,68,67
228,5,64,67,22
228,6,39,22,48
228,7,38,48,47
228,8,37,47,46
228,9,36,46,45
228,10,35,45,44
228,11,34,44,43
228,12,33,43,21
228,13,32,21,20
228,14,31,20,19
228,15,30,19,49
228,16,29,49,6
228,17,14,6,7
229,1,75,31,32
229,2,74,32,34
229,3,72,34,35
229,4,71,35,38
229,5,70,38,27
229,6,66,27,68
229,7,65,68,67
229,8,64,67,22
229,9,39,22,48
229,10,38,48,47
229,11,37,47,46
229,12,36,46,45
229,13,35,45,44
229,14,34,44,43
229,15,33,43,21
229,16,32,21,20
229,17,31,20,19
229,18,30,19,49
229,19,29,49,6
229,20,13,6,5
229,21,12,5,4
229,22,9,4,3
229,23,8,3,71
229,24,7,71,72
229,25,6,72,73
229,26,5,73,74
229,27,4,74,2
229,28,3,2,75
229,29,2,75,76
229,30,1,76,1
230,1,75,31,32
230,2,74,32,34
230,3,72,34,35
230,4,71,35,38
230,5,70,38,27
230,6,66,27,68
230,7,65,68,67
230,8,64,67,22
230,9,39,22,48
230,10,38,48,47
230,11,37,47,46
230,12,36,46,45
230,13,35,45,44
230,14,34,44,43
230,15,33,43,21
230,16,28,21,42
230,17,27,42,17
230,18,26,17,18
230,19,25,18,13
230,20,19,13,12
231,1,75,31,32
231,2,74,32,34
231,3,72,34,35
231,4,71,35,38
231,5,70,38,27
231,6,66,27,68
231,7,65,68,67
231,8,64,67,22
231,9,39,22,48
231,10,38,48,47
231,11,37,47,46
231,12,36,46,45
231,13,35,45,44
231,14,34,44,43
231,15,33,43,21
231,16,28,21,42
231,17,27,42,17
231,18,26,17,18
231,19,25,18,13
232,1,75,31,32
232,2,74,32,34
232,3,72,34,35
232,4,71,35,38
232,5,70,38,27
232,6,66,27,68
232,7,65,68,67
232,8,64,67,22
232,9,39,22,48
232,10,38,48,47
232,11,37,47,46
232,12,36,46,45
232,13,35,45,44
232,14,34,44,43
232,15,33,43,21
232,16,28,21,42
232,17,27,42,17
232,18,24,17,41
232,19,23,41,16
232,20,22,16,15
232,21,21,15,14
233,1,75,31,32
233,2,74,32,34
233,3,72,34,35
233,4,71,35,38
233,5,70,38,27
233,6,66,27,68
233,7,65,68,67
233,8,64,67,22
233,9,39,22,48
233,10,38,48,47
233,11,37,47,46
233,12,36,46,45
233,13,35,45,44
233,14,34,44,43
233,15,33,43,21
233,16,28,21,42
233,17,27,42,17
233,18,24,17,41
233,19,23,41,16
233,20,22,16,15
234,1,75,31,32
234,2,74,32,34
234,3,72,34,35
234,4,71,35,38
234,5,70,38,27
234,6,66,27,68
234,7,65,68,67
234,8,64,67,22
234,9,39,22,48
234,10,38,48,47
234,11,37,47,46
234,12,36,46,45
234,13,35,45,44
234,14,34,44,43
234,15,33,43,21
234,16,28,21,42
234,17,27,42,17
234,18,24,17,41
234,19,23,41,16
235,1,75,31,32
235,2,74,32,34
235,3,72,34,35
235,4,71,35,38
235,5,70,38,27
235,6,66,27,68
235,7,65,68,67
235,8,64,67,22
235,9,39,22,48
235,10,38,48,47
235,11,37,47,46
235,12,36,46,45
235,13,35,45,44
235,14,34,44,43
235,15,33,43,21
235,16,28,21,42
235,17,27,42,17
236,1,75,31,32
236,2,74,32,34
236,3,72,34,35
236,4,71,35,38
236,5,70,38,27
236,6,66,27,68
236,7,65,68,67
236,8,64,67,22
236,9,39,22,48
236,10,38,48,47
236,11,37,47,46
236,12,36,46,45
236,13,35,45,44
236,14,34,44,43
236,15,33,43,21
236,16,28,21,42
236,17,27,42,17
236,18,26,17,18
237,1,75,31,32
237,2,74,32,34
237,3,72,34,35
237,4,71,35,38
237,5,70,38,27
237,6,66,27,68
237,7,65,68,67
237,8,64,67,22
237,9,39,22,48
237,10,38,48,47
237,11,37,47,46
237,12,36,46,45
237,13,35,45,44
237,14,34,44,43
237,15,33,43,21
237,16,32,21,20
237,17,31,20,19
238,1,75,31,32
238,2,74,32,34
238,3,72,34,35
238,4,71,35,38
238,5,70,38,27
238,6,66,27,68
238,7,65,68,67
238,8,64,67,22
238,9,39,22,48
238,10,38,48,47
238,11,37,47,46
238,12,36,46,45
238,13,35,45,44
238,14,34,44,43
238,15,33,43,21
238,16,32,21,20
238,17,31,20,19
238,18,30,19,49
238,19,29,49,6
238,20,13,6,5
238,21,12,5,4
238,22,9,4,3
238,23,8,3,71
238,24,7,71,72
238,25,6,72,73
238,26,5,73,74
238,27,4,74,2
239,1,75,31,32
239,2,74,32,34
239,3,72,34,35
239,4,71,35,38
239,5,70,38,27
239,6,66,27,68
239,7,65,68,67
239,8,64,67,22
239,9,63,22,66
239,10,62,66,26
239,11,61,26,65
239,12,60,65,64
239,13,59,64,63
239,14,58,63,62
239,15,57,62,61
239,16,56,61,60
239,17,55,60,59
239,18,54,59,58
239,19,53,58,57
239,20,52,57,56
239,21,51,56,55
239,22,50,55,25
240,1,75,31,32
240,2,69,32,29
241,1,75,31,32
241,2,83,32,33
242,1,75,31,32
242,2,74,32,34
242,3,72,34,35
243,1,75,31,32
243,2,74,32,34
243,3,82,34,36
243,4,77,36,37
244,1,75,31,32
244,2,83,32,33
244,3,79,33,70
244,4,80,70,39
245,1,75,31,32
245,2,74,32,34
245,3,72,34,35
245,4,71,35,38
245,5,70,38,27
245,6,66,27,68
245,7,65,68,67
245,8,64,67,22
245,9,39,22,48
245,10,38,48,47
245,11,37,47,46
245,12,36,46,45
245,13,35,45,44
245,14,34,44,43
245,15,33,43,21
245,16,32,21,20
245,17,31,20,19
245,18,30,19,49
245,19,29,49,6
245,20,13,6,5
246,1,75,31,32
246,2,74,32,34
246,3,72,34,35
246,4,71,35,38
246,5,70,38,27
246,6,66,27,68
246,7,65,68,67
246,8,64,67,22
246,9,39,22,48
246,10,38,48,47
246,11,37,47,46
246,12,36,46,45
246,13,35,45,44
246,14,34,44,43
246,15,33,43,21
246,16,32,21,20
246,17,31,20,19
246,18,30,19,49
246,19,29,49,6
247,1,75,31,32
247,2,74,32,34
247,3,72,34,35
247,4,71,35,38
247,5,70,38,27
247,6,66,27,68
247,7,65,68,67
247,8,64,67,22
247,9,39,22,48
247,10,38,48,47
247,11,37,47,46
247,12,36,46,45
247,13,35,45,44
247,14,34,44,43
247,15,33,43,21
247,16,32,21,20
247,17,31,20,19
247,18,30,19,49
247,19,29,49,6
247,20,14,6,7
248,1,73,33,34
248,2,72,34,35
248,3,71,35,38
248,4,70,38,27
248,5,66,27,68
248,6,65,68,67
248,7,64,67,22
248,8,39,22,48
248,9,38,48,47
248,10,37,47,46
248,11,36,46,45
248,12,35,45,44
248,13,34,44,43
248,14,33,43,21
248,15,32,21,20
248,16,31,20,19
248,17,30,19,49
248,18,29,49,6
248,19,13,6,5
248,20,12,5,4
248,21,9,4,3
248,22,8,3,71
248,23,7,71,72
248,24,6,72,73
248,25,5,73,74
248,26,4,74,2
248,27,3,2,75
248,28,2,75,76
248,29,1,76,1
249,1,73,33,34
249,2,72,34,35
249,3,71,35,38
249,4,70,38,27
249,5,66,27,68
249,6,65,68,67
249,7,64,67,22
249,8,39,22,48
249,9,38,48,47
249,10,37,47,46
249,11,36,46,45
249,12,35,45,44
249,13,34,44,43
249,14,33,43,21
249,15,28,21,42
249,16,27,42,17
249,17,26,17,18
249,18,25,18,13
249,19,19,13,12
250,1,73,33,34
250,2,72,34,35
250,3,71,35,38
250,4,70,38,27
250,5,66,27,68
250,6,65,68,67
250,7,64,67,22
250,8,39,22,48
250,9,38,48,47
250,10,37,47,46
250,11,36,46,45
250,12,35,45,44
250,13,34,44,43
250,14,33,43,21
250,15,28,21,42
250,16,27,42,17
250,17,26,17,18
250,18,25,18,13
251,1,73,33,34
251,2,72,34,35
251,3,71,35,38
251,4,70,38,27
251,5,66,27,68
251,6,65,68,67
251,7,64,67,22
251,8,39,22,48
251,9,38,48,47
251,10,37,47,46
251,11,36,46,45
251,12,35,45,44
251,13,34,44,43
251,14,33,43,21
251,15,28,21,42
251,16,27,42,17
251,17,24,17,41
251,18,23,41,16
251,19,22,16,15
251,20,21,15,14
252,1,73,33,34
252,2,72,34,35
252,3,71,35,38
252,4,70,38,27
252,5,66,27,68
252,6,65,68,67
252,7,64,67,22
252,8,39,22,48
252,9,38,48,47
252,10,37,47,46
252,11,36,46,45
252,12,35,45,44
252,13,34,44,43
252,14,33,43,21
252,15,28,21,42
252,16,27,42,17
252,17,24,17,41
252,18,23,41,16
252,19,22,16,15
253,1,73,33,34
253,2,72,34,35
253,3,71,35,38
253,4,70,38,27
253,5,66,27,68
253,6,65,68,67
253,7,64,67,22
253,8,39,22,48
253,9,38,48,47
253,10,37,47,46
253,11,36,46,45
253,12,35,45,44
253,13,34,44,43
253,14,33,43,21
253,15,28,21,42
253,16,27,42,17
253,17,24,17,41
253,18,23,41,16
254,1,73,33,34
254,2,72,34,35
254,3,71,35,38
254,4,70,38,27
254,5,66,27,68
254,6,65,68,67
254,7,64,67,22
254,8,39,22,48
254,9,38,48,47
254,10,37,47,46
254,11,36,46,45
254,12,35,45,44
254,13,34,44,43
254,14,33,43,21
254,15,28,21,42
254,16,27,42,17
255,1,73,33,34
255,2,72,34,35
255,3,71,35,38
255,4,70,38,27
255,5,66,27,68
255,6,65,68,67
255,7,64,67,22
255,8,39,22,48
255,9,38,48,47
255,10,37,47,46
255,11,36,46,45
255,12,35,45,44
255,13,34,44,43
255,14,33,43,21
255,15,28,21,42
255,16,27,42,17
255,17,26,17,18
256,1,73,33,34
256,2,72,34,35
256,3,71,35,38
256,4,70,38,27
256,5,66,27,68
256,6,65,68,67
256,7,64,67,22
256,8,39,22,48
256,9,38,48,47
256,10,37,47,46
256,11,36,46,45
256,12,35,45,44
256,13,34,44,43
256,14,33,43,21
256,15,32,21,20
256,16,31,20,19
257,1,73,33,34
257,2,72,34,35
257,3,71,35,38
257,4,70,38,27
257,5,66,27,68
257,6,65,68,67
257,7,64,67,22
257,8,39,22,48
257,9,38,48,47
257,10,37,47,46
257,11,36,46,45
257,12,35,45,44
257,13,34,44,43
257,14,33,43,21
257,15,32,21,20
257,16,31,20,19
257,17,30,19,49
257,18,29,49,6
257,19,13,6,5
257,20,12,5,4
257,21,9,4,3
257,22,8,3,71
257,23,7,71,72
257,24,6,72,73
257,25,5,73,74
257,26,4,74,2
258,1,73,33,34
258,2,72,34,35
258,3,71,35,38
258,4,70,38,27
258,5,66,27,68
258,6,65,68,67
258,7,64,67,22
258,8,63,22,66
258,9,62,66,26
258,10,61,26,65
258,11,60,65,64
258,12,59,64,63
258,13,58,63,62
258,14,57,62,61
258,15,56,61,60
258,16,55,60,59
258,17,54,59,58
258,18,53,58,57
258,19,52,57,56
258,20,51,56,55
258,21,50,55,25
259,1,83,33,32
259,2,69,32,29
260,1,83,33,32
260,2,75,32,31
261,1,73,33,34
261,2,72,34,35
262,1,73,33,34
262,2,82,34,36
262,3,77,36,37
263,1,79,33,70
263,2,80,70,39
264,1,73,33,34
264,2,72,34,35
264,3,71,35,38
264,4,70,38,27
264,5,66,27,68
264,6,65,68,67
264,7,64,67,22
264,8,39,22,48
264,9,38,48,47
264,10,37,47,46
264,11,36,46,45
264,12,35,45,44
264,13,34,44,43
264,14,33,43,21
264,15,32,21,20
264,16,31,20,19
264,17,30,19,49
264,18,29,49,6
264,19,13,6,5
265,1,73,33,34
265,2,72,34,35
265,3,71,35,38
265,4,70,38,27
265,5,66,27,68
265,6,65,68,67
265,7,64,67,22
265,8,39,22,48
265,9,38,48,47
265,10,37,47,46
265,11,36,46,45
265,12,35,45,44
265,13,34,44,43
265,14,33,43,21
265,15,32,21,20
265,16,31,20,19
265,17,30,19,49
265,18,29,49,6
266,1,73,33,34
266,2,72,34,35
266,3,71,35,38
266,4,70,38,27
266,5,66,27,68
266,6,65,68,67
266,7,64,67,22
266,8,39,22,48
266,9,38,48,47
266,10,37,47,46
266,11,36,46,45
266,12,35,45,44
266,13,34,44,43
266,14,33,43,21
266,15,32,21,20
266,16,31,20,19
266,17,30,19,49
266,18,29,49,6
266,19,14,6,7
267,1,71,35,38
267,2,70,38,27
267,3,66,27,68
267,4,65,68,67
267,5,64,67,22
267,6,39,22,48
267,7,38,48,47
267,8,37,47,46
267,9,36,46,45
267,10,35,45,44
267,11,34,44,43
267,12,33,43,21
267,13,32,21,20
267,14,31,20,19
267,15,30,19,49
267,16,29,49,6
267,17,13,6,5
267,18,12,5,4
267,19,9,4,3
267,20,8,3,71
267,21,7,71,72
267,22,6,72,73
267,23,5,73,74
267,24,4,74,2
267,25,3,2,75
267,26,2,75,76
267,27,1,76,1
268,1,71,35,38
268,2,70,38,27
268,3,66,27,68
268,4,65,68,67
268,5,64,67,22
268,6,39,22,48
268,7,38,48,47
268,8,37,47,46
268,9,36,46,45
268,10,35,45,44
268,11,34,44,43
268,12,33,43,21
268,13,28,21,42
268,14,27,42,17
268,15,26,17,18
268,16,25,18,13
268,17,19,13,12
269,1,71,35,38
269,2,70,38,27
269,3,66,27,68
269,4,65,68,67
269,5,64,67,22
269,6,39,22,48
269,7,38,48,47
269,8,37,47,46
269,9,36,46,45
269,10,35,45,44
269,11,34,44,43
269,12,33,43,21
269,13,28,21,42
269,14,27,42,17
269,15,26,17,18
269,16,25,18,13
270,1,71,35,38
270,2,70,38,27
270,3,66,27,68
270,4,65,68,67
270,5,64,67,22
270,6,39,22,48
270,7,38,48,47
270,8,37,47,46
270,9,36,46,45
270,10,35,45,44
270,11,34,44,43
270,12,33,43,21
270,13,28,21,42
270,14,27,42,17
270,15,24,17,41
270,16,23,41,16
270,17,22,16,15
270,18,21,15,14
271,1,71,35,38
271,2,70,38,27
271,3,66,27,68
271,4,65,68,67
271,5,64,67,22
271,6,39,22,48
271,7,38,48,47
271,8,37,47,46
271,9,36,46,45
271,10,35,45,44
271,11,34,44,43
271,12,33,43,21
271,13,28,21,42
271,14,27,42,17
271,15,24,17,41
271,16,23,41,16
271,17,22,16,15
272,1,71,35,38
272,2,70,38,27
272,3,66,27,68
272,4,65,68,67
272,5,64,67,22
272,6,39,22,48
272,7,38,48,47
272,8,37,47,46
272,9,36,46,45
272,10,35,45,44
272,11,34,44,43
272,12,33,43,21
272,13,28,21,42
272,14,27,42,17
272,15,24,17,41
272,16,23,41,16
273,1,71,35,38
273,2,70,38,27
273,3,66,27,68
273,4,65,68,67
273,5,64,67,22
273,6,39,22,48
273,7,38,48,47
273,8,37,47,46
273,9,36,46,45
273,10,35,45,44
273,11,34,44,43
273,12,33,43,21
273,13,28,21,42
273,14,27,42,17
274,1,71,35,38
274,2,70,38,27
274,3,66,27,68
274,4,65,68,67
274,5,64,67,22
274,6,39,22,48
274,7,38,48,47
274,8,37,47,46
274,9,36,46,45
274,10,35,45,44
274,11,34,44,43
274,12,33,43,21
274,13,28,21,42
274,14,27,42,17
274,15,26,17,18
275,1,71,35,38
275,2,70,38,27
275,3,66,27,68
275,4,65,68,67
275,5,64,67,22
275,6,39,22,48
275,7,38,48,47
275,8,37,47,46
275,9,36,46,45
275,10,35,45,44
275,11,34,44,43
275,12,33,43,21
275,13,32,21,20
275,14,31,20,19
276,1,71,35,38
276,2,70,38,27
276,3,66,27,68
276,4,65,68,67
276,5,64,67,22
276,6,39,22,48
276,7,38,48,47
276,8,37,47,46
276,9,36,46,45
276,10,35,45,44
276,11,34,44,43
276,12,33,43,21
276,13,32,21,20
276,14,31,20,19
276,15,30,19,49
276,16,29,49,6
276,17,13,6,5
276,18,12,5,4
276,19,9,4,3
276,20,8,3,71
276,21,7,71,72
276,22,6,72,73
276,23,5,73,74
276,24,4,74,2
277,1,71,35,38
277,2,70,38,27
277,3,66,27,68
277,4,65,68,67
277,5,64,67,22
277,6,63,22,66
277,7,62,66,26
277,8,61,26,65
277,9,60,65,64
277,10,59,64,63
277,11,58,63,62
277,12,57,62,61
277,13,56,61,60
277,14,55,60,59
277,15,54,59,58
277,16,53,58,57
277,17,52,57,56
277,18,51,56,55
277,19,50,55,25
278,1,84,35,28
278,2,68,28,29
279,1,72,35,34
279,2,74,34,32
279,3,75,32,31
280,1,72,35,34
280,2,73,34,33
281,1,72,35,34
281,2,82,34,36
281,3,77,36,37
282,1,72,35,34
282,2,73,34,33
282,3,79,33,70
282,4,80,70,39
283,1,71,35,38
283,2,70,38,27
283,3,66,27,68
283,4,65,68,67
283,5,64,67,22
283,6,39,22,48
283,7,38,48,47
283,8,37,47,46
283,9,36,46,45
283,10,35,45,44
283,11,34,44,43
283,12,33,43,21
283,13,32,21,20
283,14,31,20,19
283,15,30,19,49
283,16,29,49,6
283,17,13,6,5
284,1,71,35,38
284,2,70,38,27
284,3,66,27,68
284,4,65,68,67
284,5,64,67,22
284,6,39,22,48
284,7,38,48,47
284,8,37,47,46
284,9,36,46,45
284,10,35,45,44
284,11,34,44,43
284,12,33,43,21
284,13,32,21,20
284,14,31,20,19
284,15,30,19,49
284,16,29,49,6
285,1,71,35,38
285,2,70,38,27
285,3,66,27,68
285,4,65,68,67
285,5,64,67,22
285,6,39,22,48
285,7,38,48,47
285,8,37,47,46
285,9,36,46,45
285,10,35,45,44
285,11,34,44,43
285,12,33,43,21
285,13,32,21,20
285,14,31,20,19
285,15,30,19,49
285,16,29,49,6
285,17,14,6,7
286,1,77,37,36
286,2,82,36,34
286,3,72,34,35
286,4,71,35,38
286,5,70,38,27
286,6,66,27,68
286,7,65,68,67
286,8,64,67,22
286,9,39,22,48
286,10,38,48,47
286,11,37,47,46
286,12,36,46,45
286,13,35,45,44
286,14,34,44,43
286,15,33,43,21
286,16,32,21,20
286,17,31,20,19
286,18,30,19,49
286,19,29,49,6
286,20,13,6,5
286,21,12,5,4
286,22,9,4,3
286,23,8,3,71
286,24,7,71,72
286,25,6,72,73
286,26,5,73,74
286,27,4,74,2
286,28,3,2,75
286,29,2,75,76
286,30,1,76,1
287,1,77,37,36
287,2,82,36,34
287,3,72,34,35
287,4,71,35,38
287,5,70,38,27
287,6,66,27,68
287,7,65,68,67
287,8,64,67,22
287,9,39,22,48
287,10,38,48,47
287,11,37,47,46
287,12,36,46,45
287,13,35,45,44
287,14,34,44,43
287,15,33,43,21
287,16,28,21,42
287,17,27,42,17
287,18,26,17,18
287,19,25,18,13
287,20,19,13,12
288,1,77,37,36
288,2,82,36,34
288,3,72,34,35
288,4,71,35,38
288,5,70,38,27
288,6,66,27,68
288,7,65,68,67
288,8,64,67,22
288,9,39,22,48
288,10,38,48,47
288,11,37,47,46
288,12,36,46,45
288,13,35,45,44
288,14,34,44,43
288,15,33,43,21
288,16,28,21,42
288,17,27,42,17
288,18,26,17,18
288,19,25,18,13
289,1,77,37,36
289,2,82,36,34
289,3,72,34,35
289,4,71,35,38
289,5,70,38,27
289,6,66,27,68
289,7,65,68,67
289,8,64,67,22
289,9,39,22,48
289,10,38,48,47
289,11,37,47,46
289,12,36,46,45
289,13,35,45,44
289,14,34,44,43
289,15,33,43,21
289,16,28,21,42
289,17,27,42,17
289,18,24,17,41
289,19,23,41,16
289,20,22,16,15
289,21,21,15,14
290,1,77,37,36
290,2,82,36,34
290,3,72,34,35
290,4,71,35,38
290,5,70,38,27
290,6,66,27,68
290,7,65,68,67
290,8,64,67,22
290,9,39,22,48
290,10,38,48,47
290,11,37,47,46
290,12,36,46,45
290,13,35,45,44
290,14,34,44,43
290,15,33,43,21
290,16,28,21,42
290,17,27,42,17
290,18,24,17,41
290,19,23,41,16
290,20,22,16,15
291,1,77,37,36
291,2,82,36,34
291,3,72,34,35
291,4,71,35,38
291,5,70,38,27
291,6,66,27,68
291,7,65,68,67
291,8,64,67,22
291,9,39,22,48
291,10,38,48,47
291,11,37,47,46
291,12,36,46,45
291,13,35,45,44
291,14,34,44,43
291,15,33,43,21
291,16,28,21,42
291,17,27,42,17
291,18,24,17,41
291,19,23,41,16
292,1,77,37,36
292,2,82,36,34
292,3,72,34,35
292,4,71,35,38
292,5,70,38,27
292,6,66,27,68
292,7,65,68,67
292,8,64,67,22
292,9,39,22,48
292,10,38,48,47
292,11,37,47,46
292,12,36,46,45
292,13,35,45,44
292,14,34,44,43
292,15,33,43,21
292,16,28,21,42
292,17,27,42,17
293,1,77,37,36
293,2,82,36,34
293,3,72,34,35
293,4,71,35,38
293,5,70,38,27
293,6,66,27,68
293,7,65,68,67
293,8,64,67,22
293,9,39,22,48
293,10,38,48,47
293,11,37,47,46
293,12,36,46,45
293,13,35,45,44
293,14,34,44,43
293,15,33,43,21
293,16,28,21,42
293,17,27,42,17
293,18,26,17,18
294,1,77,37,36
294,2,82,36,34
294,3,72,34,35
294,4,71,35,38
294,5,70,38,27
294,6,66,27,68
294,7,65,68,67
294,8,64,67,22
294,9,39,22,48
294,10,38,48,47
294,11,37,47,46
294,12,36,46,45
294,13,35,45,44
294,14,34,44,43
294,15,33,43,21
294,16,32,21,20
294,17,31,20,19
295,1,77,37,36
295,2,82,36,34
295,3,72,34,35
295,4,71,35,38
295,5,70,38,27
295,6,66,27,68
295,7,65,68,67
295,8,64,67,22
295,9,39,22,48
295,10,38,48,47
295,11,37,47,46
295,12,36,46,45
295,13,35,45,44
295,14,34,44,43
295,15,33,43,21
295,16,32,21,20
295,17,31,20,19
295,18,30,19,49
295,19,29,49,6
295,20,13,6,5
295,21,12,5,4
295,22,9,4,3
295,23,8,3,71
295,24,7,71,72
295,25,6,72,73
295,26,5,73,74
295,27,4,74,2
296,1,77,37,36
296,2,82,36,34
296,3,72,34,35
296,4,71,35,38
296,5,70,38,27
296,6,66,27,68
296,7,65,68,67
296,8,64,67,22
296,9,63,22,66
296,10,62,66,26
296,11,61,26,65
296,12,60,65,64
296,13,59,64,63
296,14,58,63,62
296,15,57,62,61
296,16,56,61,60
296,17,55,60,59
296,18,54,59,58
296,19,53,58,57
296,20,52,57,56
296,21,51,56,55
296,22,50,55,25
297,1,77,37,36
297,2,82,36,34
297,3,72,34,35
297,4,84,35,28
297,5,68,28,29
298,1,77,37,36
298,2,82,36,34
298,3,74,34,32
298,4,75,32,31
299,1,77,37,36
299,2,82,36,34
299,3,73,34,33
300,1,77,37,36
300,2,82,36,34
300,3,72,34,35
301,1,77,37,36
301,2,82,36,34
301,3,73,34,33
301,4,79,33,70
301,5,80,70,39
302,1,77,37,36
302,2,82,36,34
302,3,72,34,35
302,4,71,35,38
302,5,70,38,27
302,6,66,27,68
302,7,65,68,67
302,8,64,67,22
302,9,39,22,48
302,10,38,48,47
302,11,37,47,46
302,12,36,46,45
302,13,35,45,44
302,14,34,44,43
302,15,33,43,21
302,16,32,21,20
302,17,31,20,19
302,18,30,19,49
302,19,29,49,6
302,20,13,6,5
303,1,77,37,36
303,2,82,36,34
303,3,72,34,35
303,4,71,35,38
303,5,70,38,27
303,6,66,27,68
303,7,65,68,67
303,8,64,67,22
303,9,39,22,48
303,10,38,48,47
303,11,37,47,46
303,12,36,46,45
303,13,35,45,44
303,14,34,44,43
303,15,33,43,21
303,16,32,21,20
303,17,31,20,19
303,18,30,19,49
303,19,29,49,6
304,1,77,37,36
304,2,82,36,34
304,3,72,34,35
304,4,71,35,38
304,5,70,38,27
304,6,66,27,68
304,7,65,68,67
304,8,64,67,22
304,9,39,22,48
304,10,38,48,47
304,11,37,47,46
304,12,36,46,45
304,13,35,45,44
304,14,34,44,43
304,15,33,43,21
304,16,32,21,20
304,17,31,20,19
304,18,30,19,49
304,19,29,49,6
304,20,14,6,7
305,1,80,39,70
305,2,79,70,33
305,3,73,33,34
305,4,72,34,35
305,5,71,35,38
305,6,70,38,27
305,7,66,27,68
305,8,65,68,67
305,9,64,67,22
305,10,39,22,48
305,11,38,48,47
305,12,37,47,46
305,13,36,46,45
305,14,35,45,44
305,15,34,44,43
305,16,33,43,21
305,17,32,21,20
305,18,31,20,19
305,19,30,19,49
305,20,29,49,6
305,21,13,6,5
305,22,12,5,4
305,23,9,4,3
305,24,8,3,71
305,25,7,71,72
305,26,6,72,73
305,27,5,73,74
305,28,4,74,2
305,29,3,2,75
305,30,2,75,76
305,31,1,76,1
306,1,80,39,70
306,2,79,70,33
306,3,73,33,34
306,4,72,34,35
306,5,71,35,38
306,6,70,38,27
306,7,66,27,68
306,8,65,68,67
306,9,64,67,22
306,10,39,22,48
306,11,38,48,47
306,12,37,47,46
306,13,36,46,45
306,14,35,45,44
306,15,34,44,43
306,16,33,43,21
306,17,28,21,42
306,18,27,42,17
306,19,26,17,18
306,20,25,18,13
306,21,19,13,12
307,1,80,39,70
307,2,79,70,33
307,3,73,33,34
307,4,72,34,35
307,5,71,35,38
307,6,70,38,27
307,7,66,27,68
307,8,65,68,67
307,9,64,67,22
307,10,39,22,48
307,11,38,48,47
307,12,37,47,46
307,13,36,46,45
307,14,35,45,44
307,15,34,44,43
307,16,33,43,21
307,17,28,21,42
307,18,27,42,17
307,19,26,17,18
307,20,25,18,13
308,1,80,39,70
308,2,79,70,33
308,3,73,33,34
308,4,72,34,35
308,5,71,35,38
308,6,70,38,27
308,7,66,27,68
308,8,65,68,67
308,9,64,67,22
308,10,39,22,48
308,11,38,48,47
308,12,37,47,46
308,13,36,46,45
308,14,35,45,44
308,15,34,44,43
308,16,33,43,21
308,17,28,21,42
308,18,27,42,17
308,19,24,17,41
308,20,23,41,16
308,21,22,16,15
308,22,21,15,14
309,1,80,39,70
309,2,79,70,33
309,3,73,33,34
309,4,72,34,35
309,5,71,35,38
309,6,70,38,27
309,7,66,27,68
309,8,65,68,67
309,9,64,67,22
309,10,39,22,48
309,11,38,48,47
309,12,37,47,46
309,13,36,46,45
309,14,35,45,44
309,15,34,44,43
309,16,33,43,21
309,17,28,21,42
309,18,27,42,17
309,19,24,17,41
309,20,23,41,16
309,21,22,16,15
310,1,80,39,70
310,2,79,70,33
310,3,73,33,34
310,4,72,34,35
310,5,71,35,38
310,6,70,38,27
310,7,66,27,68
310,8,65,68,67
310,9,64,67,22
310,10,39,22,48
310,11,38,48,47
310,12,37,47,46
310,13,36,46,45
310,14,35,45,44
310,15,34,44,43
310,16,33,43,21
310,17,28,21,42
310,18,27,42,17
310,19,24,17,41
310,20,23,41,16
311,1,80,39,70
311,2,79,70,33
311,3,73,33,34
311,4,72,34,35
311,5,71,35,38
311,6,70,38,27
311,7,66,27,68
311,8,65,68,67
311,9,64,67,22
311,10,39,22,48
311,11,38,48,47
311,12,37,47,46
311,13,36,46,45
311,14,35,45,44
311,15,34,44,43
311,16,33,43,21
311,17,28,21,42
311,18,27,42,17
312,1,80,39,70
312,2,79,70,33
312,3,73,33,34
312,4,72,34,35
312,5,71,35,38
312,6,70,38,27
312,7,66,27,68
312,8,65,68,67
312,9,64,67,22
312,10,39,22,48
312,11,38,48,47
312,12,37,47,46
312,13,36,46,45
312,14,35,45,44
312,15,34,44,43
312,16,33,43,21
312,17,28,21,42
312,18,27,42,17
312,19,26,17,18
313,1,80,39,70
313,2,79,70,33
313,3,73,33,34
313,4,72,34,35
313,5,71,35,38
313,6,70,38,27
313,7,66,27,68
313,8,65,68,67
313,9,64,67,22
313,10,39,22,48
313,11,38,48,47
313,12,37,47,46
313,13,36,46,45
313,14,35,45,44
313,15,34,44,43
313,16,33,43,21
313,17,32,21,20
313,18,31,20,19
314,1,80,39,70
314,2,79,70,33
314,3,73,33,34
314,4,72,34,35
314,5,71,35,38
314,6,70,38,27
314,7,66,27,68
314,8,65,68,67
314,9,64,67,22
314,10,39,22,48
314,11,38,48,47
314,12,37,47,46
314,13,36,46,45
314,14,35,45,44
314,15,34,44,43
314,16,33,43,21
314,17,32,21,20
314,18,31,20,19
314,19,30,19,49
314,20,29,49,6
314,21,13,6,5
314,22,12,5,4
314,23,9,4,3
314,24,8,3,71
314,25,7,71,72
314,26,6,72,73
314,27,5,73,74
314,28,4,74,2
315,1,80,39,70
315,2,79,70,33
315,3,73,33,34
315,4,72,34,35
315,5,71,35,38
315,6,70,38,27
315,7,66,27,68
315,8,65,68,67
315,9,64,67,22
315,10,63,22,66
315,11,62,66,26
315,12,61,26,65
315,13,60,65,64
315,14,59,64,63
315,15,58,63,62
315,16,57,62,61
315,17,56,61,60
315,18,55,60,59
315,19,54,59,58
315,20,53,58,57
315,21,52,57,56
315,22,51,56,55
315,23,50,55,25
316,1,80,39,70
316,2,79,70,33
316,3,83,33,32
316,4,69,32,29
317,1,80,39,70
317,2,79,70,33
317,3,83,33,32
317,4,75,32,31
318,1,80,39,70
318,2,79,70,33
319,1,80,39,70
319,2,79,70,33
319,3,73,33,34
319,4,72,34,35
320,1,80,39,70
320,2,79,70,33
320,3,73,33,34
320,4,82,34,36
320,5,77,36,37
321,1,80,39,70
321,2,79,70,33
321,3,73,33,34
321,4,72,34,35
321,5,71,35,38
321,6,70,38,27
321,7,66,27,68
321,8,65,68,67
321,9,64,67,22
321,10,39,22,48
321,11,38,48,47
321,12,37,47,46
321,13,36,46,45
321,14,35,45,44
321,15,34,44,43
321,16,33,43,21
321,17,32,21,20
321,18,31,20,19
321,19,30,19,49
321,20,29,49,6
321,21,13,6,5
322,1,80,39,70
322,2,79,70,33
322,3,73,33,34
322,4,72,34,35
322,5,71,35,38
322,6,70,38,27
322,7,66,27,68
322,8,65,68,67
322,9,64,67,22
322,10,39,22,48
322,11,38,48,47
322,12,37,47,46
322,13,36,46,45
322,14,35,45,44
322,15,34,44,43
322,16,33,43,21
322,17,32,21,20
322,18,31,20,19
322,19,30,19,49
322,20,29,49,6
323,1,80,39,70
323,2,79,70,33
323,3,73,33,34
323,4,72,34,35
323,5,71,35,38
323,6,70,38,27
323,7,66,27,68
323,8,65,68,67
323,9,64,67,22
323,10,39,22,48
323,11,38,48,47
323,12,37,47,46
323,13,36,46,45
323,14,35,45,44
323,15,34,44,43
323,16,33,43,21
323,17,32,21,20
323,18,31,20,19
323,19,30,19,49
323,20,29,49,6
323,21,14,6,7
324,1,12,5,4
324,2,9,4,3
324,3,8,3,71
324,4,7,71,72
324,5,6,72,73
324,6,5,73,74
324,7,4,74,2
324,8,3,2,75
324,9,2,75,76
324,10,1,76,1
325,1,12,5,4
325,2,11,4,10
325,3,16,10,11
325,4,17,11,40
325,5,18,40,12
326,1,12,5,4
326,2,11,4,10
326,3,16,10,11
326,4,17,11,40
326,5,18,40,12
326,6,19,12,13
327,1,12,5,4
327,2,11,4,10
327,3,16,10,11
327,4,17,11,40
327,5,18,40,12
327,6,19,12,13
327,7,20,13,14
328,1,12,5,4
328,2,11,4,10
328,3,16,10,11
328,4,17,11,40
328,5,18,40,12
328,6,19,12,13
328,7,20,13,14
328,8,21,14,15
329,1,12,5,4
329,2,11,4,10
329,3,16,10,11
329,4,17,11,40
329,5,18,40,12
329,6,19,12,13
329,7,20,13,14
329,8,21,14,15
329,9,22,15,16
330,1,12,5,4
330,2,11,4,10
330,3,16,10,11
330,4,17,11,40
330,5,18,40,12
330,6,19,12,13
330,7,25,13,18
330,8,26,18,17
331,1,12,5,4
331,2,11,4,10
331,3,16,10,11
331,4,17,11,40
331,5,18,40,12
331,6,19,12,13
331,7,25,13,18
332,1,13,5,6
332,2,29,6,49
332,3,30,49,19
333,1,12,5,4
333,2,9,4,3
333,3,8,3,71
333,4,7,71,72
333,5,6,72,73
333,6,5,73,74
333,7,4,74,2
334,1,13,5,6
334,2,29,6,49
334,3,30,49,19
334,4,43,19,50
334,5,44,50,23
334,6,45,23,51
334,7,46,51,24
334,8,81,24,52
334,9,47,52,53
334,10,48,53,54
334,11,49,54,25
335,1,13,5,6
335,2,29,6,49
335,3,30,49,19
335,4,31,19,20
335,5,32,20,21
335,6,33,21,43
335,7,34,43,44
335,8,35,44,45
335,9,36,45,46
335,10,37,46,47
335,11,38,47,48
335,12,39,48,22
335,13,64,22,67
335,14,65,67,68
335,15,66,68,27
335,16,67,27,28
335,17,68,28,29
336,1,13,5,6
336,2,29,6,49
336,3,30,49,19
336,4,31,19,20
336,5,32,20,21
336,6,33,21,43
336,7,34,43,44
336,8,35,44,45
336,9,36,45,46
336,10,37,46,47
336,11,38,47,48
336,12,39,48,22
336,13,64,22,67
336,14,65,67,68
336,15,66,68,27
336,16,70,27,38
336,17,71,38,35
336,18,72,35,34
336,19,74,34,32
336,20,75,32,31
337,1,13,5,6
337,2,29,6,49
337,3,30,49,19
337,4,31,19,20
337,5,32,20,21
337,6,33,21,43
337,7,34,43,44
337,8,35,44,45
337,9,36,45,46
337,10,37,46,47
337,11,38,47,48
337,12,39,48,22
337,13,64,22,67
337,14,65,67,68
337,15,66,68,27
337,16,70,27,38
337,17,71,38,35
337,18,72,35,34
337,19,73,34,33
338,1,13,5,6
338,2,29,6,49
338,3,30,49,19
338,4,31,19,20
338,5,32,20,21
338,6,33,21,43
338,7,34,43,44
338,8,35,44,45
338,9,36,45,46
338,10,37,46,47
338,11,38,47,48
338,12,39,48,22
338,13,64,22,67
338,14,65,67,68
338,15,66,68,27
338,16,70,27,38
338,17,71,38,35
339,1,13,5,6
339,2,29,6,49
339,3,30,49,19
339,4,31,19,20
339,5,32,20,21
339,6,33,21,43
339,7,34,43,44
339,8,35,44,45
339,9,36,45,46
339,10,37,46,47
339,11,38,47,48
339,12,39,48,22
339,13,64,22,67
339,14,65,67,68
339,15,66,68,27
339,16,70,27,38
339,17,71,38,35
339,18,72,35,34
339,19,82,34,36
339,20,77,36,37
340,1,13,5,6
340,2,29,6,49
340,3,30,49,19
340,4,31,19,20
340,5,32,20,21
340,6,33,21,43
340,7,34,43,44
340,8,35,44,45
340,9,36,45,46
340,10,37,46,47
340,11,38,47,48
340,12,39,48,22
340,13,64,22,67
340,14,65,67,68
340,15,66,68,27
340,16,70,27,38
340,17,71,38,35
340,18,72,35,34
340,19,73,34,33
340,20,79,33,70
340,21,80,70,39
341,1,13,5,6
342,1,13,5,6
342,2,14,6,7
343,1,13,6,5
343,2,12,5,4
343,3,9,4,3
343,4,8,3,71
343,5,7,71,72
343,6,6,72,73
343,7,5,73,74
343,8,4,74,2
343,9,3,2,75
343,10,2,75,76
343,11,1,76,1
344,1,15,6,10
344,2,16,10,11
344,3,17,11,40
344,4,18,40,12
345,1,15,6,10
345,2,16,10,11
345,3,17,11,40
345,4,18,40,12
345,5,19,12,13
346,1,15,6,10
346,2,16,10,11
346,3,17,11,40
346,4,18,40,12
346,5,19,12,13
346,6,20,13,14
347,1,15,6,10
347,2,16,10,11
347,3,17,11,40
347,4,18,40,12
347,5,19,12,13
347,6,20,13,14
347,7,21,14,15
348,1,15,6,10
348,2,16,10,11
348,3,17,11,40
348,4,18,40,12
348,5,19,12,13
348,6,20,13,14
348,7,21,14,15
348,8,22,15,16
349,1,15,6,10
349,2,16,10,11
349,3,17,11,40
349,4,18,40,12
349,5,19,12,13
349,6,25,13,18
349,7,26,18,17
350,1,15,6,10
350,2,16,10,11
350,3,17,11,40
350,4,18,40,12
350,5,19,12,13
350,6,25,13,18
351,1,29,6,49
351,2,30,49,19
352,1,13,6,5
352,2,12,5,4
352,3,9,4,3
352,4,8,3,71
352,5,7,71,72
352,6,6,72,73
352,7,5,73,74
352,8,4,74,2
353,1,29,6,49
353,2,30,49,19
353,3,43,19,50
353,4,44,50,23
353,5,45,23,51
353,6,46,51,24
353,7,81,24,52
353,8,47,52,53
353,9,48,53,54
353,10,49,54,25
354,1,29,6,49
354,2,30,49,19
354,3,31,19,20
354,4,32,20,21
354,5,33,21,43
354,6,34,43,44
354,7,35,44,45
354,8,36,45,46
354,9,37,46,47
354,10,38,47,48
354,11,39,48,22
354,12,64,22,67
354,13,65,67,68
354,14,66,68,27
354,15,67,27,28
354,16,68,28,29
355,1,29,6,49
355,2,30,49,19
355,3,31,19,20
355,4,32,20,21
355,5,33,21,43
355,6,34,43,44
355,7,35,44,45
355,8,36,45,46
355,9,37,46,47
355,10,38,47,48
355,11,39,48,22
355,12,64,22,67
355,13,65,67,68
355,14,66,68,27
355,15,70,27,38
355,16,71,38,35
355,17,72,35,34
355,18,74,34,32
355,19,75,32,31
356,1,29,6,49
356,2,30,49,19
356,3,31,19,20
356,4,32,20,21
356,5,33,21,43
356,6,34,43,44
356,7,35,44,45
356,8,36,45,46
356,9,37,46,47
356,10,38,47,48
356,11,39,48,22
356,12,64,22,67
356,13,65,67,68
356,14,66,68,27
356,15,70,27,38
356,16,71,38,35
356,17,72,35,34
356,18,73,34,33
357,1,29,6,49
357,2,30,49,19
357,3,31,19,20
357,4,32,20,21
357,5,33,21,43
357,6,34,43,44
357,7,35,44,45
357,8,36,45,46
357,9,37,46,47
357,10,38,47,48
357,11,39,48,22
357,12,64,22,67
357,13,65,67,68
357,14,66,68,27
357,15,70,27,38
357,16,71,38,35
358,1,29,6,49
358,2,30,49,19
358,3,31,19,20
358,4,32,20,21
358,5,33,21,43
358,6,34,43,44
358,7,35,44,45
358,8,36,45,46
358,9,37,46,47
358,10,38,47,48
358,11,39,48,22
358,12,64,22,67
358,13,65,67,68
358,14,66,68,27
358,15,70,27,38
358,16,71,38,35
358,17,72,35,34
358,18,82,34,36
358,19,77,36,37
359,1,29,6,49
359,2,30,49,19
359,3,31,19,20
359,4,32,20,21
359,5,33,21,43
359,6,34,43,44
359,7,35,44,45
359,8,36,45,46
359,9,37,46,47
359,10,38,47,48
359,11,39,48,22
359,12,64,22,67
359,13,65,67,68
359,14,66,68,27
359,15,70,27,38
359,16,71,38,35
359,17,72,35,34
359,18,73,34,33
359,19,79,33,70
359,20,80,70,39
360,1,13,6,5
361,1,14,6,7
362,1,14,7,6
362,2,13,6,5
362,3,12,5,4
362,4,9,4,3
362,5,8,3,71
362,6,7,71,72
362,7,6,72,73
362,8,5,73,74
362,9,4,74,2
362,10,3,2,75
362,11,2,75,76
362,12,1,76,1
363,1,14,7,6
363,2,15,6,10
363,3,16,10,11
363,4,17,11,40
363,5,18,40,12
364,1,14,7,6
364,2,15,6,10
364,3,16,10,11
364,4,17,11,40
364,5,18,40,12
364,6,19,12,13
365,1,14,7,6
365,2,15,6,10
365,3,16,10,11
365,4,17,11,40
365,5,18,40,12
365,6,19,12,13
365,7,20,13,14
366,1,14,7,6
366,2,15,6,10
366,3,16,10,11
366,4,17,11,40
366,5,18,40,12
366,6,19,12,13
366,7,20,13,14
366,8,21,14,15
367,1,14,7,6
367,2,15,6,10
367,3,16,10,11
367,4,17,11,40
367,5,18,40,12
367,6,19,12,13
367,7,20,13,14
367,8,21,14,15
367,9,22,15,16
368,1,14,7,6
368,2,15,6,10
368,3,16,10,11
368,4,17,11,40
368,5,18,40,12
368,6,19,12,13
368,7,25,13,18
368,8,26,18,17
369,1,14,7,6
369,2,15,6,10
369,3,16,10,11
369,4,17,11,40
369,5,18,40,12
369,6,19,12,13
369,7,25,13,18
370,1,14,7,6
370,2,29,6,49
370,3,30,49,19
371,1,14,7,6
371,2,13,6,5
371,3,12,5,4
371,4,9,4,3
371,5,8,3,71
371,6,7,71,72
371,7,6,72,73
371,8,5,73,74
371,9,4,74,2
372,1,14,7,6
372,2,29,6,49
372,3,30,49,19
372,4,43,19,50
372,5,44,50,23
372,6,45,23,51
372,7,46,51,24
372,8,81,24,52
372,9,47,52,53
372,10,48,53,54
372,11,49,54,25
373,1,14,7,6
373,2,29,6,49
373,3,30,49,19
373,4,31,19,20
373,5,32,20,21
373,6,33,21,43
373,7,34,43,44
373,8,35,44,45
373,9,36,45,46
373,10,37,46,47
373,11,38,47,48
373,12,39,48,22
373,13,64,22,67
373,14,65,67,68
373,15,66,68,27
373,16,67,27,28
373,17,68,28,29
374,1,14,7,6
374,2,29,6,49
374,3,30,49,19
374,4,31,19,20
374,5,32,20,21
374,6,33,21,43
374,7,34,43,44
374,8,35,44,45
374,9,36,45,46
374,10,37,46,47
374,11,38,47,48
374,12,39,48,22
374,13,64,22,67
374,14,65,67,68
374,15,66,68,27
374,16,70,27,38
374,17,71,38,35
374,18,72,35,34
374,19,74,34,32
374,20,75,32,31
375,1,14,7,6
375,2,29,6,49
375,3,30,49,19
375,4,31,19,20
375,5,32,20,21
375,6,33,21,43
375,7,34,43,44
375,8,35,44,45
375,9,36,45,46
375,10,37,46,47
375,11,38,47,48
375,12,39,48,22
375,13,64,22,67
375,14,65,67,68
375,15,66,68,27
375,16,70,27,38
375,17,71,38,35
375,18,72,35,34
375,19,73,34,33
376,1,14,7,6
376,2,29,6,49
376,3,30,49,19
376,4,31,19,20
376,5,32,20,21
376,6,33,21,43
376,7,34,43,44
376,8,35,44,45
376,9,36,45,46
376,10,37,46,47
376,11,38,47,48
376,12,39,48,22
376,13,64,22,67
376,14,65,67,68
376,15,66,68,27
376,16,70,27,38
376,17,71,38,35
377,1,14,7,6
377,2,29,6,49
377,3,30,49,19
377,4,31,19,20
377,5,32,20,21
377,6,33,21,43
377,7,34,43,44
377,8,35,44,45
377,9,36,45,46
377,10,37,46,47
377,11,38,47,48
377,12,39,48,22
377,13,64,22,67
377,14,65,67,68
377,15,66,68,27
377,16,70,27,38
377,17,71,38,35
377,18,72,35,34
377,19,82,34,36
377,20,77,36,37
378,1,14,7,6
378,2,29,6,49
378,3,30,49,19
378,4,31,19,20
378,5,32,20,21
378,6,33,21,43
378,7,34,43,44
378,8,35,44,45
378,9,36,45,46
378,10,37,46,47
378,11,38,47,48
378,12,39,48,22
378,13,64,22,67
378,14,65,67,68
378,15,66,68,27
378,16,70,27,38
378,17,71,38,35
378,18,72,35,34
378,19,73,34,33
378,20,79,33,70
378,21,80,70,39
379,1,14,7,6
379,2,13,6,5
380,1,14,7,6
