"CY","zip","Daily.kgH2","country"
2018,90007,0,"USA"
2019,90007,0,"USA"
2020,90007,0,"USA"
2021,90007,0,"USA"
2022,90007,15,"USA"
2023,90007,52.5,"USA"
2024,90007,97.5,"USA"
2025,90007,150,"USA"
2026,90007,210,"USA"
2027,90007,277.5,"USA"
2028,90007,352.5,"USA"
2029,90007,427.5,"USA"
2030,90007,510,"USA"
2018,90012,0,"USA"
2019,90012,0,"USA"
2020,90012,0,"USA"
2021,90012,0,"USA"
2022,90012,0,"USA"
2023,90012,21.5827338129496,"USA"
2024,90012,118.705035971223,"USA"
2025,90012,183.453237410072,"USA"
2026,90012,312.94964028777,"USA"
2027,90012,464.028776978417,"USA"
2028,90012,625.89928057554,"USA"
2029,90012,809.352517985611,"USA"
2030,90012,992.805755395683,"USA"
2018,90015,0,"USA"
2019,90015,0,"USA"
2020,90015,0,"USA"
2021,90015,0,"USA"
2022,90015,15,"USA"
2023,90015,52.5,"USA"
2024,90015,97.5,"USA"
2025,90015,150,"USA"
2026,90015,210,"USA"
2027,90015,277.5,"USA"
2028,90015,352.5,"USA"
2029,90015,427.5,"USA"
2030,90015,510,"USA"
2018,90016,0,"USA"
2019,90016,20,"USA"
2020,90016,50,"USA"
2021,90016,100,"USA"
2022,90016,160,"USA"
2023,90016,240,"USA"
2024,90016,340,"USA"
2025,90016,440,"USA"
2026,90016,570,"USA"
2027,90016,710,"USA"
2028,90016,870,"USA"
2029,90016,1040,"USA"
2030,90016,1160,"USA"
2018,90021,0,"USA"
2019,90021,0,"USA"
2020,90021,0,"USA"
2021,90021,0,"USA"
2022,90021,0,"USA"
2023,90021,43.1654676258993,"USA"
2024,90021,237.410071942446,"USA"
2025,90021,2482.01438848921,"USA"
2026,90021,2589.92805755396,"USA"
2027,90021,2741.0071942446,"USA"
2028,90021,2902.87769784173,"USA"
2029,90021,3086.3309352518,"USA"
2030,90021,3258.9928057554,"USA"
2018,90025,0,"USA"
2019,90025,0,"USA"
2020,90025,0,"USA"
2021,90025,0,"USA"
2022,90025,15,"USA"
2023,90025,52.5,"USA"
2024,90025,97.5,"USA"
2025,90025,150,"USA"
2026,90025,210,"USA"
2027,90025,277.5,"USA"
2028,90025,352.5,"USA"
2029,90025,427.5,"USA"
2030,90025,510,"USA"
2018,90031,0,"USA"
2019,90031,0,"USA"
2020,90031,0,"USA"
2021,90031,0,"USA"
2022,90031,15,"USA"
2023,90031,52.5,"USA"
2024,90031,97.5,"USA"
2025,90031,150,"USA"
2026,90031,210,"USA"
2027,90031,277.5,"USA"
2028,90031,352.5,"USA"
2029,90031,427.5,"USA"
2030,90031,510,"USA"
2018,90033,0,"USA"
2019,90033,0,"USA"
2020,90033,0,"USA"
2021,90033,0,"USA"
2022,90033,0,"USA"
2023,90033,21.5827338129496,"USA"
2024,90033,118.705035971223,"USA"
2025,90033,183.453237410072,"USA"
2026,90033,312.94964028777,"USA"
2027,90033,464.028776978417,"USA"
2028,90033,625.89928057554,"USA"
2029,90033,809.352517985611,"USA"
2030,90033,992.805755395683,"USA"
2018,90045,0,"USA"
2019,90045,20,"USA"
2020,90045,50,"USA"
2021,90045,100,"USA"
2022,90045,175,"USA"
2023,90045,292.5,"USA"
2024,90045,437.5,"USA"
2025,90045,1150,"USA"
2026,90045,1200,"USA"
2027,90045,1277.5,"USA"
2028,90045,1342.5,"USA"
2029,90045,1417.5,"USA"
2030,90045,1480,"USA"
2018,90062,0,"USA"
2019,90062,0,"USA"
2020,90062,0,"USA"
2021,90062,0,"USA"
2022,90062,0,"USA"
2023,90062,21.5827338129496,"USA"
2024,90062,118.705035971223,"USA"
2025,90062,183.453237410072,"USA"
2026,90062,312.94964028777,"USA"
2027,90062,464.028776978417,"USA"
2028,90062,625.89928057554,"USA"
2029,90062,809.352517985611,"USA"
2030,90062,992.805755395683,"USA"
2018,90065,0,"USA"
2019,90065,20,"USA"
2020,90065,50,"USA"
2021,90065,100,"USA"
2022,90065,175,"USA"
2023,90065,314.08273381295,"USA"
2024,90065,556.205035971223,"USA"
2025,90065,773.453237410072,"USA"
2026,90065,1092.94964028777,"USA"
2027,90065,1451.52877697842,"USA"
2028,90065,1848.39928057554,"USA"
2029,90065,2276.85251798561,"USA"
2030,90065,2662.80575539568,"USA"
2018,90069,0,"USA"
2019,90069,0,"USA"
2020,90069,0,"USA"
2021,90069,0,"USA"
2022,90069,0,"USA"
2023,90069,21.5827338129496,"USA"
2024,90069,118.705035971223,"USA"
2025,90069,183.453237410072,"USA"
2026,90069,312.94964028777,"USA"
2027,90069,464.028776978417,"USA"
2028,90069,625.89928057554,"USA"
2029,90069,809.352517985611,"USA"
2030,90069,992.805755395683,"USA"
2018,90220,0,"USA"
2019,90220,20,"USA"
2020,90220,50,"USA"
2021,90220,100,"USA"
2022,90220,160,"USA"
2023,90220,240,"USA"
2024,90220,340,"USA"
2025,90220,440,"USA"
2026,90220,570,"USA"
2027,90220,710,"USA"
2028,90220,870,"USA"
2029,90220,1040,"USA"
2030,90220,1160,"USA"
2018,90232,0,"USA"
2019,90232,0,"USA"
2020,90232,0,"USA"
2021,90232,0,"USA"
2022,90232,15,"USA"
2023,90232,52.5,"USA"
2024,90232,97.5,"USA"
2025,90232,150,"USA"
2026,90232,210,"USA"
2027,90232,277.5,"USA"
2028,90232,352.5,"USA"
2029,90232,427.5,"USA"
2030,90232,510,"USA"
2018,90247,0,"USA"
2019,90247,0,"USA"
2020,90247,0,"USA"
2021,90247,0,"USA"
2022,90247,15,"USA"
2023,90247,52.5,"USA"
2024,90247,97.5,"USA"
2025,90247,150,"USA"
2026,90247,210,"USA"
2027,90247,277.5,"USA"
2028,90247,352.5,"USA"
2029,90247,427.5,"USA"
2030,90247,510,"USA"
2018,90248,0,"USA"
2019,90248,0,"USA"
2020,90248,0,"USA"
2021,90248,0,"USA"
2022,90248,15,"USA"
2023,90248,74.0827338129496,"USA"
2024,90248,216.205035971223,"USA"
2025,90248,333.453237410072,"USA"
2026,90248,522.94964028777,"USA"
2027,90248,741.528776978417,"USA"
2028,90248,978.39928057554,"USA"
2029,90248,1236.85251798561,"USA"
2030,90248,1502.80575539568,"USA"
2018,90250,0,"USA"
2019,90250,0,"USA"
2020,90250,0,"USA"
2021,90250,0,"USA"
2022,90250,15,"USA"
2023,90250,52.5,"USA"
2024,90250,97.5,"USA"
2025,90250,150,"USA"
2026,90250,210,"USA"
2027,90250,277.5,"USA"
2028,90250,352.5,"USA"
2029,90250,427.5,"USA"
2030,90250,510,"USA"
2018,90291,0,"USA"
2019,90291,0,"USA"
2020,90291,0,"USA"
2021,90291,0,"USA"
2022,90291,0,"USA"
2023,90291,21.5827338129496,"USA"
2024,90291,118.705035971223,"USA"
2025,90291,183.453237410072,"USA"
2026,90291,312.94964028777,"USA"
2027,90291,464.028776978417,"USA"
2028,90291,625.89928057554,"USA"
2029,90291,809.352517985611,"USA"
2030,90291,992.805755395683,"USA"
2018,90292,0,"USA"
2019,90292,0,"USA"
2020,90292,0,"USA"
2021,90292,0,"USA"
2022,90292,15,"USA"
2023,90292,52.5,"USA"
2024,90292,97.5,"USA"
2025,90292,150,"USA"
2026,90292,210,"USA"
2027,90292,277.5,"USA"
2028,90292,352.5,"USA"
2029,90292,427.5,"USA"
2030,90292,510,"USA"
2018,90401,0,"USA"
2019,90401,0,"USA"
2020,90401,0,"USA"
2021,90401,0,"USA"
2022,90401,0,"USA"
2023,90401,21.5827338129496,"USA"
2024,90401,118.705035971223,"USA"
2025,90401,183.453237410072,"USA"
2026,90401,312.94964028777,"USA"
2027,90401,464.028776978417,"USA"
2028,90401,625.89928057554,"USA"
2029,90401,809.352517985611,"USA"
2030,90401,992.805755395683,"USA"
2018,90620,0,"USA"
2019,90620,20,"USA"
2020,90620,50,"USA"
2021,90620,100,"USA"
2022,90620,160,"USA"
2023,90620,240,"USA"
2024,90620,340,"USA"
2025,90620,440,"USA"
2026,90620,570,"USA"
2027,90620,710,"USA"
2028,90620,870,"USA"
2029,90620,1040,"USA"
2030,90620,1160,"USA"
2018,90650,0,"USA"
2019,90650,20,"USA"
2020,90650,50,"USA"
2021,90650,100,"USA"
2022,90650,160,"USA"
2023,90650,240,"USA"
2024,90650,340,"USA"
2025,90650,440,"USA"
2026,90650,570,"USA"
2027,90650,710,"USA"
2028,90650,870,"USA"
2029,90650,1040,"USA"
2030,90650,1160,"USA"
2018,90670,0,"USA"
2019,90670,0,"USA"
2020,90670,0,"USA"
2021,90670,0,"USA"
2022,90670,15,"USA"
2023,90670,52.5,"USA"
2024,90670,97.5,"USA"
2025,90670,150,"USA"
2026,90670,210,"USA"
2027,90670,277.5,"USA"
2028,90670,352.5,"USA"
2029,90670,427.5,"USA"
2030,90670,510,"USA"
2018,90703,0,"USA"
2019,90703,0,"USA"
2020,90703,0,"USA"
2021,90703,0,"USA"
2022,90703,15,"USA"
2023,90703,52.5,"USA"
2024,90703,97.5,"USA"
2025,90703,150,"USA"
2026,90703,210,"USA"
2027,90703,277.5,"USA"
2028,90703,352.5,"USA"
2029,90703,427.5,"USA"
2030,90703,510,"USA"
2018,90704,0,"USA"
2019,90704,0,"USA"
2020,90704,0,"USA"
2021,90704,0,"USA"
2022,90704,15,"USA"
2023,90704,52.5,"USA"
2024,90704,97.5,"USA"
2025,90704,150,"USA"
2026,90704,210,"USA"
2027,90704,277.5,"USA"
2028,90704,352.5,"USA"
2029,90704,427.5,"USA"
2030,90704,510,"USA"
2018,90731,40,"USA"
2019,90731,40,"USA"
2020,90731,4160,"USA"
2021,90731,4790,"USA"
2022,90731,5620,"USA"
2023,90731,6650,"USA"
2024,90731,7870,"USA"
2025,90731,9280,"USA"
2026,90731,10890,"USA"
2027,90731,12710,"USA"
2028,90731,14700,"USA"
2029,90731,16800,"USA"
2030,90731,19040,"USA"
2018,90755,0,"USA"
2019,90755,20,"USA"
2020,90755,50,"USA"
2021,90755,100,"USA"
2022,90755,175,"USA"
2023,90755,292.5,"USA"
2024,90755,437.5,"USA"
2025,90755,590,"USA"
2026,90755,780,"USA"
2027,90755,987.5,"USA"
2028,90755,1222.5,"USA"
2029,90755,1467.5,"USA"
2030,90755,1670,"USA"
2018,90802,40,"USA"
2019,90802,2290,"USA"
2020,90802,2270,"USA"
2021,90802,2910,"USA"
2022,90802,3760,"USA"
2023,90802,4810,"USA"
2024,90802,6050,"USA"
2025,90802,7490,"USA"
2026,90802,9110,"USA"
2027,90802,10950,"USA"
2028,90802,12910,"USA"
2029,90802,15070,"USA"
2030,90802,17300,"USA"
2018,90808,0,"USA"
2019,90808,20,"USA"
2020,90808,50,"USA"
2021,90808,100,"USA"
2022,90808,160,"USA"
2023,90808,240,"USA"
2024,90808,340,"USA"
2025,90808,440,"USA"
2026,90808,570,"USA"
2027,90808,710,"USA"
2028,90808,870,"USA"
2029,90808,1000,"USA"
2030,90808,960,"USA"
2018,91006,0,"USA"
2019,91006,20,"USA"
2020,91006,50,"USA"
2021,91006,100,"USA"
2022,91006,160,"USA"
2023,91006,240,"USA"
2024,91006,340,"USA"
2025,91006,440,"USA"
2026,91006,570,"USA"
2027,91006,710,"USA"
2028,91006,870,"USA"
2029,91006,1040,"USA"
2030,91006,1160,"USA"
2018,91016,0,"USA"
2019,91016,20,"USA"
2020,91016,50,"USA"
2021,91016,100,"USA"
2022,91016,160,"USA"
2023,91016,240,"USA"
2024,91016,340,"USA"
2025,91016,440,"USA"
2026,91016,570,"USA"
2027,91016,710,"USA"
2028,91016,870,"USA"
2029,91016,1040,"USA"
2030,91016,1160,"USA"
2018,91303,0,"USA"
2019,91303,0,"USA"
2020,91303,0,"USA"
2021,91303,0,"USA"
2022,91303,15,"USA"
2023,91303,52.5,"USA"
2024,91303,97.5,"USA"
2025,91303,150,"USA"
2026,91303,210,"USA"
2027,91303,277.5,"USA"
2028,91303,352.5,"USA"
2029,91303,427.5,"USA"
2030,91303,510,"USA"
2018,91311,0,"USA"
2019,91311,0,"USA"
2020,91311,0,"USA"
2021,91311,0,"USA"
2022,91311,0,"USA"
2023,91311,21.5827338129496,"USA"
2024,91311,118.705035971223,"USA"
2025,91311,183.453237410072,"USA"
2026,91311,312.94964028777,"USA"
2027,91311,464.028776978417,"USA"
2028,91311,625.89928057554,"USA"
2029,91311,809.352517985611,"USA"
2030,91311,992.805755395683,"USA"
2018,91320,0,"USA"
2019,91320,0,"USA"
2020,91320,0,"USA"
2021,91320,0,"USA"
2022,91320,15,"USA"
2023,91320,52.5,"USA"
2024,91320,97.5,"USA"
2025,91320,150,"USA"
2026,91320,210,"USA"
2027,91320,277.5,"USA"
2028,91320,352.5,"USA"
2029,91320,427.5,"USA"
2030,91320,510,"USA"
2018,91342,0,"USA"
2019,91342,0,"USA"
2020,91342,0,"USA"
2021,91342,0,"USA"
2022,91342,15,"USA"
2023,91342,52.5,"USA"
2024,91342,97.5,"USA"
2025,91342,150,"USA"
2026,91342,210,"USA"
2027,91342,277.5,"USA"
2028,91342,352.5,"USA"
2029,91342,427.5,"USA"
2030,91342,510,"USA"
2018,91343,0,"USA"
2019,91343,0,"USA"
2020,91343,0,"USA"
2021,91343,0,"USA"
2022,91343,15,"USA"
2023,91343,52.5,"USA"
2024,91343,97.5,"USA"
2025,91343,150,"USA"
2026,91343,210,"USA"
2027,91343,277.5,"USA"
2028,91343,352.5,"USA"
2029,91343,427.5,"USA"
2030,91343,510,"USA"
2018,91352,0,"USA"
2019,91352,0,"USA"
2020,91352,0,"USA"
2021,91352,0,"USA"
2022,91352,15,"USA"
2023,91352,95.6654676258993,"USA"
2024,91352,334.910071942446,"USA"
2025,91352,516.906474820144,"USA"
2026,91352,835.89928057554,"USA"
2027,91352,1205.55755395683,"USA"
2028,91352,1604.29856115108,"USA"
2029,91352,2046.20503597122,"USA"
2030,91352,2495.61151079137,"USA"
2018,91355,0,"USA"
2019,91355,0,"USA"
2020,91355,0,"USA"
2021,91355,0,"USA"
2022,91355,0,"USA"
2023,91355,21.5827338129496,"USA"
2024,91355,118.705035971223,"USA"
2025,91355,183.453237410072,"USA"
2026,91355,312.94964028777,"USA"
2027,91355,464.028776978417,"USA"
2028,91355,625.89928057554,"USA"
2029,91355,809.352517985611,"USA"
2030,91355,992.805755395683,"USA"
2018,91406,0,"USA"
2019,91406,0,"USA"
2020,91406,0,"USA"
2021,91406,0,"USA"
2022,91406,15,"USA"
2023,91406,52.5,"USA"
2024,91406,97.5,"USA"
2025,91406,150,"USA"
2026,91406,210,"USA"
2027,91406,277.5,"USA"
2028,91406,352.5,"USA"
2029,91406,427.5,"USA"
2030,91406,510,"USA"
2018,91505,0,"USA"
2019,91505,20,"USA"
2020,91505,50,"USA"
2021,91505,100,"USA"
2022,91505,160,"USA"
2023,91505,240,"USA"
2024,91505,340,"USA"
2025,91505,440,"USA"
2026,91505,570,"USA"
2027,91505,710,"USA"
2028,91505,870,"USA"
2029,91505,1000,"USA"
2030,91505,960,"USA"
2018,91605,0,"USA"
2019,91605,20,"USA"
2020,91605,50,"USA"
2021,91605,100,"USA"
2022,91605,160,"USA"
2023,91605,240,"USA"
2024,91605,340,"USA"
2025,91605,440,"USA"
2026,91605,570,"USA"
2027,91605,710,"USA"
2028,91605,870,"USA"
2029,91605,1040,"USA"
2030,91605,1160,"USA"
2018,91706,0,"USA"
2019,91706,0,"USA"
2020,91706,0,"USA"
2021,91706,0,"USA"
2022,91706,15,"USA"
2023,91706,52.5,"USA"
2024,91706,97.5,"USA"
2025,91706,150,"USA"
2026,91706,210,"USA"
2027,91706,277.5,"USA"
2028,91706,352.5,"USA"
2029,91706,427.5,"USA"
2030,91706,510,"USA"
2018,91731,0,"USA"
2019,91731,0,"USA"
2020,91731,0,"USA"
2021,91731,0,"USA"
2022,91731,0,"USA"
2023,91731,21.5827338129496,"USA"
2024,91731,118.705035971223,"USA"
2025,91731,183.453237410072,"USA"
2026,91731,312.94964028777,"USA"
2027,91731,464.028776978417,"USA"
2028,91731,625.89928057554,"USA"
2029,91731,809.352517985611,"USA"
2030,91731,992.805755395683,"USA"
2018,91748,0,"USA"
2019,91748,0,"USA"
2020,91748,0,"USA"
2021,91748,0,"USA"
2022,91748,15,"USA"
2023,91748,52.5,"USA"
2024,91748,97.5,"USA"
2025,91748,150,"USA"
2026,91748,210,"USA"
2027,91748,277.5,"USA"
2028,91748,352.5,"USA"
2029,91748,427.5,"USA"
2030,91748,510,"USA"
2018,91761,0,"USA"
2019,91761,0,"USA"
2020,91761,0,"USA"
2021,91761,0,"USA"
2022,91761,30,"USA"
2023,91761,105,"USA"
2024,91761,195,"USA"
2025,91761,300,"USA"
2026,91761,420,"USA"
2027,91761,555,"USA"
2028,91761,705,"USA"
2029,91761,855,"USA"
2030,91761,1020,"USA"
2018,91773,0,"USA"
2019,91773,20,"USA"
2020,91773,50,"USA"
2021,91773,100,"USA"
2022,91773,160,"USA"
2023,91773,240,"USA"
2024,91773,340,"USA"
2025,91773,440,"USA"
2026,91773,570,"USA"
2027,91773,710,"USA"
2028,91773,870,"USA"
2029,91773,1040,"USA"
2030,91773,1160,"USA"
2018,91786,0,"USA"
2019,91786,20,"USA"
2020,91786,50,"USA"
2021,91786,100,"USA"
2022,91786,160,"USA"
2023,91786,240,"USA"
2024,91786,340,"USA"
2025,91786,440,"USA"
2026,91786,570,"USA"
2027,91786,710,"USA"
2028,91786,870,"USA"
2029,91786,1000,"USA"
2030,91786,960,"USA"
2018,91803,0,"USA"
2019,91803,20,"USA"
2020,91803,50,"USA"
2021,91803,100,"USA"
2022,91803,160,"USA"
2023,91803,240,"USA"
2024,91803,340,"USA"
2025,91803,440,"USA"
2026,91803,570,"USA"
2027,91803,710,"USA"
2028,91803,870,"USA"
2029,91803,1040,"USA"
2030,91803,1160,"USA"
2018,91911,0,"USA"
2019,91911,0,"USA"
2020,91911,0,"USA"
2021,91911,0,"USA"
2022,91911,0,"USA"
2023,91911,21.5827338129496,"USA"
2024,91911,118.705035971223,"USA"
2025,91911,183.453237410072,"USA"
2026,91911,312.94964028777,"USA"
2027,91911,464.028776978417,"USA"
2028,91911,625.89928057554,"USA"
2029,91911,809.352517985611,"USA"
2030,91911,992.805755395683,"USA"
2018,91914,0,"USA"
2019,91914,0,"USA"
2020,91914,0,"USA"
2021,91914,0,"USA"
2022,91914,15,"USA"
2023,91914,52.5,"USA"
2024,91914,97.5,"USA"
2025,91914,150,"USA"
2026,91914,210,"USA"
2027,91914,277.5,"USA"
2028,91914,352.5,"USA"
2029,91914,427.5,"USA"
2030,91914,510,"USA"
2018,92010,0,"USA"
2019,92010,0,"USA"
2020,92010,0,"USA"
2021,92010,0,"USA"
2022,92010,15,"USA"
2023,92010,52.5,"USA"
2024,92010,97.5,"USA"
2025,92010,150,"USA"
2026,92010,210,"USA"
2027,92010,277.5,"USA"
2028,92010,352.5,"USA"
2029,92010,427.5,"USA"
2030,92010,510,"USA"
2018,92020,0,"USA"
2019,92020,0,"USA"
2020,92020,0,"USA"
2021,92020,0,"USA"
2022,92020,0,"USA"
2023,92020,21.5827338129496,"USA"
2024,92020,118.705035971223,"USA"
2025,92020,183.453237410072,"USA"
2026,92020,312.94964028777,"USA"
2027,92020,464.028776978417,"USA"
2028,92020,625.89928057554,"USA"
2029,92020,809.352517985611,"USA"
2030,92020,992.805755395683,"USA"
2018,92069,0,"USA"
2019,92069,0,"USA"
2020,92069,0,"USA"
2021,92069,0,"USA"
2022,92069,15,"USA"
2023,92069,52.5,"USA"
2024,92069,97.5,"USA"
2025,92069,150,"USA"
2026,92069,210,"USA"
2027,92069,277.5,"USA"
2028,92069,352.5,"USA"
2029,92069,427.5,"USA"
2030,92069,510,"USA"
2018,92081,0,"USA"
2019,92081,20,"USA"
2020,92081,50,"USA"
2021,92081,100,"USA"
2022,92081,160,"USA"
2023,92081,240,"USA"
2024,92081,340,"USA"
2025,92081,440,"USA"
2026,92081,570,"USA"
2027,92081,710,"USA"
2028,92081,870,"USA"
2029,92081,1040,"USA"
2030,92081,1160,"USA"
2018,92101,40,"USA"
2019,92101,60,"USA"
2020,92101,90,"USA"
2021,92101,810,"USA"
2022,92101,1740,"USA"
2023,92101,2911.58273381295,"USA"
2024,92101,4368.70503597122,"USA"
2025,92101,5993.45323741007,"USA"
2026,92101,7902.94964028777,"USA"
2027,92101,10054.0287769784,"USA"
2028,92101,12405.8992805755,"USA"
2029,92101,14939.3525179856,"USA"
2030,92101,17452.8057553957,"USA"
2018,92102,0,"USA"
2019,92102,0,"USA"
2020,92102,0,"USA"
2021,92102,0,"USA"
2022,92102,15,"USA"
2023,92102,52.5,"USA"
2024,92102,97.5,"USA"
2025,92102,150,"USA"
2026,92102,210,"USA"
2027,92102,277.5,"USA"
2028,92102,352.5,"USA"
2029,92102,427.5,"USA"
2030,92102,510,"USA"
2018,92111,0,"USA"
2019,92111,0,"USA"
2020,92111,0,"USA"
2021,92111,0,"USA"
2022,92111,15,"USA"
2023,92111,95.6654676258993,"USA"
2024,92111,334.910071942446,"USA"
2025,92111,516.906474820144,"USA"
2026,92111,835.89928057554,"USA"
2027,92111,1205.55755395683,"USA"
2028,92111,1604.29856115108,"USA"
2029,92111,2046.20503597122,"USA"
2030,92111,2495.61151079137,"USA"
2018,92121,0,"USA"
2019,92121,20,"USA"
2020,92121,50,"USA"
2021,92121,100,"USA"
2022,92121,175,"USA"
2023,92121,292.5,"USA"
2024,92121,437.5,"USA"
2025,92121,590,"USA"
2026,92121,780,"USA"
2027,92121,987.5,"USA"
2028,92121,1222.5,"USA"
2029,92121,1467.5,"USA"
2030,92121,1670,"USA"
2018,92123,0,"USA"
2019,92123,0,"USA"
2020,92123,0,"USA"
2021,92123,0,"USA"
2022,92123,15,"USA"
2023,92123,52.5,"USA"
2024,92123,97.5,"USA"
2025,92123,150,"USA"
2026,92123,210,"USA"
2027,92123,277.5,"USA"
2028,92123,352.5,"USA"
2029,92123,427.5,"USA"
2030,92123,510,"USA"
2018,92154,0,"USA"
2019,92154,0,"USA"
2020,92154,0,"USA"
2021,92154,0,"USA"
2022,92154,15,"USA"
2023,92154,52.5,"USA"
2024,92154,97.5,"USA"
2025,92154,150,"USA"
2026,92154,210,"USA"
2027,92154,277.5,"USA"
2028,92154,352.5,"USA"
2029,92154,427.5,"USA"
2030,92154,510,"USA"
2018,92243,0,"USA"
2019,92243,0,"USA"
2020,92243,0,"USA"
2021,92243,0,"USA"
2022,92243,15,"USA"
2023,92243,52.5,"USA"
2024,92243,97.5,"USA"
2025,92243,150,"USA"
2026,92243,210,"USA"
2027,92243,277.5,"USA"
2028,92243,352.5,"USA"
2029,92243,427.5,"USA"
2030,92243,510,"USA"
2018,92251,0,"USA"
2019,92251,0,"USA"
2020,92251,0,"USA"
2021,92251,0,"USA"
2022,92251,15,"USA"
2023,92251,52.5,"USA"
2024,92251,97.5,"USA"
2025,92251,150,"USA"
2026,92251,210,"USA"
2027,92251,277.5,"USA"
2028,92251,352.5,"USA"
2029,92251,427.5,"USA"
2030,92251,510,"USA"
2018,92262,0,"USA"
2019,92262,0,"USA"
2020,92262,0,"USA"
2021,92262,0,"USA"
2022,92262,30,"USA"
2023,92262,105,"USA"
2024,92262,195,"USA"
2025,92262,300,"USA"
2026,92262,420,"USA"
2027,92262,555,"USA"
2028,92262,705,"USA"
2029,92262,855,"USA"
2030,92262,1020,"USA"
2018,92284,0,"USA"
2019,92284,0,"USA"
2020,92284,0,"USA"
2021,92284,0,"USA"
2022,92284,15,"USA"
2023,92284,52.5,"USA"
2024,92284,97.5,"USA"
2025,92284,150,"USA"
2026,92284,210,"USA"
2027,92284,277.5,"USA"
2028,92284,352.5,"USA"
2029,92284,427.5,"USA"
2030,92284,510,"USA"
2018,92392,0,"USA"
2019,92392,0,"USA"
2020,92392,0,"USA"
2021,92392,0,"USA"
2022,92392,30,"USA"
2023,92392,105,"USA"
2024,92392,195,"USA"
2025,92392,300,"USA"
2026,92392,420,"USA"
2027,92392,555,"USA"
2028,92392,705,"USA"
2029,92392,855,"USA"
2030,92392,1020,"USA"
2018,92408,0,"USA"
2019,92408,0,"USA"
2020,92408,0,"USA"
2021,92408,0,"USA"
2022,92408,15,"USA"
2023,92408,52.5,"USA"
2024,92408,97.5,"USA"
2025,92408,150,"USA"
2026,92408,210,"USA"
2027,92408,277.5,"USA"
2028,92408,352.5,"USA"
2029,92408,427.5,"USA"
2030,92408,510,"USA"
2018,92503,0,"USA"
2019,92503,20,"USA"
2020,92503,50,"USA"
2021,92503,100,"USA"
2022,92503,160,"USA"
2023,92503,240,"USA"
2024,92503,340,"USA"
2025,92503,440,"USA"
2026,92503,570,"USA"
2027,92503,710,"USA"
2028,92503,870,"USA"
2029,92503,1040,"USA"
2030,92503,1160,"USA"
2018,92507,0,"USA"
2019,92507,0,"USA"
2020,92507,0,"USA"
2021,92507,0,"USA"
2022,92507,15,"USA"
2023,92507,74.0827338129496,"USA"
2024,92507,216.205035971223,"USA"
2025,92507,333.453237410072,"USA"
2026,92507,522.94964028777,"USA"
2027,92507,741.528776978417,"USA"
2028,92507,978.39928057554,"USA"
2029,92507,1236.85251798561,"USA"
2030,92507,1502.80575539568,"USA"
2018,92545,0,"USA"
2019,92545,0,"USA"
2020,92545,0,"USA"
2021,92545,0,"USA"
2022,92545,0,"USA"
2023,92545,21.5827338129496,"USA"
2024,92545,118.705035971223,"USA"
2025,92545,183.453237410072,"USA"
2026,92545,312.94964028777,"USA"
2027,92545,464.028776978417,"USA"
2028,92545,464.028776978417,"USA"
2029,92545,464.028776978417,"USA"
2030,92545,453.237410071942,"USA"
2018,92585,0,"USA"
2019,92585,0,"USA"
2020,92585,0,"USA"
2021,92585,0,"USA"
2022,92585,15,"USA"
2023,92585,52.5,"USA"
2024,92585,97.5,"USA"
2025,92585,150,"USA"
2026,92585,210,"USA"
2027,92585,277.5,"USA"
2028,92585,352.5,"USA"
2029,92585,427.5,"USA"
2030,92585,510,"USA"
2018,92590,0,"USA"
2019,92590,0,"USA"
2020,92590,0,"USA"
2021,92590,0,"USA"
2022,92590,15,"USA"
2023,92590,52.5,"USA"
2024,92590,97.5,"USA"
2025,92590,150,"USA"
2026,92590,210,"USA"
2027,92590,277.5,"USA"
2028,92590,352.5,"USA"
2029,92590,427.5,"USA"
2030,92590,510,"USA"
2018,92618,0,"USA"
2019,92618,0,"USA"
2020,92618,0,"USA"
2021,92618,0,"USA"
2022,92618,15,"USA"
2023,92618,52.5,"USA"
2024,92618,97.5,"USA"
2025,92618,150,"USA"
2026,92618,210,"USA"
2027,92618,277.5,"USA"
2028,92618,352.5,"USA"
2029,92618,427.5,"USA"
2030,92618,510,"USA"
2018,92626,0,"USA"
2019,92626,20,"USA"
2020,92626,50,"USA"
2021,92626,100,"USA"
2022,92626,175,"USA"
2023,92626,292.5,"USA"
2024,92626,437.5,"USA"
2025,92626,590,"USA"
2026,92626,780,"USA"
2027,92626,987.5,"USA"
2028,92626,1222.5,"USA"
2029,92626,1427.5,"USA"
2030,92626,1470,"USA"
2018,92656,0,"USA"
2019,92656,0,"USA"
2020,92656,0,"USA"
2021,92656,0,"USA"
2022,92656,15,"USA"
2023,92656,52.5,"USA"
2024,92656,97.5,"USA"
2025,92656,150,"USA"
2026,92656,210,"USA"
2027,92656,277.5,"USA"
2028,92656,352.5,"USA"
2029,92656,427.5,"USA"
2030,92656,510,"USA"
2018,92704,0,"USA"
2019,92704,0,"USA"
2020,92704,0,"USA"
2021,92704,0,"USA"
2022,92704,0,"USA"
2023,92704,21.5827338129496,"USA"
2024,92704,118.705035971223,"USA"
2025,92704,183.453237410072,"USA"
2026,92704,312.94964028777,"USA"
2027,92704,464.028776978417,"USA"
2028,92704,625.89928057554,"USA"
2029,92704,809.352517985611,"USA"
2030,92704,992.805755395683,"USA"
2018,92805,0,"USA"
2019,92805,0,"USA"
2020,92805,0,"USA"
2021,92805,0,"USA"
2022,92805,15,"USA"
2023,92805,52.5,"USA"
2024,92805,97.5,"USA"
2025,92805,150,"USA"
2026,92805,210,"USA"
2027,92805,277.5,"USA"
2028,92805,352.5,"USA"
2029,92805,427.5,"USA"
2030,92805,510,"USA"
2018,92831,0,"USA"
2019,92831,0,"USA"
2020,92831,0,"USA"
2021,92831,0,"USA"
2022,92831,15,"USA"
2023,92831,52.5,"USA"
2024,92831,97.5,"USA"
2025,92831,150,"USA"
2026,92831,210,"USA"
2027,92831,277.5,"USA"
2028,92831,352.5,"USA"
2029,92831,427.5,"USA"
2030,92831,510,"USA"
2018,92843,0,"USA"
2019,92843,0,"USA"
2020,92843,0,"USA"
2021,92843,0,"USA"
2022,92843,0,"USA"
2023,92843,21.5827338129496,"USA"
2024,92843,118.705035971223,"USA"
2025,92843,183.453237410072,"USA"
2026,92843,312.94964028777,"USA"
2027,92843,464.028776978417,"USA"
2028,92843,625.89928057554,"USA"
2029,92843,809.352517985611,"USA"
2030,92843,992.805755395683,"USA"
2018,92879,0,"USA"
2019,92879,20,"USA"
2020,92879,50,"USA"
2021,92879,100,"USA"
2022,92879,160,"USA"
2023,92879,240,"USA"
2024,92879,340,"USA"
2025,92879,440,"USA"
2026,92879,570,"USA"
2027,92879,710,"USA"
2028,92879,870,"USA"
2029,92879,1040,"USA"
2030,92879,1160,"USA"
2018,93003,0,"USA"
2019,93003,0,"USA"
2020,93003,0,"USA"
2021,93003,0,"USA"
2022,93003,15,"USA"
2023,93003,52.5,"USA"
2024,93003,97.5,"USA"
2025,93003,150,"USA"
2026,93003,210,"USA"
2027,93003,277.5,"USA"
2028,93003,352.5,"USA"
2029,93003,427.5,"USA"
2030,93003,510,"USA"
2018,93036,0,"USA"
2019,93036,0,"USA"
2020,93036,0,"USA"
2021,93036,0,"USA"
2022,93036,15,"USA"
2023,93036,52.5,"USA"
2024,93036,97.5,"USA"
2025,93036,150,"USA"
2026,93036,210,"USA"
2027,93036,277.5,"USA"
2028,93036,352.5,"USA"
2029,93036,427.5,"USA"
2030,93036,510,"USA"
2018,93041,40,"USA"
2019,93041,40,"USA"
2020,93041,40,"USA"
2021,93041,710,"USA"
2022,93041,1580,"USA"
2023,93041,2650,"USA"
2024,93041,3910,"USA"
2025,93041,5370,"USA"
2026,93041,7020,"USA"
2027,93041,8880,"USA"
2028,93041,10910,"USA"
2029,93041,13130,"USA"
2030,93041,15500,"USA"
2018,93101,0,"USA"
2019,93101,0,"USA"
2020,93101,0,"USA"
2021,93101,0,"USA"
2022,93101,0,"USA"
2023,93101,21.5827338129496,"USA"
2024,93101,118.705035971223,"USA"
2025,93101,183.453237410072,"USA"
2026,93101,312.94964028777,"USA"
2027,93101,464.028776978417,"USA"
2028,93101,625.89928057554,"USA"
2029,93101,809.352517985611,"USA"
2030,93101,992.805755395683,"USA"
2018,93117,0,"USA"
2019,93117,0,"USA"
2020,93117,0,"USA"
2021,93117,0,"USA"
2022,93117,30,"USA"
2023,93117,105,"USA"
2024,93117,195,"USA"
2025,93117,300,"USA"
2026,93117,420,"USA"
2027,93117,555,"USA"
2028,93117,705,"USA"
2029,93117,855,"USA"
2030,93117,1020,"USA"
2018,93277,0,"USA"
2019,93277,0,"USA"
2020,93277,0,"USA"
2021,93277,0,"USA"
2022,93277,15,"USA"
2023,93277,52.5,"USA"
2024,93277,97.5,"USA"
2025,93277,150,"USA"
2026,93277,210,"USA"
2027,93277,277.5,"USA"
2028,93277,352.5,"USA"
2029,93277,427.5,"USA"
2030,93277,510,"USA"
2018,93291,0,"USA"
2019,93291,0,"USA"
2020,93291,0,"USA"
2021,93291,0,"USA"
2022,93291,15,"USA"
2023,93291,52.5,"USA"
2024,93291,97.5,"USA"
2025,93291,150,"USA"
2026,93291,210,"USA"
2027,93291,277.5,"USA"
2028,93291,352.5,"USA"
2029,93291,427.5,"USA"
2030,93291,510,"USA"
2018,93308,0,"USA"
2019,93308,0,"USA"
2020,93308,0,"USA"
2021,93308,0,"USA"
2022,93308,30,"USA"
2023,93308,105,"USA"
2024,93308,195,"USA"
2025,93308,300,"USA"
2026,93308,420,"USA"
2027,93308,555,"USA"
2028,93308,705,"USA"
2029,93308,855,"USA"
2030,93308,1020,"USA"
2018,93401,0,"USA"
2019,93401,0,"USA"
2020,93401,0,"USA"
2021,93401,0,"USA"
2022,93401,30,"USA"
2023,93401,105,"USA"
2024,93401,195,"USA"
2025,93401,300,"USA"
2026,93401,420,"USA"
2027,93401,555,"USA"
2028,93401,705,"USA"
2029,93401,855,"USA"
2030,93401,1020,"USA"
2018,93455,0,"USA"
2019,93455,0,"USA"
2020,93455,0,"USA"
2021,93455,0,"USA"
2022,93455,30,"USA"
2023,93455,105,"USA"
2024,93455,195,"USA"
2025,93455,300,"USA"
2026,93455,420,"USA"
2027,93455,555,"USA"
2028,93455,705,"USA"
2029,93455,855,"USA"
2030,93455,1020,"USA"
2018,93501,0,"USA"
2019,93501,0,"USA"
2020,93501,0,"USA"
2021,93501,0,"USA"
2022,93501,15,"USA"
2023,93501,52.5,"USA"
2024,93501,97.5,"USA"
2025,93501,150,"USA"
2026,93501,210,"USA"
2027,93501,277.5,"USA"
2028,93501,352.5,"USA"
2029,93501,427.5,"USA"
2030,93501,510,"USA"
2018,93514,0,"USA"
2019,93514,0,"USA"
2020,93514,0,"USA"
2021,93514,0,"USA"
2022,93514,15,"USA"
2023,93514,52.5,"USA"
2024,93514,97.5,"USA"
2025,93514,150,"USA"
2026,93514,210,"USA"
2027,93514,277.5,"USA"
2028,93514,352.5,"USA"
2029,93514,427.5,"USA"
2030,93514,510,"USA"
2018,93534,0,"USA"
2019,93534,0,"USA"
2020,93534,0,"USA"
2021,93534,0,"USA"
2022,93534,15,"USA"
2023,93534,52.5,"USA"
2024,93534,97.5,"USA"
2025,93534,150,"USA"
2026,93534,210,"USA"
2027,93534,277.5,"USA"
2028,93534,352.5,"USA"
2029,93534,427.5,"USA"
2030,93534,510,"USA"
2018,93535,0,"USA"
2019,93535,0,"USA"
2020,93535,0,"USA"
2021,93535,0,"USA"
2022,93535,15,"USA"
2023,93535,52.5,"USA"
2024,93535,97.5,"USA"
2025,93535,150,"USA"
2026,93535,210,"USA"
2027,93535,277.5,"USA"
2028,93535,352.5,"USA"
2029,93535,427.5,"USA"
2030,93535,510,"USA"
2018,93555,0,"USA"
2019,93555,0,"USA"
2020,93555,0,"USA"
2021,93555,0,"USA"
2022,93555,30,"USA"
2023,93555,105,"USA"
2024,93555,195,"USA"
2025,93555,300,"USA"
2026,93555,420,"USA"
2027,93555,555,"USA"
2028,93555,705,"USA"
2029,93555,855,"USA"
2030,93555,1020,"USA"
2018,93612,0,"USA"
2019,93612,0,"USA"
2020,93612,0,"USA"
2021,93612,0,"USA"
2022,93612,15,"USA"
2023,93612,52.5,"USA"
2024,93612,97.5,"USA"
2025,93612,150,"USA"
2026,93612,210,"USA"
2027,93612,277.5,"USA"
2028,93612,352.5,"USA"
2029,93612,427.5,"USA"
2030,93612,510,"USA"
2018,93706,0,"USA"
2019,93706,0,"USA"
2020,93706,0,"USA"
2021,93706,0,"USA"
2022,93706,0,"USA"
2023,93706,21.5827338129496,"USA"
2024,93706,118.705035971223,"USA"
2025,93706,183.453237410072,"USA"
2026,93706,312.94964028777,"USA"
2027,93706,464.028776978417,"USA"
2028,93706,625.89928057554,"USA"
2029,93706,809.352517985611,"USA"
2030,93706,992.805755395683,"USA"
2018,93727,0,"USA"
2019,93727,20,"USA"
2020,93727,50,"USA"
2021,93727,100,"USA"
2022,93727,160,"USA"
2023,93727,240,"USA"
2024,93727,340,"USA"
2025,93727,440,"USA"
2026,93727,570,"USA"
2027,93727,710,"USA"
2028,93727,870,"USA"
2029,93727,1000,"USA"
2030,93727,960,"USA"
2018,93728,0,"USA"
2019,93728,0,"USA"
2020,93728,0,"USA"
2021,93728,0,"USA"
2022,93728,15,"USA"
2023,93728,52.5,"USA"
2024,93728,97.5,"USA"
2025,93728,150,"USA"
2026,93728,210,"USA"
2027,93728,277.5,"USA"
2028,93728,352.5,"USA"
2029,93728,427.5,"USA"
2030,93728,510,"USA"
2018,93907,0,"USA"
2019,93907,0,"USA"
2020,93907,0,"USA"
2021,93907,0,"USA"
2022,93907,15,"USA"
2023,93907,52.5,"USA"
2024,93907,97.5,"USA"
2025,93907,150,"USA"
2026,93907,210,"USA"
2027,93907,277.5,"USA"
2028,93907,352.5,"USA"
2029,93907,427.5,"USA"
2030,93907,510,"USA"
2018,93940,0,"USA"
2019,93940,0,"USA"
2020,93940,0,"USA"
2021,93940,0,"USA"
2022,93940,30,"USA"
2023,93940,126.58273381295,"USA"
2024,93940,313.705035971223,"USA"
2025,93940,483.453237410072,"USA"
2026,93940,732.94964028777,"USA"
2027,93940,1019.02877697842,"USA"
2028,93940,1330.89928057554,"USA"
2029,93940,1664.35251798561,"USA"
2030,93940,2012.80575539568,"USA"
2018,94025,0,"USA"
2019,94025,0,"USA"
2020,94025,0,"USA"
2021,94025,0,"USA"
2022,94025,30,"USA"
2023,94025,105,"USA"
2024,94025,195,"USA"
2025,94025,300,"USA"
2026,94025,420,"USA"
2027,94025,555,"USA"
2028,94025,705,"USA"
2029,94025,855,"USA"
2030,94025,1020,"USA"
2018,94043,0,"USA"
2019,94043,0,"USA"
2020,94043,0,"USA"
2021,94043,0,"USA"
2022,94043,0,"USA"
2023,94043,21.5827338129496,"USA"
2024,94043,118.705035971223,"USA"
2025,94043,183.453237410072,"USA"
2026,94043,312.94964028777,"USA"
2027,94043,464.028776978417,"USA"
2028,94043,625.89928057554,"USA"
2029,94043,809.352517985611,"USA"
2030,94043,992.805755395683,"USA"
2018,94063,40,"USA"
2019,94063,40,"USA"
2020,94063,40,"USA"
2021,94063,710,"USA"
2022,94063,1580,"USA"
2023,94063,2650,"USA"
2024,94063,3910,"USA"
2025,94063,5370,"USA"
2026,94063,7020,"USA"
2027,94063,8880,"USA"
2028,94063,10910,"USA"
2029,94063,13130,"USA"
2030,94063,15500,"USA"
2018,94070,0,"USA"
2019,94070,0,"USA"
2020,94070,0,"USA"
2021,94070,0,"USA"
2022,94070,0,"USA"
2023,94070,1230.21582733813,"USA"
2024,94070,1316.54676258993,"USA"
2025,94070,1370.5035971223,"USA"
2026,94070,1478.41726618705,"USA"
2027,94070,1467.62589928058,"USA"
2028,94070,1478.41726618705,"USA"
2029,94070,1478.41726618705,"USA"
2030,94070,1467.62589928058,"USA"
2018,94080,0,"USA"
2019,94080,20,"USA"
2020,94080,50,"USA"
2021,94080,100,"USA"
2022,94080,1279.92805755396,"USA"
2023,94080,1920.53956834532,"USA"
2024,94080,2196.87050359712,"USA"
2025,94080,2445.03597122302,"USA"
2026,94080,2813.74100719424,"USA"
2027,94080,3218.23741007194,"USA"
2028,94080,3614.56834532374,"USA"
2029,94080,3883.77697841727,"USA"
2030,94080,4008.77697841727,"USA"
2018,94085,0,"USA"
2019,94085,20,"USA"
2020,94085,50,"USA"
2021,94085,100,"USA"
2022,94085,160,"USA"
2023,94085,240,"USA"
2024,94085,340,"USA"
2025,94085,440,"USA"
2026,94085,570,"USA"
2027,94085,710,"USA"
2028,94085,870,"USA"
2029,94085,1040,"USA"
2030,94085,1160,"USA"
2018,94089,0,"USA"
2019,94089,0,"USA"
2020,94089,0,"USA"
2021,94089,0,"USA"
2022,94089,30,"USA"
2023,94089,105,"USA"
2024,94089,195,"USA"
2025,94089,300,"USA"
2026,94089,420,"USA"
2027,94089,555,"USA"
2028,94089,705,"USA"
2029,94089,855,"USA"
2030,94089,1020,"USA"
2018,94103,0,"USA"
2019,94103,0,"USA"
2020,94103,0,"USA"
2021,94103,0,"USA"
2022,94103,15,"USA"
2023,94103,52.5,"USA"
2024,94103,97.5,"USA"
2025,94103,150,"USA"
2026,94103,210,"USA"
2027,94103,277.5,"USA"
2028,94103,352.5,"USA"
2029,94103,427.5,"USA"
2030,94103,510,"USA"
2018,94104,0,"USA"
2019,94104,0,"USA"
2020,94104,0,"USA"
2021,94104,0,"USA"
2022,94104,15,"USA"
2023,94104,52.5,"USA"
2024,94104,97.5,"USA"
2025,94104,150,"USA"
2026,94104,210,"USA"
2027,94104,277.5,"USA"
2028,94104,352.5,"USA"
2029,94104,427.5,"USA"
2030,94104,510,"USA"
2018,94107,0,"USA"
2019,94107,0,"USA"
2020,94107,0,"USA"
2021,94107,528.776978417266,"USA"
2022,94107,528.776978417266,"USA"
2023,94107,517.985611510791,"USA"
2024,94107,528.776978417266,"USA"
2025,94107,517.985611510791,"USA"
2026,94107,528.776978417266,"USA"
2027,94107,517.985611510791,"USA"
2028,94107,528.776978417266,"USA"
2029,94107,517.985611510791,"USA"
2030,94107,517.985611510791,"USA"
2018,94124,40,"USA"
2019,94124,40,"USA"
2020,94124,40,"USA"
2021,94124,710,"USA"
2022,94124,1595,"USA"
2023,94124,2702.5,"USA"
2024,94124,4007.5,"USA"
2025,94124,5520,"USA"
2026,94124,7230,"USA"
2027,94124,9157.5,"USA"
2028,94124,11262.5,"USA"
2029,94124,13557.5,"USA"
2030,94124,16010,"USA"
2018,94518,0,"USA"
2019,94518,20,"USA"
2020,94518,50,"USA"
2021,94518,100,"USA"
2022,94518,160,"USA"
2023,94518,240,"USA"
2024,94518,340,"USA"
2025,94518,440,"USA"
2026,94518,570,"USA"
2027,94518,710,"USA"
2028,94518,870,"USA"
2029,94518,1040,"USA"
2030,94518,1160,"USA"
2018,94520,0,"USA"
2019,94520,60,"USA"
2020,94520,150,"USA"
2021,94520,300,"USA"
2022,94520,495,"USA"
2023,94520,772.5,"USA"
2024,94520,1117.5,"USA"
2025,94520,1470,"USA"
2026,94520,1920,"USA"
2027,94520,2407.5,"USA"
2028,94520,2962.5,"USA"
2029,94520,3547.5,"USA"
2030,94520,3990,"USA"
2018,94534,0,"USA"
2019,94534,0,"USA"
2020,94534,0,"USA"
2021,94534,0,"USA"
2022,94534,15,"USA"
2023,94534,52.5,"USA"
2024,94534,97.5,"USA"
2025,94534,150,"USA"
2026,94534,210,"USA"
2027,94534,277.5,"USA"
2028,94534,352.5,"USA"
2029,94534,427.5,"USA"
2030,94534,510,"USA"
2018,94538,0,"USA"
2019,94538,20,"USA"
2020,94538,50,"USA"
2021,94538,100,"USA"
2022,94538,160,"USA"
2023,94538,240,"USA"
2024,94538,340,"USA"
2025,94538,440,"USA"
2026,94538,570,"USA"
2027,94538,710,"USA"
2028,94538,870,"USA"
2029,94538,1040,"USA"
2030,94538,1160,"USA"
2018,94539,0,"USA"
2019,94539,20,"USA"
2020,94539,50,"USA"
2021,94539,100,"USA"
2022,94539,160,"USA"
2023,94539,240,"USA"
2024,94539,340,"USA"
2025,94539,440,"USA"
2026,94539,570,"USA"
2027,94539,710,"USA"
2028,94539,870,"USA"
2029,94539,1040,"USA"
2030,94539,1160,"USA"
2018,94544,0,"USA"
2019,94544,60,"USA"
2020,94544,150,"USA"
2021,94544,300,"USA"
2022,94544,480,"USA"
2023,94544,720,"USA"
2024,94544,1020,"USA"
2025,94544,1320,"USA"
2026,94544,1710,"USA"
2027,94544,2130,"USA"
2028,94544,2610,"USA"
2029,94544,3120,"USA"
2030,94544,3480,"USA"
2018,94545,0,"USA"
2019,94545,140,"USA"
2020,94545,350,"USA"
2021,94545,700,"USA"
2022,94545,1691.94244604317,"USA"
2023,94545,2737.55395683453,"USA"
2024,94545,3534.67625899281,"USA"
2025,94545,4277.84172661871,"USA"
2026,94545,5317.3381294964,"USA"
2027,94545,6426.8345323741,"USA"
2028,94545,7643.95683453237,"USA"
2029,94545,8812.37410071942,"USA"
2030,94545,9663.1654676259,"USA"
2018,94553,0,"USA"
2019,94553,0,"USA"
2020,94553,0,"USA"
2021,94553,0,"USA"
2022,94553,15,"USA"
2023,94553,52.5,"USA"
2024,94553,97.5,"USA"
2025,94553,150,"USA"
2026,94553,210,"USA"
2027,94553,277.5,"USA"
2028,94553,352.5,"USA"
2029,94553,427.5,"USA"
2030,94553,510,"USA"
2018,94558,0,"USA"
2019,94558,0,"USA"
2020,94558,0,"USA"
2021,94558,0,"USA"
2022,94558,15,"USA"
2023,94558,52.5,"USA"
2024,94558,97.5,"USA"
2025,94558,150,"USA"
2026,94558,210,"USA"
2027,94558,277.5,"USA"
2028,94558,352.5,"USA"
2029,94558,427.5,"USA"
2030,94558,510,"USA"
2018,94561,0,"USA"
2019,94561,0,"USA"
2020,94561,0,"USA"
2021,94561,0,"USA"
2022,94561,15,"USA"
2023,94561,52.5,"USA"
2024,94561,97.5,"USA"
2025,94561,150,"USA"
2026,94561,210,"USA"
2027,94561,277.5,"USA"
2028,94561,352.5,"USA"
2029,94561,427.5,"USA"
2030,94561,510,"USA"
2018,94577,0,"USA"
2019,94577,20,"USA"
2020,94577,50,"USA"
2021,94577,100,"USA"
2022,94577,160,"USA"
2023,94577,240,"USA"
2024,94577,340,"USA"
2025,94577,440,"USA"
2026,94577,570,"USA"
2027,94577,710,"USA"
2028,94577,870,"USA"
2029,94577,1040,"USA"
2030,94577,1160,"USA"
2018,94583,0,"USA"
2019,94583,0,"USA"
2020,94583,0,"USA"
2021,94583,0,"USA"
2022,94583,15,"USA"
2023,94583,52.5,"USA"
2024,94583,97.5,"USA"
2025,94583,150,"USA"
2026,94583,210,"USA"
2027,94583,277.5,"USA"
2028,94583,352.5,"USA"
2029,94583,427.5,"USA"
2030,94583,510,"USA"
2018,94588,0,"USA"
2019,94588,0,"USA"
2020,94588,0,"USA"
2021,94588,0,"USA"
2022,94588,15,"USA"
2023,94588,52.5,"USA"
2024,94588,97.5,"USA"
2025,94588,150,"USA"
2026,94588,210,"USA"
2027,94588,277.5,"USA"
2028,94588,352.5,"USA"
2029,94588,427.5,"USA"
2030,94588,510,"USA"
2018,94607,40,"USA"
2019,94607,40,"USA"
2020,94607,40,"USA"
2021,94607,710,"USA"
2022,94607,1580,"USA"
2023,94607,2650,"USA"
2024,94607,3910,"USA"
2025,94607,5370,"USA"
2026,94607,7020,"USA"
2027,94607,8880,"USA"
2028,94607,10910,"USA"
2029,94607,13130,"USA"
2030,94607,15500,"USA"
2018,94608,129.496402877698,"USA"
2019,94608,938.848920863309,"USA"
2020,94608,928.057553956835,"USA"
2021,94608,1564.74820143885,"USA"
2022,94608,1558.1654676259,"USA"
2023,94608,1595.6654676259,"USA"
2024,94608,1640.6654676259,"USA"
2025,94608,1703.95683453237,"USA"
2026,94608,1763.95683453237,"USA"
2027,94608,1820.6654676259,"USA"
2028,94608,1884.87410071942,"USA"
2029,94608,1949.08273381295,"USA"
2030,94608,2010,"USA"
2018,94621,0,"USA"
2019,94621,40,"USA"
2020,94621,1589.20863309353,"USA"
2021,94621,1753.95683453237,"USA"
2022,94621,1893.1654676259,"USA"
2023,94621,2138.95683453237,"USA"
2024,94621,2418.1654676259,"USA"
2025,94621,2733.95683453237,"USA"
2026,94621,3113.95683453237,"USA"
2027,94621,3518.1654676259,"USA"
2028,94621,3998.95683453237,"USA"
2029,94621,4405.79136690647,"USA"
2030,94621,4661.58273381295,"USA"
2018,94801,0,"USA"
2019,94801,40,"USA"
2020,94801,100,"USA"
2021,94801,1117.26618705036,"USA"
2022,94801,1863.1654676259,"USA"
2023,94801,2012.37410071942,"USA"
2024,94801,2223.1654676259,"USA"
2025,94801,2423.1654676259,"USA"
2026,94801,2683.1654676259,"USA"
2027,94801,2952.37410071942,"USA"
2028,94801,3272.37410071942,"USA"
2029,94801,3623.1654676259,"USA"
2030,94801,3841.58273381295,"USA"
2018,94804,40,"USA"
2019,94804,40,"USA"
2020,94804,40,"USA"
2021,94804,710,"USA"
2022,94804,1580,"USA"
2023,94804,2650,"USA"
2024,94804,3910,"USA"
2025,94804,5370,"USA"
2026,94804,7020,"USA"
2027,94804,8880,"USA"
2028,94804,10910,"USA"
2029,94804,13130,"USA"
2030,94804,15500,"USA"
2018,94806,0,"USA"
2019,94806,60,"USA"
2020,94806,150,"USA"
2021,94806,300,"USA"
2022,94806,495,"USA"
2023,94806,772.5,"USA"
2024,94806,1117.5,"USA"
2025,94806,1470,"USA"
2026,94806,1920,"USA"
2027,94806,2407.5,"USA"
2028,94806,2962.5,"USA"
2029,94806,3547.5,"USA"
2030,94806,3990,"USA"
2018,94901,0,"USA"
2019,94901,0,"USA"
2020,94901,0,"USA"
2021,94901,0,"USA"
2022,94901,547.985611510791,"USA"
2023,94901,622.985611510791,"USA"
2024,94901,702.194244604317,"USA"
2025,94901,817.985611510791,"USA"
2026,94901,927.194244604317,"USA"
2027,94901,1072.98561151079,"USA"
2028,94901,1212.19424460432,"USA"
2029,94901,1372.98561151079,"USA"
2030,94901,1527.19424460432,"USA"
2018,94945,0,"USA"
2019,94945,0,"USA"
2020,94945,0,"USA"
2021,94945,0,"USA"
2022,94945,0,"USA"
2023,94945,528.776978417266,"USA"
2024,94945,528.776978417266,"USA"
2025,94945,517.985611510791,"USA"
2026,94945,528.776978417266,"USA"
2027,94945,517.985611510791,"USA"
2028,94945,528.776978417266,"USA"
2029,94945,517.985611510791,"USA"
2030,94945,528.776978417266,"USA"
2018,94954,0,"USA"
2019,94954,0,"USA"
2020,94954,0,"USA"
2021,94954,0,"USA"
2022,94954,30,"USA"
2023,94954,105,"USA"
2024,94954,195,"USA"
2025,94954,300,"USA"
2026,94954,420,"USA"
2027,94954,555,"USA"
2028,94954,705,"USA"
2029,94954,855,"USA"
2030,94954,1020,"USA"
2018,95008,0,"USA"
2019,95008,20,"USA"
2020,95008,50,"USA"
2021,95008,100,"USA"
2022,95008,160,"USA"
2023,95008,240,"USA"
2024,95008,340,"USA"
2025,95008,440,"USA"
2026,95008,570,"USA"
2027,95008,710,"USA"
2028,95008,870,"USA"
2029,95008,1040,"USA"
2030,95008,1160,"USA"
2018,95014,0,"USA"
2019,95014,20,"USA"
2020,95014,50,"USA"
2021,95014,100,"USA"
2022,95014,160,"USA"
2023,95014,240,"USA"
2024,95014,340,"USA"
2025,95014,440,"USA"
2026,95014,570,"USA"
2027,95014,710,"USA"
2028,95014,870,"USA"
2029,95014,1040,"USA"
2030,95014,1160,"USA"
2018,95035,0,"USA"
2019,95035,80,"USA"
2020,95035,200,"USA"
2021,95035,400,"USA"
2022,95035,640,"USA"
2023,95035,960,"USA"
2024,95035,1360,"USA"
2025,95035,1760,"USA"
2026,95035,2280,"USA"
2027,95035,2840,"USA"
2028,95035,3480,"USA"
2029,95035,4160,"USA"
2030,95035,4640,"USA"
2018,95060,0,"USA"
2019,95060,0,"USA"
2020,95060,0,"USA"
2021,95060,0,"USA"
2022,95060,15,"USA"
2023,95060,74.0827338129496,"USA"
2024,95060,216.205035971223,"USA"
2025,95060,333.453237410072,"USA"
2026,95060,522.94964028777,"USA"
2027,95060,741.528776978417,"USA"
2028,95060,978.39928057554,"USA"
2029,95060,1236.85251798561,"USA"
2030,95060,1502.80575539568,"USA"
2018,95073,0,"USA"
2019,95073,0,"USA"
2020,95073,0,"USA"
2021,95073,0,"USA"
2022,95073,15,"USA"
2023,95073,52.5,"USA"
2024,95073,97.5,"USA"
2025,95073,150,"USA"
2026,95073,210,"USA"
2027,95073,277.5,"USA"
2028,95073,352.5,"USA"
2029,95073,427.5,"USA"
2030,95073,510,"USA"
2018,95112,0,"USA"
2019,95112,0,"USA"
2020,95112,0,"USA"
2021,95112,0,"USA"
2022,95112,15,"USA"
2023,95112,74.0827338129496,"USA"
2024,95112,216.205035971223,"USA"
2025,95112,333.453237410072,"USA"
2026,95112,522.94964028777,"USA"
2027,95112,741.528776978417,"USA"
2028,95112,978.39928057554,"USA"
2029,95112,1236.85251798561,"USA"
2030,95112,1502.80575539568,"USA"
2018,95131,0,"USA"
2019,95131,20,"USA"
2020,95131,50,"USA"
2021,95131,100,"USA"
2022,95131,175,"USA"
2023,95131,292.5,"USA"
2024,95131,437.5,"USA"
2025,95131,590,"USA"
2026,95131,780,"USA"
2027,95131,987.5,"USA"
2028,95131,1222.5,"USA"
2029,95131,1467.5,"USA"
2030,95131,1670,"USA"
2018,95133,0,"USA"
2019,95133,20,"USA"
2020,95133,50,"USA"
2021,95133,100,"USA"
2022,95133,160,"USA"
2023,95133,240,"USA"
2024,95133,340,"USA"
2025,95133,440,"USA"
2026,95133,570,"USA"
2027,95133,710,"USA"
2028,95133,870,"USA"
2029,95133,1040,"USA"
2030,95133,1160,"USA"
2018,95134,0,"USA"
2019,95134,0,"USA"
2020,95134,0,"USA"
2021,95134,0,"USA"
2022,95134,0,"USA"
2023,95134,21.5827338129496,"USA"
2024,95134,118.705035971223,"USA"
2025,95134,183.453237410072,"USA"
2026,95134,312.94964028777,"USA"
2027,95134,464.028776978417,"USA"
2028,95134,625.89928057554,"USA"
2029,95134,809.352517985611,"USA"
2030,95134,992.805755395683,"USA"
2018,95203,40,"USA"
2019,95203,40,"USA"
2020,95203,40,"USA"
2021,95203,710,"USA"
2022,95203,1580,"USA"
2023,95203,2650,"USA"
2024,95203,3910,"USA"
2025,95203,5370,"USA"
2026,95203,7020,"USA"
2027,95203,8880,"USA"
2028,95203,10910,"USA"
2029,95203,13130,"USA"
2030,95203,15500,"USA"
2018,95205,0,"USA"
2019,95205,60,"USA"
2020,95205,150,"USA"
2021,95205,300,"USA"
2022,95205,495,"USA"
2023,95205,772.5,"USA"
2024,95205,1117.5,"USA"
2025,95205,1470,"USA"
2026,95205,1920,"USA"
2027,95205,2407.5,"USA"
2028,95205,2962.5,"USA"
2029,95205,3547.5,"USA"
2030,95205,3990,"USA"
2018,95206,0,"USA"
2019,95206,40,"USA"
2020,95206,100,"USA"
2021,95206,200,"USA"
2022,95206,335,"USA"
2023,95206,532.5,"USA"
2024,95206,777.5,"USA"
2025,95206,1030,"USA"
2026,95206,1350,"USA"
2027,95206,1697.5,"USA"
2028,95206,2092.5,"USA"
2029,95206,2507.5,"USA"
2030,95206,2830,"USA"
2018,95215,0,"USA"
2019,95215,100,"USA"
2020,95215,250,"USA"
2021,95215,500,"USA"
2022,95215,800,"USA"
2023,95215,1200,"USA"
2024,95215,1700,"USA"
2025,95215,2200,"USA"
2026,95215,2850,"USA"
2027,95215,3550,"USA"
2028,95215,4350,"USA"
2029,95215,5200,"USA"
2030,95215,5800,"USA"
2018,95222,0,"USA"
2019,95222,0,"USA"
2020,95222,0,"USA"
2021,95222,0,"USA"
2022,95222,15,"USA"
2023,95222,52.5,"USA"
2024,95222,97.5,"USA"
2025,95222,150,"USA"
2026,95222,210,"USA"
2027,95222,277.5,"USA"
2028,95222,352.5,"USA"
2029,95222,427.5,"USA"
2030,95222,510,"USA"
2018,95240,0,"USA"
2019,95240,20,"USA"
2020,95240,50,"USA"
2021,95240,100,"USA"
2022,95240,160,"USA"
2023,95240,240,"USA"
2024,95240,340,"USA"
2025,95240,440,"USA"
2026,95240,570,"USA"
2027,95240,710,"USA"
2028,95240,870,"USA"
2029,95240,1040,"USA"
2030,95240,1160,"USA"
2018,95304,0,"USA"
2019,95304,60,"USA"
2020,95304,150,"USA"
2021,95304,300,"USA"
2022,95304,480,"USA"
2023,95304,720,"USA"
2024,95304,1020,"USA"
2025,95304,1320,"USA"
2026,95304,1710,"USA"
2027,95304,2130,"USA"
2028,95304,2610,"USA"
2029,95304,3120,"USA"
2030,95304,3480,"USA"
2018,95307,0,"USA"
2019,95307,0,"USA"
2020,95307,0,"USA"
2021,95307,0,"USA"
2022,95307,15,"USA"
2023,95307,52.5,"USA"
2024,95307,97.5,"USA"
2025,95307,150,"USA"
2026,95307,210,"USA"
2027,95307,277.5,"USA"
2028,95307,352.5,"USA"
2029,95307,427.5,"USA"
2030,95307,510,"USA"
2018,95330,0,"USA"
2019,95330,40,"USA"
2020,95330,100,"USA"
2021,95330,200,"USA"
2022,95330,320,"USA"
2023,95330,480,"USA"
2024,95330,680,"USA"
2025,95330,880,"USA"
2026,95330,1140,"USA"
2027,95330,1420,"USA"
2028,95330,1740,"USA"
2029,95330,2080,"USA"
2030,95330,2320,"USA"
2018,95336,0,"USA"
2019,95336,40,"USA"
2020,95336,100,"USA"
2021,95336,200,"USA"
2022,95336,320,"USA"
2023,95336,480,"USA"
2024,95336,680,"USA"
2025,95336,880,"USA"
2026,95336,1140,"USA"
2027,95336,1420,"USA"
2028,95336,1740,"USA"
2029,95336,2080,"USA"
2030,95336,2320,"USA"
2018,95337,0,"USA"
2019,95337,20,"USA"
2020,95337,50,"USA"
2021,95337,100,"USA"
2022,95337,160,"USA"
2023,95337,240,"USA"
2024,95337,340,"USA"
2025,95337,440,"USA"
2026,95337,570,"USA"
2027,95337,710,"USA"
2028,95337,870,"USA"
2029,95337,1040,"USA"
2030,95337,1160,"USA"
2018,95340,0,"USA"
2019,95340,0,"USA"
2020,95340,0,"USA"
2021,95340,0,"USA"
2022,95340,30,"USA"
2023,95340,105,"USA"
2024,95340,195,"USA"
2025,95340,300,"USA"
2026,95340,420,"USA"
2027,95340,555,"USA"
2028,95340,705,"USA"
2029,95340,855,"USA"
2030,95340,1020,"USA"
2018,95351,0,"USA"
2019,95351,0,"USA"
2020,95351,0,"USA"
2021,95351,0,"USA"
2022,95351,15,"USA"
2023,95351,52.5,"USA"
2024,95351,97.5,"USA"
2025,95351,150,"USA"
2026,95351,210,"USA"
2027,95351,277.5,"USA"
2028,95351,352.5,"USA"
2029,95351,427.5,"USA"
2030,95351,510,"USA"
2018,95360,0,"USA"
2019,95360,20,"USA"
2020,95360,50,"USA"
2021,95360,100,"USA"
2022,95360,160,"USA"
2023,95360,240,"USA"
2024,95360,340,"USA"
2025,95360,440,"USA"
2026,95360,570,"USA"
2027,95360,710,"USA"
2028,95360,870,"USA"
2029,95360,1040,"USA"
2030,95360,1160,"USA"
2018,95376,0,"USA"
2019,95376,20,"USA"
2020,95376,50,"USA"
2021,95376,100,"USA"
2022,95376,160,"USA"
2023,95376,240,"USA"
2024,95376,340,"USA"
2025,95376,440,"USA"
2026,95376,570,"USA"
2027,95376,710,"USA"
2028,95376,870,"USA"
2029,95376,1040,"USA"
2030,95376,1160,"USA"
2018,95391,0,"USA"
2019,95391,20,"USA"
2020,95391,50,"USA"
2021,95391,100,"USA"
2022,95391,160,"USA"
2023,95391,240,"USA"
2024,95391,340,"USA"
2025,95391,440,"USA"
2026,95391,570,"USA"
2027,95391,710,"USA"
2028,95391,870,"USA"
2029,95391,1040,"USA"
2030,95391,1160,"USA"
2018,95403,0,"USA"
2019,95403,0,"USA"
2020,95403,0,"USA"
2021,95403,0,"USA"
2022,95403,15,"USA"
2023,95403,74.0827338129496,"USA"
2024,95403,216.205035971223,"USA"
2025,95403,333.453237410072,"USA"
2026,95403,522.94964028777,"USA"
2027,95403,741.528776978417,"USA"
2028,95403,881.276978417266,"USA"
2029,95403,956.276978417266,"USA"
2030,95403,1027.98561151079,"USA"
2018,95437,0,"USA"
2019,95437,0,"USA"
2020,95437,0,"USA"
2021,95437,0,"USA"
2022,95437,15,"USA"
2023,95437,52.5,"USA"
2024,95437,97.5,"USA"
2025,95437,150,"USA"
2026,95437,210,"USA"
2027,95437,277.5,"USA"
2028,95437,352.5,"USA"
2029,95437,427.5,"USA"
2030,95437,510,"USA"
2018,95453,0,"USA"
2019,95453,0,"USA"
2020,95453,0,"USA"
2021,95453,0,"USA"
2022,95453,15,"USA"
2023,95453,52.5,"USA"
2024,95453,97.5,"USA"
2025,95453,150,"USA"
2026,95453,210,"USA"
2027,95453,277.5,"USA"
2028,95453,352.5,"USA"
2029,95453,427.5,"USA"
2030,95453,510,"USA"
2018,95482,0,"USA"
2019,95482,0,"USA"
2020,95482,0,"USA"
2021,95482,0,"USA"
2022,95482,30,"USA"
2023,95482,105,"USA"
2024,95482,195,"USA"
2025,95482,300,"USA"
2026,95482,420,"USA"
2027,95482,555,"USA"
2028,95482,705,"USA"
2029,95482,855,"USA"
2030,95482,1020,"USA"
2018,95501,0,"USA"
2019,95501,0,"USA"
2020,95501,0,"USA"
2021,95501,0,"USA"
2022,95501,30,"USA"
2023,95501,105,"USA"
2024,95501,195,"USA"
2025,95501,300,"USA"
2026,95501,420,"USA"
2027,95501,555,"USA"
2028,95501,705,"USA"
2029,95501,855,"USA"
2030,95501,1020,"USA"
2018,95531,0,"USA"
2019,95531,0,"USA"
2020,95531,0,"USA"
2021,95531,0,"USA"
2022,95531,15,"USA"
2023,95531,52.5,"USA"
2024,95531,97.5,"USA"
2025,95531,150,"USA"
2026,95531,210,"USA"
2027,95531,277.5,"USA"
2028,95531,352.5,"USA"
2029,95531,427.5,"USA"
2030,95531,510,"USA"
2018,95655,0,"USA"
2019,95655,20,"USA"
2020,95655,50,"USA"
2021,95655,100,"USA"
2022,95655,160,"USA"
2023,95655,240,"USA"
2024,95655,340,"USA"
2025,95655,440,"USA"
2026,95655,570,"USA"
2027,95655,710,"USA"
2028,95655,870,"USA"
2029,95655,1000,"USA"
2030,95655,960,"USA"
2018,95670,0,"USA"
2019,95670,0,"USA"
2020,95670,0,"USA"
2021,95670,0,"USA"
2022,95670,15,"USA"
2023,95670,52.5,"USA"
2024,95670,97.5,"USA"
2025,95670,150,"USA"
2026,95670,210,"USA"
2027,95670,277.5,"USA"
2028,95670,352.5,"USA"
2029,95670,427.5,"USA"
2030,95670,510,"USA"
2018,95677,0,"USA"
2019,95677,0,"USA"
2020,95677,0,"USA"
2021,95677,0,"USA"
2022,95677,15,"USA"
2023,95677,52.5,"USA"
2024,95677,97.5,"USA"
2025,95677,150,"USA"
2026,95677,210,"USA"
2027,95677,277.5,"USA"
2028,95677,352.5,"USA"
2029,95677,427.5,"USA"
2030,95677,510,"USA"
2018,95691,187.5,"USA"
2019,95691,1312.5,"USA"
2020,95691,2602.5,"USA"
2021,95691,2602.5,"USA"
2022,95691,2610,"USA"
2023,95691,2595,"USA"
2024,95691,2595,"USA"
2025,95691,2595,"USA"
2026,95691,2602.5,"USA"
2027,95691,2595,"USA"
2028,95691,2580,"USA"
2029,95691,2535,"USA"
2030,95691,2497.5,"USA"
2018,95765,0,"USA"
2019,95765,0,"USA"
2020,95765,0,"USA"
2021,95765,0,"USA"
2022,95765,15,"USA"
2023,95765,52.5,"USA"
2024,95765,97.5,"USA"
2025,95765,150,"USA"
2026,95765,210,"USA"
2027,95765,277.5,"USA"
2028,95765,352.5,"USA"
2029,95765,427.5,"USA"
2030,95765,510,"USA"
2018,95816,0,"USA"
2019,95816,0,"USA"
2020,95816,0,"USA"
2021,95816,0,"USA"
2022,95816,0,"USA"
2023,95816,21.5827338129496,"USA"
2024,95816,118.705035971223,"USA"
2025,95816,183.453237410072,"USA"
2026,95816,312.94964028777,"USA"
2027,95816,464.028776978417,"USA"
2028,95816,625.89928057554,"USA"
2029,95816,809.352517985611,"USA"
2030,95816,992.805755395683,"USA"
2018,95827,0,"USA"
2019,95827,0,"USA"
2020,95827,0,"USA"
2021,95827,0,"USA"
2022,95827,15,"USA"
2023,95827,52.5,"USA"
2024,95827,97.5,"USA"
2025,95827,150,"USA"
2026,95827,210,"USA"
2027,95827,277.5,"USA"
2028,95827,352.5,"USA"
2029,95827,427.5,"USA"
2030,95827,510,"USA"
2018,95837,0,"USA"
2019,95837,20,"USA"
2020,95837,50,"USA"
2021,95837,1577.5,"USA"
2022,95837,2770,"USA"
2023,95837,2835,"USA"
2024,95837,2942.5,"USA"
2025,95837,3035,"USA"
2026,95837,3172.5,"USA"
2027,95837,3305,"USA"
2028,95837,3472.5,"USA"
2029,95837,3595,"USA"
2030,95837,3532.5,"USA"
2018,95838,0,"USA"
2019,95838,0,"USA"
2020,95838,750,"USA"
2021,95838,2242.5,"USA"
2022,95838,2602.5,"USA"
2023,95838,2595,"USA"
2024,95838,2602.5,"USA"
2025,95838,2595,"USA"
2026,95838,2602.5,"USA"
2027,95838,2595,"USA"
2028,95838,2602.5,"USA"
2029,95838,2580,"USA"
2030,95838,2557.5,"USA"
2018,95901,0,"USA"
2019,95901,0,"USA"
2020,95901,0,"USA"
2021,95901,0,"USA"
2022,95901,15,"USA"
2023,95901,52.5,"USA"
2024,95901,97.5,"USA"
2025,95901,150,"USA"
2026,95901,210,"USA"
2027,95901,277.5,"USA"
2028,95901,352.5,"USA"
2029,95901,427.5,"USA"
2030,95901,510,"USA"
2018,95928,0,"USA"
2019,95928,0,"USA"
2020,95928,0,"USA"
2021,95928,0,"USA"
2022,95928,15,"USA"
2023,95928,52.5,"USA"
2024,95928,97.5,"USA"
2025,95928,150,"USA"
2026,95928,210,"USA"
2027,95928,277.5,"USA"
2028,95928,352.5,"USA"
2029,95928,427.5,"USA"
2030,95928,510,"USA"
2018,95945,0,"USA"
2019,95945,0,"USA"
2020,95945,0,"USA"
2021,95945,0,"USA"
2022,95945,30,"USA"
2023,95945,105,"USA"
2024,95945,195,"USA"
2025,95945,300,"USA"
2026,95945,420,"USA"
2027,95945,555,"USA"
2028,95945,705,"USA"
2029,95945,855,"USA"
2030,95945,1020,"USA"
2018,95971,0,"USA"
2019,95971,0,"USA"
2020,95971,0,"USA"
2021,95971,0,"USA"
2022,95971,15,"USA"
2023,95971,52.5,"USA"
2024,95971,97.5,"USA"
2025,95971,150,"USA"
2026,95971,210,"USA"
2027,95971,277.5,"USA"
2028,95971,352.5,"USA"
2029,95971,427.5,"USA"
2030,95971,510,"USA"
2018,95973,0,"USA"
2019,95973,0,"USA"
2020,95973,0,"USA"
2021,95973,0,"USA"
2022,95973,15,"USA"
2023,95973,52.5,"USA"
2024,95973,97.5,"USA"
2025,95973,150,"USA"
2026,95973,210,"USA"
2027,95973,277.5,"USA"
2028,95973,352.5,"USA"
2029,95973,427.5,"USA"
2030,95973,510,"USA"
2018,95991,0,"USA"
2019,95991,0,"USA"
2020,95991,0,"USA"
2021,95991,0,"USA"
2022,95991,15,"USA"
2023,95991,52.5,"USA"
2024,95991,97.5,"USA"
2025,95991,150,"USA"
2026,95991,210,"USA"
2027,95991,277.5,"USA"
2028,95991,352.5,"USA"
2029,95991,427.5,"USA"
2030,95991,510,"USA"
2018,96002,0,"USA"
2019,96002,0,"USA"
2020,96002,0,"USA"
2021,96002,0,"USA"
2022,96002,15,"USA"
2023,96002,52.5,"USA"
2024,96002,97.5,"USA"
2025,96002,150,"USA"
2026,96002,210,"USA"
2027,96002,277.5,"USA"
2028,96002,352.5,"USA"
2029,96002,427.5,"USA"
2030,96002,510,"USA"
2018,96007,0,"USA"
2019,96007,0,"USA"
2020,96007,0,"USA"
2021,96007,0,"USA"
2022,96007,15,"USA"
2023,96007,52.5,"USA"
2024,96007,97.5,"USA"
2025,96007,150,"USA"
2026,96007,210,"USA"
2027,96007,277.5,"USA"
2028,96007,352.5,"USA"
2029,96007,427.5,"USA"
2030,96007,510,"USA"
2018,96097,0,"USA"
2019,96097,0,"USA"
2020,96097,0,"USA"
2021,96097,0,"USA"
2022,96097,15,"USA"
2023,96097,52.5,"USA"
2024,96097,97.5,"USA"
2025,96097,150,"USA"
2026,96097,210,"USA"
2027,96097,277.5,"USA"
2028,96097,352.5,"USA"
2029,96097,427.5,"USA"
2030,96097,510,"USA"
2018,96130,0,"USA"
2019,96130,0,"USA"
2020,96130,0,"USA"
2021,96130,0,"USA"
2022,96130,15,"USA"
2023,96130,52.5,"USA"
2024,96130,97.5,"USA"
2025,96130,150,"USA"
2026,96130,210,"USA"
2027,96130,277.5,"USA"
2028,96130,352.5,"USA"
2029,96130,427.5,"USA"
2030,96130,510,"USA"
2018,96150,0,"USA"
2019,96150,0,"USA"
2020,96150,0,"USA"
2021,96150,0,"USA"
2022,96150,15,"USA"
2023,96150,52.5,"USA"
2024,96150,97.5,"USA"
2025,96150,150,"USA"
2026,96150,210,"USA"
2027,96150,277.5,"USA"
2028,96150,352.5,"USA"
2029,96150,427.5,"USA"
2030,96150,510,"USA"
